ISO-10303-21;
HEADER;
FILE_DESCRIPTION (( 'STEP AP203' ),
    '1' );
FILE_NAME ('底座^磁悬浮-下.STEP',
    '2025-07-23T13:32:47',
    ( '' ),
    ( '' ),
    'SwSTEP 2.0',
    'SolidWorks 2022',
    '' );
FILE_SCHEMA (( 'CONFIG_CONTROL_DESIGN' ));
ENDSEC;

DATA;
#1 = VERTEX_POINT ( 'NONE', #1172 ) ;
#2 = EDGE_CURVE ( 'NONE', #1050, #1669, #2163, .T. ) ;
#3 = CIRCLE ( 'NONE', #869, 49.99999999999999289 ) ;
#4 = CARTESIAN_POINT ( 'NONE',  ( -2.913682602885094841, 52.95769869083799364, 7.500000000000000000 ) ) ;
#5 = ORIENTED_EDGE ( 'NONE', *, *, #1255, .T. ) ;
#6 = LINE ( 'NONE', #1267, #436 ) ;
#7 = FACE_OUTER_BOUND ( 'NONE', #1100, .T. ) ;
#8 = VERTEX_POINT ( 'NONE', #562 ) ;
#9 = CARTESIAN_POINT ( 'NONE',  ( 52.99842878151299885, 53.00157121848699404, 5.399999899612998533 ) ) ;
#10 = CC_DESIGN_SECURITY_CLASSIFICATION ( #375, ( #1733 ) ) ;
#11 = ADVANCED_FACE ( 'NONE', ( #403 ), #574, .F. ) ;
#12 = CIRCLE ( 'NONE', #272, 2.956992594712514855 ) ;
#13 = CARTESIAN_POINT ( 'NONE',  ( 50.28184470845025800, 0.04330999182740033482, 0.000000000000000000 ) ) ;
#14 = ORIENTED_EDGE ( 'NONE', *, *, #158, .F. ) ;
#15 = EDGE_CURVE ( 'NONE', #416, #913, #1773, .T. ) ;
#16 = DIRECTION ( 'NONE',  ( -0.000000000000000000, -0.000000000000000000, -1.000000000000000000 ) ) ;
#17 = CARTESIAN_POINT ( 'NONE',  ( 85.14454308482660849, 92.85183202407483805, 0.000000000000000000 ) ) ;
#18 = VERTEX_POINT ( 'NONE', #414 ) ;
#19 = DIRECTION ( 'NONE',  ( -1.000000000000000000, 0.000000000000000000, -0.000000000000000000 ) ) ;
#20 = ORIENTED_EDGE ( 'NONE', *, *, #2217, .F. ) ;
#21 = CARTESIAN_POINT ( 'NONE',  ( 0.000000000000000000, 0.000000000000000000, 7.500000000000000000 ) ) ;
#22 = ORIENTED_EDGE ( 'NONE', *, *, #864, .T. ) ;
#23 = ORIENTED_EDGE ( 'NONE', *, *, #2140, .T. ) ;
#24 = EDGE_CURVE ( 'NONE', #891, #552, #1494, .T. ) ;
#25 = AXIS2_PLACEMENT_3D ( 'NONE', #2066, #1908, #1234 ) ;
#26 = DIRECTION ( 'NONE',  ( 1.000000000000000000, 0.000000000000000000, 0.000000000000000000 ) ) ;
#27 = DIRECTION ( 'NONE',  ( -0.000000000000000000, -0.000000000000000000, 1.000000000000000000 ) ) ;
#28 = AXIS2_PLACEMENT_3D ( 'NONE', #1201, #1027, #2292 ) ;
#29 = DATE_AND_TIME ( #236, #1881 ) ;
#30 = CARTESIAN_POINT ( 'NONE',  ( 86.85781877477306523, 93.72186461667003243, 5.248887099341009055 ) ) ;
#31 = EDGE_LOOP ( 'NONE', ( #2003, #577, #830, #801, #1203 ) ) ;
#32 = AXIS2_PLACEMENT_3D ( 'NONE', #1415, #921, #1630 ) ;
#33 = DIRECTION ( 'NONE',  ( -0.000000000000000000, 0.000000000000000000, 1.000000000000000000 ) ) ;
#34 = CARTESIAN_POINT ( 'NONE',  ( 83.76568483159798006, 89.77591751222378491, 5.399999899612998533 ) ) ;
#35 = VERTEX_POINT ( 'NONE', #1468 ) ;
#36 = VERTEX_POINT ( 'NONE', #1304 ) ;
#37 = VECTOR ( 'NONE', #1338, 1000.000000000000000 ) ;
#38 = DIRECTION ( 'NONE',  ( -1.000000000000000000, 0.000000000000000000, 0.000000000000000000 ) ) ;
#39 = LINE ( 'NONE', #62, #639 ) ;
#40 = EDGE_LOOP ( 'NONE', ( #1337, #888, #810, #1638 ) ) ;
#41 = FACE_OUTER_BOUND ( 'NONE', #1422, .T. ) ;
#42 = DIRECTION ( 'NONE',  ( 1.000000000000000000, 0.000000000000000000, 0.000000000000000000 ) ) ;
#43 = EDGE_CURVE ( 'NONE', #891, #636, #1317, .T. ) ;
#44 = EDGE_LOOP ( 'NONE', ( #258, #1886, #2177, #147, #1995, #113, #1491, #748, #1770, #1876, #1347, #1948, #1019 ) ) ;
#45 = CC_DESIGN_APPROVAL ( #2213, ( #738 ) ) ;
#46 = CARTESIAN_POINT ( 'NONE',  ( 83.51819750939208120, 93.48822811396013321, 3.899999919690999128 ) ) ;
#47 = CYLINDRICAL_SURFACE ( 'NONE', #2303, 2.960456600711792952 ) ;
#48 = CARTESIAN_POINT ( 'NONE',  ( 0.04330999182739999481, 52.95769869083799364, 7.500000000000000000 ) ) ;
#49 = ORIENTED_EDGE ( 'NONE', *, *, #2161, .T. ) ;
#50 = AXIS2_PLACEMENT_3D ( 'NONE', #1134, #1503, #1850 ) ;
#51 = DIRECTION ( 'NONE',  ( 1.000000000000000000, 0.000000000000000000, 0.000000000000000000 ) ) ;
#52 = DIRECTION ( 'NONE',  ( 0.7071069003960324117, 0.7071066619770425277, 0.000000000000000000 ) ) ;
#53 = AXIS2_PLACEMENT_3D ( 'NONE', #1653, #374, #1810 ) ;
#54 = CARTESIAN_POINT ( 'NONE',  ( 55.99807190171697613, 0.1283123998628843410, 7.500000000000000000 ) ) ;
#55 = CARTESIAN_POINT ( 'NONE',  ( -2.913682602885095729, 52.95769869083799364, 0.000000000000000000 ) ) ;
#56 = ORIENTED_EDGE ( 'NONE', *, *, #665, .F. ) ;
#57 = VERTEX_POINT ( 'NONE', #391 ) ;
#58 = ADVANCED_FACE ( 'NONE', ( #2027 ), #1149, .T. ) ;
#59 = PLANE ( 'NONE',  #1944 ) ;
#60 = ORIENTED_EDGE ( 'NONE', *, *, #1768, .T. ) ;
#61 = DIRECTION ( 'NONE',  ( 1.000000000000000000, 0.000000000000000000, 0.000000000000000000 ) ) ;
#62 = CARTESIAN_POINT ( 'NONE',  ( 3.711951845638657321, -3.711953097217602693, 0.000000000000000000 ) ) ;
#63 = VERTEX_POINT ( 'NONE', #972 ) ;
#64 = AXIS2_PLACEMENT_3D ( 'NONE', #368, #2002, #2151 ) ;
#65 = CARTESIAN_POINT ( 'NONE',  ( 84.98133074441487622, 91.43482798937688472, 5.368937086787871849 ) ) ;
#66 = DIRECTION ( 'NONE',  ( 0.000000000000000000, -0.000000000000000000, -1.000000000000000000 ) ) ;
#67 = AXIS2_PLACEMENT_3D ( 'NONE', #1586, #462, #866 ) ;
#68 = VERTEX_POINT ( 'NONE', #1855 ) ;
#69 = CIRCLE ( 'NONE', #1043, 2.200000000000000622 ) ;
#70 = EDGE_LOOP ( 'NONE', ( #1261, #2170 ) ) ;
#71 = CIRCLE ( 'NONE', #1761, 2.860456600711796860 ) ;
#72 = CARTESIAN_POINT ( 'NONE',  ( 0.000000000000000000, 0.000000000000000000, 5.500000000000000000 ) ) ;
#73 = ORIENTED_EDGE ( 'NONE', *, *, #1033, .F. ) ;
#74 = ORIENTED_EDGE ( 'NONE', *, *, #1956, .F. ) ;
#75 = EDGE_CURVE ( 'NONE', #1669, #588, #1841, .T. ) ;
#76 = DIRECTION ( 'NONE',  ( -1.000000000000000000, 0.000000000000000000, 0.000000000000000000 ) ) ;
#77 = DIRECTION ( 'NONE',  ( -0.000000000000000000, 0.000000000000000000, 1.000000000000000000 ) ) ;
#78 = ORIENTED_EDGE ( 'NONE', *, *, #1410, .T. ) ;
#79 = PLANE ( 'NONE',  #2252 ) ;
#80 = CYLINDRICAL_SURFACE ( 'NONE', #50, 1.199999999999999734 ) ;
#81 = ORIENTED_EDGE ( 'NONE', *, *, #2, .T. ) ;
#82 = DIRECTION ( 'NONE',  ( 1.000000000000000000, 0.000000000000000000, 0.000000000000000000 ) ) ;
#83 = EDGE_CURVE ( 'NONE', #1854, #57, #550, .T. ) ;
#84 = LOCAL_TIME ( 21, 32, 47.00000000000000000, #556 ) ;
#85 = VERTEX_POINT ( 'NONE', #586 ) ;
#86 = CARTESIAN_POINT ( 'NONE',  ( 93.34698163301577267, 84.64939347588567387, 0.000000000000000000 ) ) ;
#87 = EDGE_CURVE ( 'NONE', #1445, #961, #3, .T. ) ;
#88 = CARTESIAN_POINT ( 'NONE',  ( 0.04330999182739999481, 52.95769869083799364, 6.499999999999999112 ) ) ;
#89 = CARTESIAN_POINT ( 'NONE',  ( 105.9601459312399925, 53.03888764915900111, 7.500000000000000000 ) ) ;
#90 = DIRECTION ( 'NONE',  ( -0.000000000000000000, 0.000000000000000000, 1.000000000000000000 ) ) ;
#91 = EDGE_LOOP ( 'NONE', ( #1478, #1540, #994, #644 ) ) ;
#92 = ORIENTED_EDGE ( 'NONE', *, *, #894, .T. ) ;
#93 = LINE ( 'NONE', #1389, #1274 ) ;
#94 = FACE_OUTER_BOUND ( 'NONE', #2198, .T. ) ;
#95 = EDGE_CURVE ( 'NONE', #412, #1736, #2049, .T. ) ;
#96 = CARTESIAN_POINT ( 'NONE',  ( 103.0996893305282072, 53.03888764915900111, -1.600000000000000755 ) ) ;
#97 = CARTESIAN_POINT ( 'NONE',  ( 93.87805499111472329, 86.66815986606492572, 4.805289379695665275 ) ) ;
#98 = EDGE_LOOP ( 'NONE', ( #287, #1660, #2287, #1637, #319, #1867, #1775, #2072, #1182, #1356, #1334, #1190, #1485, #1391, #2242, #1028, #252, #1594, #1136, #1359, #1888, #1220, #729 ) ) ;
#99 = EDGE_CURVE ( 'NONE', #1785, #2019, #800, .T. ) ;
#100 = ORIENTED_EDGE ( 'NONE', *, *, #1481, .T. ) ;
#101 = CARTESIAN_POINT ( 'NONE',  ( 83.51819750939208120, 93.48822811396013321, 0.000000000000000000 ) ) ;
#102 = ORIENTED_EDGE ( 'NONE', *, *, #15, .T. ) ;
#103 = VECTOR ( 'NONE', #1470, 1000.000000000000000 ) ;
#104 = DIRECTION ( 'NONE',  ( 0.000000000000000000, -0.000000000000000000, -1.000000000000000000 ) ) ;
#105 = EDGE_LOOP ( 'NONE', ( #1647, #1339, #311, #1732 ) ) ;
#106 = FACE_OUTER_BOUND ( 'NONE', #522, .T. ) ;
#107 = CARTESIAN_POINT ( 'NONE',  ( 105.9601459312399925, 53.03888764915900111, 7.500000000000000000 ) ) ;
#108 = DIRECTION ( 'NONE',  ( -0.000000000000000000, 0.000000000000000000, 1.000000000000000000 ) ) ;
#109 = DIRECTION ( 'NONE',  ( -0.000000000000000000, 0.000000000000000000, 1.000000000000000000 ) ) ;
#110 = ORIENTED_EDGE ( 'NONE', *, *, #2192, .T. ) ;
#111 = CARTESIAN_POINT ( 'NONE',  ( 2.998885877003413913, 52.78777379076829845, 0.000000000000000000 ) ) ;
#112 = EDGE_CURVE ( 'NONE', #1388, #1937, #981, .T. ) ;
#113 = ORIENTED_EDGE ( 'NONE', *, *, #1184, .F. ) ;
#114 = ORIENTED_EDGE ( 'NONE', *, *, #1393, .F. ) ;
#115 = DIRECTION ( 'NONE',  ( 0.000000000000000000, 0.000000000000000000, -1.000000000000000000 ) ) ;
#116 = CARTESIAN_POINT ( 'NONE',  ( 53.04230130916199215, 0.04330999182739999481, 0.000000000000000000 ) ) ;
#117 = CIRCLE ( 'NONE', #2065, 49.99999999999999289 ) ;
#118 = DIRECTION ( 'NONE',  ( -0.000000000000000000, -0.000000000000000000, 1.000000000000000000 ) ) ;
#119 = LINE ( 'NONE', #751, #759 ) ;
#120 = ORIENTED_EDGE ( 'NONE', *, *, #1821, .F. ) ;
#121 = VECTOR ( 'NONE', #1157, 1000.000000000000114 ) ;
#122 = CARTESIAN_POINT ( 'NONE',  ( 21.55218131218314426, 14.12827035404193943, 4.649998006364000069 ) ) ;
#123 = ORIENTED_EDGE ( 'NONE', *, *, #2099, .T. ) ;
#124 = ADVANCED_FACE ( 'NONE', ( #1928 ), #2241, .F. ) ;
#125 = CARTESIAN_POINT ( 'NONE',  ( 53.13875616732793361, 103.0013743003471092, 7.500000000000000000 ) ) ;
#126 = VERTEX_POINT ( 'NONE', #1400 ) ;
#127 = DIRECTION ( 'NONE',  ( -0.000000000000000000, 0.000000000000000000, 1.000000000000000000 ) ) ;
#128 = CARTESIAN_POINT ( 'NONE',  ( 55.89934424987080064, 105.9601459312399925, 0.000000000000000000 ) ) ;
#129 = CARTESIAN_POINT ( 'NONE',  ( 50.17843104844720870, 105.9601459312399925, 0.000000000000000000 ) ) ;
#130 = DIRECTION ( 'NONE',  ( 1.000000000000000000, 0.000000000000000000, 0.000000000000000000 ) ) ;
#131 = EDGE_LOOP ( 'NONE', ( #1613, #1939, #736, #1559 ) ) ;
#132 = CARTESIAN_POINT ( 'NONE',  ( 53.04230130916199215, 0.04330999182739999481, 7.500000000000000000 ) ) ;
#133 = EDGE_LOOP ( 'NONE', ( #2123, #1202, #1109, #798 ) ) ;
#134 = VECTOR ( 'NONE', #615, 1000.000000000000000 ) ;
#135 = AXIS2_PLACEMENT_3D ( 'NONE', #2160, #1081, #19 ) ;
#136 = EDGE_CURVE ( 'NONE', #1336, #961, #1029, .T. ) ;
#137 = VERTEX_POINT ( 'NONE', #675 ) ;
#138 = VECTOR ( 'NONE', #2256, 1000.000000000000000 ) ;
#139 = DIRECTION ( 'NONE',  ( 0.000000000000000000, 0.000000000000000000, -1.000000000000000000 ) ) ;
#140 = CARTESIAN_POINT ( 'NONE',  ( 53.04230130916199215, 0.04330999182739999481, 0.000000000000000000 ) ) ;
#141 = DIRECTION ( 'NONE',  ( 0.000000000000000000, 0.000000000000000000, -1.000000000000000000 ) ) ;
#142 = EDGE_LOOP ( 'NONE', ( #1930, #980, #879, #1139 ) ) ;
#143 = ADVANCED_FACE ( 'NONE', ( #2103 ), #1506, .F. ) ;
#144 = AXIS2_PLACEMENT_3D ( 'NONE', #2157, #1783, #350 ) ;
#145 = DIRECTION ( 'NONE',  ( 1.000000000000000000, 0.000000000000000000, 0.000000000000000000 ) ) ;
#146 = DIRECTION ( 'NONE',  ( -0.000000000000000000, -0.000000000000000000, 1.000000000000000000 ) ) ;
#147 = ORIENTED_EDGE ( 'NONE', *, *, #1242, .F. ) ;
#148 = VECTOR ( 'NONE', #975, 1000.000000000000000 ) ;
#149 = CARTESIAN_POINT ( 'NONE',  ( 53.13875616732580909, 103.0013743003470665, 0.000000000000000000 ) ) ;
#150 = ORIENTED_EDGE ( 'NONE', *, *, #338, .T. ) ;
#151 = DIRECTION ( 'NONE',  ( -0.000000000000000000, -0.000000000000000000, 1.000000000000000000 ) ) ;
#152 = VERTEX_POINT ( 'NONE', #1442 ) ;
#153 = DIRECTION ( 'NONE',  ( -1.000000000000000000, 0.000000000000000000, 0.000000000000000000 ) ) ;
#154 = ADVANCED_FACE ( 'NONE', ( #1591 ), #2144, .T. ) ;
#155 = CARTESIAN_POINT ( 'NONE',  ( 103.0996893305282072, 53.03888764915900111, 7.500000000000000000 ) ) ;
#156 = APPROVAL_DATE_TIME ( #1061, #2213 ) ;
#157 = ORIENTED_EDGE ( 'NONE', *, *, #958, .T. ) ;
#158 = EDGE_CURVE ( 'NONE', #357, #2119, #1693, .T. ) ;
#159 = FACE_OUTER_BOUND ( 'NONE', #910, .T. ) ;
#160 = DIRECTION ( 'NONE',  ( -1.000000000000000000, 0.000000000000000000, 0.000000000000000000 ) ) ;
#161 = CARTESIAN_POINT ( 'NONE',  ( 50.83888764915900538, 105.9601459312399925, 7.500000000000000000 ) ) ;
#162 = VERTEX_POINT ( 'NONE', #194 ) ;
#163 = CIRCLE ( 'NONE', #683, 52.95827939944611984 ) ;
#164 = VECTOR ( 'NONE', #1103, 1000.000000000000000 ) ;
#165 = ORIENTED_EDGE ( 'NONE', *, *, #983, .F. ) ;
#166 = DIRECTION ( 'NONE',  ( 0.000000000000000000, 0.000000000000000000, 1.000000000000000000 ) ) ;
#167 = ORIENTED_EDGE ( 'NONE', *, *, #1158, .F. ) ;
#168 = DIRECTION ( 'NONE',  ( 1.000000000000000000, 0.000000000000000000, 0.000000000000000000 ) ) ;
#169 = CARTESIAN_POINT ( 'NONE',  ( 84.01317225216668305, 92.99325337118551715, 0.000000000000000000 ) ) ;
#170 = ORIENTED_EDGE ( 'NONE', *, *, #1423, .T. ) ;
#171 = ADVANCED_FACE ( 'NONE', ( #1985 ), #2153, .F. ) ;
#172 = FACE_OUTER_BOUND ( 'NONE', #317, .T. ) ;
#173 = EDGE_LOOP ( 'NONE', ( #1781, #1042 ) ) ;
#174 = ADVANCED_FACE ( 'NONE', ( #1433 ), #1798, .F. ) ;
#175 = ORIENTED_EDGE ( 'NONE', *, *, #1435, .T. ) ;
#176 = CIRCLE ( 'NONE', #1306, 2.199999999999993516 ) ;
#177 = DIRECTION ( 'NONE',  ( 1.000000000000000000, 0.000000000000000000, 0.000000000000000000 ) ) ;
#178 = AXIS2_PLACEMENT_3D ( 'NONE', #1895, #1369, #145 ) ;
#179 = VERTEX_POINT ( 'NONE', #1469 ) ;
#180 = AXIS2_PLACEMENT_3D ( 'NONE', #1658, #1649, #230 ) ;
#181 = DIRECTION ( 'NONE',  ( 0.000000000000000000, 0.000000000000000000, 1.000000000000000000 ) ) ;
#182 = LINE ( 'NONE', #890, #164 ) ;
#183 = CARTESIAN_POINT ( 'NONE',  ( 0.04330999182739999481, 52.95769869083799364, 0.000000000000000000 ) ) ;
#184 = EDGE_CURVE ( 'NONE', #2189, #1905, #2167, .T. ) ;
#185 = CARTESIAN_POINT ( 'NONE',  ( 52.99842878151299885, 53.00157121848699404, 0.000000000000000000 ) ) ;
#186 = CARTESIAN_POINT ( 'NONE',  ( 52.99842878151299885, 53.00157121848699404, 7.500000000000000000 ) ) ;
#187 = ORIENTED_EDGE ( 'NONE', *, *, #349, .T. ) ;
#188 = DIRECTION ( 'NONE',  ( -0.000000000000000000, -0.000000000000000000, -1.000000000000000000 ) ) ;
#189 = CARTESIAN_POINT ( 'NONE',  ( -4.985015302284031335, 4.985015302284031335, 0.000000000000000000 ) ) ;
#190 = ORIENTED_EDGE ( 'NONE', *, *, #1806, .T. ) ;
#191 = PERSON_AND_ORGANIZATION ( #1514, #754 ) ;
#192 = FACE_OUTER_BOUND ( 'NONE', #920, .T. ) ;
#193 = EDGE_CURVE ( 'NONE', #1383, #2093, #1348, .T. ) ;
#194 = CARTESIAN_POINT ( 'NONE',  ( 52.92954896145782584, 3.001618662805613624, 0.000000000000000000 ) ) ;
#195 = VECTOR ( 'NONE', #1796, 1000.000000000000000 ) ;
#196 = DIRECTION ( 'NONE',  ( 0.000000000000000000, 0.000000000000000000, 1.000000000000000000 ) ) ;
#197 = ORIENTED_EDGE ( 'NONE', *, *, #1725, .T. ) ;
#198 = ADVANCED_FACE ( 'NONE', ( #1963 ), #47, .T. ) ;
#199 = CARTESIAN_POINT ( 'NONE',  ( 93.97492757542569564, 86.55013159806620138, 0.000000000000000000 ) ) ;
#200 = CARTESIAN_POINT ( 'NONE',  ( 55.80275790987373341, 0.04330999182739999481, -1.600000000000000089 ) ) ;
#201 = APPROVAL_STATUS ( 'not_yet_approved' ) ;
#202 = LINE ( 'NONE', #1972, #841 ) ;
#203 = ORIENTED_EDGE ( 'NONE', *, *, #1113, .F. ) ;
#204 = AXIS2_PLACEMENT_3D ( 'NONE', #2182, #1186, #2075 ) ;
#205 = PLANE ( 'NONE',  #1237 ) ;
#206 = ORIENTED_EDGE ( 'NONE', *, *, #1324, .T. ) ;
#207 = CIRCLE ( 'NONE', #509, 2.200000000000000622 ) ;
#208 = LINE ( 'NONE', #1836, #148 ) ;
#209 = ADVANCED_FACE ( 'NONE', ( #487 ), #2116, .T. ) ;
#210 = CARTESIAN_POINT ( 'NONE',  ( 105.9566950353780612, 53.03888521768355702, 6.499999999999999112 ) ) ;
#211 = CIRCLE ( 'NONE', #2081, 1.199999999999999956 ) ;
#212 = DIRECTION ( 'NONE',  ( -0.000000000000000000, -0.000000000000000000, 1.000000000000000000 ) ) ;
#213 = CARTESIAN_POINT ( 'NONE',  ( 2.998465205826569946, 53.06192376631403107, 5.500000000000000000 ) ) ;
#214 = ORIENTED_EDGE ( 'NONE', *, *, #1431, .T. ) ;
#215 = ORIENTED_EDGE ( 'NONE', *, *, #334, .F. ) ;
#216 = DIRECTION ( 'NONE',  ( -0.000000000000000000, 0.000000000000000000, 1.000000000000000000 ) ) ;
#217 = CARTESIAN_POINT ( 'NONE',  ( 53.00258253555961829, 102.9991281261856955, 0.000000000000000000 ) ) ;
#218 = EDGE_LOOP ( 'NONE', ( #170, #2057, #1373, #1987 ) ) ;
#219 = VERTEX_POINT ( 'NONE', #1917 ) ;
#220 = VECTOR ( 'NONE', #760, 1000.000000000000114 ) ;
#221 = DIRECTION ( 'NONE',  ( -1.000000000000000000, 0.000000000000000000, 0.000000000000000000 ) ) ;
#222 = CARTESIAN_POINT ( 'NONE',  ( 53.03888764915900111, 105.9601459312399925, -1.600000000000000755 ) ) ;
#223 = EDGE_CURVE ( 'NONE', #1726, #1760, #1034, .T. ) ;
#224 = CARTESIAN_POINT ( 'NONE',  ( 84.48063955850003026, 91.84591194068867992, 4.939197279692689513 ) ) ;
#225 = DIRECTION ( 'NONE',  ( -1.000000000000000000, 0.000000000000000000, 0.000000000000000000 ) ) ;
#226 = ORIENTED_EDGE ( 'NONE', *, *, #651, .T. ) ;
#227 = ORIENTED_EDGE ( 'NONE', *, *, #1907, .T. ) ;
#228 = AXIS2_PLACEMENT_3D ( 'NONE', #1036, #503, #1232 ) ;
#229 = DIRECTION ( 'NONE',  ( -0.000000000000000000, 0.000000000000000000, 1.000000000000000000 ) ) ;
#230 = DIRECTION ( 'NONE',  ( 1.000000000000000000, 0.000000000000000000, 0.000000000000000000 ) ) ;
#231 = CIRCLE ( 'NONE', #600, 49.99999999999999289 ) ;
#232 = AXIS2_PLACEMENT_3D ( 'NONE', #275, #66, #990 ) ;
#233 = LINE ( 'NONE', #1472, #2202 ) ;
#234 = CARTESIAN_POINT ( 'NONE',  ( 1.243309991827399985, 52.95769869083799364, 6.499999999999999112 ) ) ;
#235 = CIRCLE ( 'NONE', #843, 1.200000000000006617 ) ;
#236 = CALENDAR_DATE ( 2025, 23, 7 ) ;
#237 = DIRECTION ( 'NONE',  ( -1.000000000000000000, 0.000000000000000000, 0.000000000000000000 ) ) ;
#238 = FACE_OUTER_BOUND ( 'NONE', #1582, .T. ) ;
#239 = EDGE_CURVE ( 'NONE', #2209, #1924, #473, .T. ) ;
#240 = ORIENTED_EDGE ( 'NONE', *, *, #136, .F. ) ;
#241 = ORIENTED_EDGE ( 'NONE', *, *, #24, .T. ) ;
#242 = ADVANCED_FACE ( 'NONE', ( #1752, #298, #1007 ), #664, .T. ) ;
#243 = ORIENTED_EDGE ( 'NONE', *, *, #1585, .T. ) ;
#244 = ORIENTED_EDGE ( 'NONE', *, *, #1821, .T. ) ;
#245 = FACE_BOUND ( 'NONE', #607, .T. ) ;
#246 = DIRECTION ( 'NONE',  ( -1.000000000000000000, 0.000000000000000000, 0.000000000000000000 ) ) ;
#247 = AXIS2_PLACEMENT_3D ( 'NONE', #249, #1700, #1313 ) ;
#248 = CIRCLE ( 'NONE', #180, 2.960456600711792952 ) ;
#249 = CARTESIAN_POINT ( 'NONE',  ( 83.37677615822542521, 92.35685727724424510, 3.899999919690999128 ) ) ;
#250 = DIRECTION ( 'NONE',  ( -0.7071067811865474617, 0.7071067811865476838, 0.000000000000000000 ) ) ;
#251 = CIRCLE ( 'NONE', #1570, 2.860456600711734687 ) ;
#252 = ORIENTED_EDGE ( 'NONE', *, *, #461, .F. ) ;
#253 = ADVANCED_FACE ( 'NONE', ( #1578 ), #2270, .T. ) ;
#254 = VECTOR ( 'NONE', #676, 1000.000000000000114 ) ;
#255 = VECTOR ( 'NONE', #2223, 1000.000000000000000 ) ;
#256 = DIRECTION ( 'NONE',  ( 1.000000000000000000, 0.000000000000000000, 0.000000000000000000 ) ) ;
#257 = ADVANCED_FACE ( 'NONE', ( #459 ), #1010, .T. ) ;
#258 = ORIENTED_EDGE ( 'NONE', *, *, #547, .F. ) ;
#259 = LINE ( 'NONE', #2200, #2092 ) ;
#260 = LINE ( 'NONE', #1697, #540 ) ;
#261 = DIRECTION ( 'NONE',  ( 0.7071067811865474617, -0.7071067811865474617, 0.000000000000000000 ) ) ;
#262 = VECTOR ( 'NONE', #1329, 1000.000000000000000 ) ;
#263 = DIRECTION ( 'NONE',  ( 1.000000000000000000, 0.000000000000000000, 0.000000000000000000 ) ) ;
#264 = ORIENTED_EDGE ( 'NONE', *, *, #867, .F. ) ;
#265 = CLOSED_SHELL ( 'NONE', ( #591, #1636, #897, #58, #1993, #1080, #1579, #1526, #1346, #907, #667, #1110, #795, #1210, #1142, #1618, #306, #253, #1892, #756, #268, #171, #198, #174, #11, #354, #2044, #1786, #1552, #271, #1270, #2126, #1615, #424, #1295, #293, #1030, #1308, #1130, #154, #724, #1282, #124, #1320, #1364, #257, #369, #209, #620, #1568, #1466, #1695, #1376, #689, #143, #420, #806, #242, #1751, #821, #803, #971, #932, #1450, #741, #447 ) ) ;
#266 = DIRECTION ( 'NONE',  ( -0.000000000000000000, -0.000000000000000000, -1.000000000000000000 ) ) ;
#267 = VECTOR ( 'NONE', #988, 1000.000000000000000 ) ;
#268 = ADVANCED_FACE ( 'NONE', ( #1556 ), #703, .F. ) ;
#269 = FACE_OUTER_BOUND ( 'NONE', #70, .T. ) ;
#270 = CARTESIAN_POINT ( 'NONE',  ( 51.83888764915900538, 105.9601459312399925, 7.500000000000000000 ) ) ;
#271 = ADVANCED_FACE ( 'NONE', ( #2246 ), #1583, .F. ) ;
#272 = AXIS2_PLACEMENT_3D ( 'NONE', #464, #878, #1199 ) ;
#273 = FACE_BOUND ( 'NONE', #799, .T. ) ;
#274 = VECTOR ( 'NONE', #2148, 1000.000000000000000 ) ;
#275 = CARTESIAN_POINT ( 'NONE',  ( 52.99842878151299885, 53.00157121848699404, 5.500000000000000000 ) ) ;
#276 = EDGE_LOOP ( 'NONE', ( #1724, #74, #352, #466 ) ) ;
#277 = CARTESIAN_POINT ( 'NONE',  ( 0.04330999182739999481, 52.95769869083799364, -1.600000000000000755 ) ) ;
#278 = VERTEX_POINT ( 'NONE', #626 ) ;
#279 = CARTESIAN_POINT ( 'NONE',  ( 2.903766592539134272, 52.95769869083799364, -1.600000000000000089 ) ) ;
#280 = EDGE_CURVE ( 'NONE', #2208, #465, #71, .T. ) ;
#281 = DIRECTION ( 'NONE',  ( -1.000000000000000000, 0.000000000000000000, 0.000000000000000000 ) ) ;
#282 = CARTESIAN_POINT ( 'NONE',  ( 53.03888764915900111, 105.9601459312399925, -1.600000000000000755 ) ) ;
#283 = ORIENTED_EDGE ( 'NONE', *, *, #1493, .T. ) ;
#284 = ORIENTED_EDGE ( 'NONE', *, *, #1511, .F. ) ;
#285 = CIRCLE ( 'NONE', #817, 2.860456600711734687 ) ;
#286 = CARTESIAN_POINT ( 'NONE',  ( 105.9566950353780612, 53.03888521768355702, -1.600000000000000755 ) ) ;
#287 = ORIENTED_EDGE ( 'NONE', *, *, #1847, .F. ) ;
#288 = AXIS2_PLACEMENT_3D ( 'NONE', #183, #1105, #1981 ) ;
#289 = CARTESIAN_POINT ( 'NONE',  ( 91.85232605915390991, 84.47184840445171972, 4.514646059604454642 ) ) ;
#290 = DIRECTION ( 'NONE',  ( -0.000000000000000000, -0.000000000000000000, 1.000000000000000000 ) ) ;
#291 = FACE_OUTER_BOUND ( 'NONE', #772, .T. ) ;
#292 = ORIENTED_EDGE ( 'NONE', *, *, #727, .F. ) ;
#293 = ADVANCED_FACE ( 'NONE', ( #1194 ), #997, .T. ) ;
#294 = ORIENTED_EDGE ( 'NONE', *, *, #1464, .F. ) ;
#295 = DIRECTION ( 'NONE',  ( 1.000000000000000000, 0.000000000000000000, 0.000000000000000000 ) ) ;
#296 = ORIENTED_EDGE ( 'NONE', *, *, #1550, .T. ) ;
#297 = ORIENTED_EDGE ( 'NONE', *, *, #1940, .F. ) ;
#298 = FACE_BOUND ( 'NONE', #1119, .T. ) ;
#299 = CARTESIAN_POINT ( 'NONE',  ( 82.91715670228676061, 90.62444564153500437, 3.899999919690999128 ) ) ;
#300 = CARTESIAN_POINT ( 'NONE',  ( 2.998633846794274138, 52.85837035928962280, 5.500000000000000000 ) ) ;
#301 = DIRECTION ( 'NONE',  ( 0.7071067811865476838, 0.7071067811865474617, -0.000000000000000000 ) ) ;
#302 = CARTESIAN_POINT ( 'NONE',  ( 52.99842878151299885, 53.00157121848699404, 7.500000000000000000 ) ) ;
#303 = DIRECTION ( 'NONE',  ( -1.000000000000000000, 0.000000000000000000, 0.000000000000000000 ) ) ;
#304 = ORIENTED_EDGE ( 'NONE', *, *, #1737, .F. ) ;
#305 = CIRCLE ( 'NONE', #1148, 2.956992594712500200 ) ;
#306 = ADVANCED_FACE ( 'NONE', ( #1543 ), #1501, .F. ) ;
#307 = DIRECTION ( 'NONE',  ( -1.000000000000000000, 0.000000000000000000, 0.000000000000000000 ) ) ;
#308 = ORIENTED_EDGE ( 'NONE', *, *, #1797, .T. ) ;
#309 = DIRECTION ( 'NONE',  ( -0.7071069003960324117, -0.7071066619770425277, 0.000000000000000000 ) ) ;
#310 = EDGE_CURVE ( 'NONE', #1251, #1239, #824, .T. ) ;
#311 = ORIENTED_EDGE ( 'NONE', *, *, #406, .F. ) ;
#312 = CARTESIAN_POINT ( 'NONE',  ( 92.86551463588254762, 83.17797699320320248, 0.000000000000000000 ) ) ;
#313 = DIRECTION ( 'NONE',  ( -1.000000000000000000, 0.000000000000000000, 0.000000000000000000 ) ) ;
#314 = ORIENTED_EDGE ( 'NONE', *, *, #1862, .F. ) ;
#315 = CARTESIAN_POINT ( 'NONE',  ( 51.84230130916199641, 0.04330999182740014747, 7.500000000000000000 ) ) ;
#316 = CARTESIAN_POINT ( 'NONE',  ( 92.21561079629988456, 83.51802263916978575, 3.899999919690999128 ) ) ;
#317 = EDGE_LOOP ( 'NONE', ( #1789, #708, #1702, #308 ) ) ;
#318 = CARTESIAN_POINT ( 'NONE',  ( 54.23888764915900396, 105.9601459312399925, 6.499999999999999112 ) ) ;
#319 = ORIENTED_EDGE ( 'NONE', *, *, #438, .F. ) ;
#320 = VECTOR ( 'NONE', #212, 1000.000000000000000 ) ;
#321 = CONICAL_SURFACE ( 'NONE', #1378, 2.200000000000000622, 0.7853981633974482790 ) ;
#322 = VERTEX_POINT ( 'NONE', #125 ) ;
#323 = EDGE_CURVE ( 'NONE', #2189, #2098, #545, .T. ) ;
#324 = DIRECTION ( 'NONE',  ( 0.7071067811865474617, -0.7071067811865474617, 0.000000000000000000 ) ) ;
#325 = CARTESIAN_POINT ( 'NONE',  ( 53.03888764915900111, 105.9601459312399925, 7.500000000000000000 ) ) ;
#326 = APPLICATION_PROTOCOL_DEFINITION ( 'international standard', 'config_control_design', 1994, #356 ) ;
#327 = ORIENTED_EDGE ( 'NONE', *, *, #1258, .F. ) ;
#328 = CARTESIAN_POINT ( 'NONE',  ( 53.04230130916199215, 0.04330999182739999481, 7.500000000000000000 ) ) ;
#329 = DIRECTION ( 'NONE',  ( -0.000000000000000000, 0.000000000000000000, 1.000000000000000000 ) ) ;
#330 = CARTESIAN_POINT ( 'NONE',  ( 52.99842878151299885, 53.00157121848699404, 4.649998006364000069 ) ) ;
#331 = ORIENTED_EDGE ( 'NONE', *, *, #1670, .F. ) ;
#332 = AXIS2_PLACEMENT_3D ( 'NONE', #2017, #1875, #2166 ) ;
#333 = LINE ( 'NONE', #938, #1197 ) ;
#334 = EDGE_CURVE ( 'NONE', #465, #2208, #1453, .T. ) ;
#335 = CALENDAR_DATE ( 2025, 23, 7 ) ;
#336 = VERTEX_POINT ( 'NONE', #1031 ) ;
#337 = CARTESIAN_POINT ( 'NONE',  ( 53.04230130916199215, 0.04330999182739999481, -1.600000000000000089 ) ) ;
#338 = EDGE_CURVE ( 'NONE', #2019, #1383, #425, .T. ) ;
#339 = DIRECTION ( 'NONE',  ( 0.000000000000000000, 0.000000000000000000, -1.000000000000000000 ) ) ;
#340 = LOCAL_TIME ( 21, 32, 47.00000000000000000, #538 ) ;
#341 = ORIENTED_EDGE ( 'NONE', *, *, #1016, .T. ) ;
#342 = DIRECTION ( 'NONE',  ( -0.000000000000000000, -0.000000000000000000, 1.000000000000000000 ) ) ;
#343 = ORIENTED_EDGE ( 'NONE', *, *, #498, .T. ) ;
#344 = CIRCLE ( 'NONE', #1964, 1.199999999999999734 ) ;
#345 = CIRCLE ( 'NONE', #1293, 1.200000000000006617 ) ;
#346 = ORIENTED_EDGE ( 'NONE', *, *, #573, .T. ) ;
#347 = DIRECTION ( 'NONE',  ( -0.000000000000000000, -0.000000000000000000, -1.000000000000000000 ) ) ;
#348 = EDGE_LOOP ( 'NONE', ( #1803, #1230, #1200, #1460 ) ) ;
#349 = EDGE_CURVE ( 'NONE', #585, #1854, #1749, .T. ) ;
#350 = DIRECTION ( 'NONE',  ( 1.000000000000000000, 0.000000000000000000, 0.000000000000000000 ) ) ;
#351 = CARTESIAN_POINT ( 'NONE',  ( 52.99842878151299885, 53.00157121848699404, 3.899999919690999128 ) ) ;
#352 = ORIENTED_EDGE ( 'NONE', *, *, #2278, .F. ) ;
#353 = EDGE_LOOP ( 'NONE', ( #1067, #1073, #1345, #948 ) ) ;
#354 = ADVANCED_FACE ( 'NONE', ( #1117 ), #935, .F. ) ;
#355 = DIRECTION ( 'NONE',  ( 1.000000000000000000, 0.000000000000000000, 0.000000000000000000 ) ) ;
#356 = APPLICATION_CONTEXT ( 'configuration controlled 3d designs of mechanical parts and assemblies' ) ;
#357 = VERTEX_POINT ( 'NONE', #977 ) ;
#358 = CIRCLE ( 'NONE', #25, 2.956992594712500200 ) ;
#359 = DIRECTION ( 'NONE',  ( 0.000000000000000000, 0.000000000000000000, -1.000000000000000000 ) ) ;
#360 = VECTOR ( 'NONE', #2238, 1000.000000000000114 ) ;
#361 = CARTESIAN_POINT ( 'NONE',  ( 2.998633846794274138, 52.85837035928962280, 7.500000000000000000 ) ) ;
#362 = CIRCLE ( 'NONE', #655, 49.99999999999999289 ) ;
#363 = ORIENTED_EDGE ( 'NONE', *, *, #2293, .T. ) ;
#364 = AXIS2_PLACEMENT_3D ( 'NONE', #1434, #196, #177 ) ;
#365 = CARTESIAN_POINT ( 'NONE',  ( 52.99842878151299885, 53.00157121848699404, 0.000000000000000000 ) ) ;
#366 = LINE ( 'NONE', #1115, #454 ) ;
#367 = APPROVAL_DATE_TIME ( #2023, #1705 ) ;
#368 = CARTESIAN_POINT ( 'NONE',  ( 0.04330999182739999481, 52.95769869083799364, 7.500000000000000000 ) ) ;
#369 = ADVANCED_FACE ( 'NONE', ( #41 ), #79, .T. ) ;
#370 = VECTOR ( 'NONE', #602, 1000.000000000000000 ) ;
#371 = LINE ( 'NONE', #155, #1086 ) ;
#372 = VERTEX_POINT ( 'NONE', #1332 ) ;
#373 = DIRECTION ( 'NONE',  ( 1.000000000000000000, 0.000000000000000000, 0.000000000000000000 ) ) ;
#374 = DIRECTION ( 'NONE',  ( -0.000000000000000000, -0.000000000000000000, 1.000000000000000000 ) ) ;
#375 = SECURITY_CLASSIFICATION ( '', '', #2173 ) ;
#376 = CARTESIAN_POINT ( 'NONE',  ( 92.71058554313046329, 85.28578956577098324, 3.899999919690999128 ) ) ;
#377 = VERTEX_POINT ( 'NONE', #2034 ) ;
#378 = EDGE_CURVE ( 'NONE', #913, #179, #1645, .T. ) ;
#379 = AXIS2_PLACEMENT_3D ( 'NONE', #616, #250, #1883 ) ;
#380 = EDGE_CURVE ( 'NONE', #2093, #764, #1689, .T. ) ;
#381 = DIRECTION ( 'NONE',  ( 1.000000000000000000, 0.000000000000000000, 0.000000000000000000 ) ) ;
#382 = CIRCLE ( 'NONE', #1183, 1.199999999999999734 ) ;
#383 = DIRECTION ( 'NONE',  ( 0.7071067811865475727, -0.7071067811865475727, 0.000000000000000000 ) ) ;
#384 = EDGE_LOOP ( 'NONE', ( #2068, #2115, #331, #701, #241, #1090 ) ) ;
#385 = DIRECTION ( 'NONE',  ( 0.000000000000000000, 0.000000000000000000, 1.000000000000000000 ) ) ;
#386 = DIRECTION ( 'NONE',  ( 0.000000000000000000, 0.000000000000000000, -1.000000000000000000 ) ) ;
#387 = APPROVAL_ROLE ( '' ) ;
#388 = CARTESIAN_POINT ( 'NONE',  ( -2.817146608884334658, 52.95769869083799364, -1.600000000000000089 ) ) ;
#389 = DIRECTION ( 'NONE',  ( 1.000000000000000000, 0.000000000000000000, 0.000000000000000000 ) ) ;
#390 = ORIENTED_EDGE ( 'NONE', *, *, #1051, .T. ) ;
#391 = CARTESIAN_POINT ( 'NONE',  ( 2.903766592539134272, 52.95769869083799364, 0.000000000000000000 ) ) ;
#392 = DIRECTION ( 'NONE',  ( -0.000000000000000000, -0.000000000000000000, -1.000000000000000000 ) ) ;
#393 = EDGE_CURVE ( 'NONE', #372, #610, #1379, .T. ) ;
#394 = EDGE_LOOP ( 'NONE', ( #957, #2210, #2249, #790, #175, #2164 ) ) ;
#395 = AXIS2_PLACEMENT_3D ( 'NONE', #1353, #108, #855 ) ;
#396 = PLANE ( 'NONE',  #1427 ) ;
#397 = DIRECTION ( 'NONE',  ( 0.000000000000000000, 0.000000000000000000, -1.000000000000000000 ) ) ;
#398 = AXIS2_PLACEMENT_3D ( 'NONE', #631, #1358, #1191 ) ;
#399 = DIRECTION ( 'NONE',  ( 0.000000000000000000, 0.000000000000000000, 1.000000000000000000 ) ) ;
#400 = CARTESIAN_POINT ( 'NONE',  ( 87.32139428117507407, 93.33162696180089313, 5.399999899612994980 ) ) ;
#401 = ORIENTED_EDGE ( 'NONE', *, *, #775, .T. ) ;
#402 = ORIENTED_EDGE ( 'NONE', *, *, #1603, .T. ) ;
#403 = FACE_OUTER_BOUND ( 'NONE', #394, .T. ) ;
#404 = CARTESIAN_POINT ( 'NONE',  ( 52.93449841291352698, 103.0015303475499167, 0.000000000000000000 ) ) ;
#405 = AXIS2_PLACEMENT_3D ( 'NONE', #1672, #1165, #61 ) ;
#406 = EDGE_CURVE ( 'NONE', #2226, #1721, #1530, .T. ) ;
#407 = CARTESIAN_POINT ( 'NONE',  ( 105.9601459312399925, 53.03888764915900111, 0.000000000000000000 ) ) ;
#408 = CARTESIAN_POINT ( 'NONE',  ( 83.76568483159798006, 89.77591751222378491, 4.199999911085999571 ) ) ;
#409 = EDGE_CURVE ( 'NONE', #2093, #2061, #2195, .T. ) ;
#410 = DIRECTION ( 'NONE',  ( -0.7071067811865475727, -0.7071067811865475727, 0.000000000000000000 ) ) ;
#411 = CARTESIAN_POINT ( 'NONE',  ( 93.20123620870063519, 87.47349648996357985, 5.399999899612998533 ) ) ;
#412 = VERTEX_POINT ( 'NONE', #1858 ) ;
#413 = LOCAL_TIME ( 21, 32, 47.00000000000000000, #1955 ) ;
#414 = CARTESIAN_POINT ( 'NONE',  ( 2.998600259357721676, 53.13252065552847370, 0.000000000000000000 ) ) ;
#415 = DIRECTION ( 'NONE',  ( 1.000000000000000000, 0.000000000000000000, 0.000000000000000000 ) ) ;
#416 = VERTEX_POINT ( 'NONE', #1325 ) ;
#417 = AXIS2_PLACEMENT_3D ( 'NONE', #316, #1370, #1053 ) ;
#418 = FACE_OUTER_BOUND ( 'NONE', #597, .T. ) ;
#419 = DIRECTION ( 'NONE',  ( -0.7071067811865474617, -0.7071067811865474617, 0.000000000000000000 ) ) ;
#420 = ADVANCED_FACE ( 'NONE', ( #807 ), #421, .F. ) ;
#421 = CYLINDRICAL_SURFACE ( 'NONE', #1195, 1.200000000000006617 ) ;
#422 = CYLINDRICAL_SURFACE ( 'NONE', #2035, 2.956992594712494871 ) ;
#423 = ORIENTED_EDGE ( 'NONE', *, *, #2021, .T. ) ;
#424 = ADVANCED_FACE ( 'NONE', ( #2185 ), #1156, .F. ) ;
#425 = B_SPLINE_CURVE_WITH_KNOTS ( 'NONE', 3,
 ( #1361, #1576, #1228, #621 ),
 .UNSPECIFIED., .F., .F.,
 ( 4, 4 ),
 ( 0.3798416127260067499, 1.000000000000000000 ),
 .UNSPECIFIED. ) ;
#426 = ORIENTED_EDGE ( 'NONE', *, *, #480, .T. ) ;
#427 = DIRECTION ( 'NONE',  ( -1.000000000000000000, 0.000000000000000000, 0.000000000000000000 ) ) ;
#428 = CARTESIAN_POINT ( 'NONE',  ( 52.99842878151299885, 53.00157121848699404, 7.500000000000000000 ) ) ;
#429 = DIRECTION ( 'NONE',  ( -0.000000000000000000, 0.000000000000000000, 1.000000000000000000 ) ) ;
#430 = VECTOR ( 'NONE', #594, 1000.000000000000114 ) ;
#431 = VECTOR ( 'NONE', #2136, 1000.000000000000000 ) ;
#432 = CARTESIAN_POINT ( 'NONE',  ( 1.243309991827399985, 52.95769869083799364, 7.500000000000000000 ) ) ;
#433 = DIRECTION ( 'NONE',  ( -1.000000000000000000, 0.000000000000000000, 0.000000000000000000 ) ) ;
#434 = AXIS2_PLACEMENT_3D ( 'NONE', #1931, #1531, #863 ) ;
#435 = EDGE_CURVE ( 'NONE', #1607, #2229, #989, .T. ) ;
#436 = VECTOR ( 'NONE', #188, 1000.000000000000000 ) ;
#437 = CARTESIAN_POINT ( 'NONE',  ( 2.998428781513011288, 53.00157121848699404, 7.500000000000000000 ) ) ;
#438 = EDGE_CURVE ( 'NONE', #1794, #377, #1513, .T. ) ;
#439 = ORIENTED_EDGE ( 'NONE', *, *, #2129, .F. ) ;
#440 = CARTESIAN_POINT ( 'NONE',  ( 84.50814699494129911, 93.48822811396013321, 3.899999919690999128 ) ) ;
#441 = CARTESIAN_POINT ( 'NONE',  ( 1.243309991827399985, 52.95769869083799364, -1.600000000000000755 ) ) ;
#442 = CARTESIAN_POINT ( 'NONE',  ( 84.41051190646369662, 91.90253121235971889, 4.805496550922911503 ) ) ;
#443 = CARTESIAN_POINT ( 'NONE',  ( 105.9601459312399925, 53.03888764915900111, 7.500000000000000000 ) ) ;
#444 = ORIENTED_EDGE ( 'NONE', *, *, #521, .F. ) ;
#445 = ORIENTED_EDGE ( 'NONE', *, *, #2137, .F. ) ;
#446 = AXIS2_PLACEMENT_3D ( 'NONE', #72, #774, #256 ) ;
#447 = ADVANCED_FACE ( 'NONE', ( #273, #943 ), #1301, .T. ) ;
#448 = CIRCLE ( 'NONE', #1215, 49.99999999999999289 ) ;
#449 = ORIENTED_EDGE ( 'NONE', *, *, #1493, .F. ) ;
#450 = EDGE_CURVE ( 'NONE', #2037, #2098, #2042, .T. ) ;
#451 = DIRECTION ( 'NONE',  ( -0.000000000000000000, -0.000000000000000000, -1.000000000000000000 ) ) ;
#452 = LINE ( 'NONE', #1021, #1018 ) ;
#453 = DIRECTION ( 'NONE',  ( -0.000000000000000000, -0.000000000000000000, 1.000000000000000000 ) ) ;
#454 = VECTOR ( 'NONE', #1078, 1000.000000000000000 ) ;
#455 = DIRECTION ( 'NONE',  ( -0.000000000000000000, 0.000000000000000000, 1.000000000000000000 ) ) ;
#456 = ORIENTED_EDGE ( 'NONE', *, *, #378, .T. ) ;
#457 = DIRECTION ( 'NONE',  ( -0.000000000000000000, 0.000000000000000000, 1.000000000000000000 ) ) ;
#458 = ORIENTED_EDGE ( 'NONE', *, *, #1654, .T. ) ;
#459 = FACE_OUTER_BOUND ( 'NONE', #276, .T. ) ;
#460 = CARTESIAN_POINT ( 'NONE',  ( 55.99934424987079495, 105.9601459312399925, 0.000000000000000000 ) ) ;
#461 = EDGE_CURVE ( 'NONE', #1528, #891, #1387, .T. ) ;
#462 = DIRECTION ( 'NONE',  ( 0.000000000000000000, -0.000000000000000000, -1.000000000000000000 ) ) ;
#463 = EDGE_CURVE ( 'NONE', #823, #1461, #569, .T. ) ;
#464 = CARTESIAN_POINT ( 'NONE',  ( 0.04330999182739999481, 52.95769869083799364, 5.500000000000000000 ) ) ;
#465 = VERTEX_POINT ( 'NONE', #129 ) ;
#466 = ORIENTED_EDGE ( 'NONE', *, *, #1258, .T. ) ;
#467 = CIRCLE ( 'NONE', #733, 52.95827939944611984 ) ;
#468 = FACE_OUTER_BOUND ( 'NONE', #1505, .T. ) ;
#469 = ORIENTED_EDGE ( 'NONE', *, *, #1682, .T. ) ;
#470 = CIRCLE ( 'NONE', #434, 1.199999999999999734 ) ;
#471 = DIRECTION ( 'NONE',  ( 0.000000000000000000, 0.000000000000000000, 1.000000000000000000 ) ) ;
#472 = ORIENTED_EDGE ( 'NONE', *, *, #310, .T. ) ;
#473 = LINE ( 'NONE', #2296, #1830 ) ;
#474 = CARTESIAN_POINT ( 'NONE',  ( 91.20570915497407327, 85.25415156945334161, 5.399999899612995868 ) ) ;
#475 = CARTESIAN_POINT ( 'NONE',  ( 54.23888764915900396, 105.9601459312399925, 7.500000000000000000 ) ) ;
#476 = EDGE_CURVE ( 'NONE', #1239, #1692, #207, .T. ) ;
#477 = DIRECTION ( 'NONE',  ( 1.000000000000000000, 0.000000000000000000, 0.000000000000000000 ) ) ;
#478 = CARTESIAN_POINT ( 'NONE',  ( 105.9601459312399925, 53.03888764915900111, -1.600000000000000755 ) ) ;
#479 = EDGE_LOOP ( 'NONE', ( #789, #1712, #809, #515 ) ) ;
#480 = EDGE_CURVE ( 'NONE', #2209, #2101, #358, .T. ) ;
#481 = AXIS2_PLACEMENT_3D ( 'NONE', #2193, #1687, #51 ) ;
#482 = AXIS2_PLACEMENT_3D ( 'NONE', #1529, #151, #1617 ) ;
#483 = FACE_OUTER_BOUND ( 'NONE', #98, .T. ) ;
#484 = ORIENTED_EDGE ( 'NONE', *, *, #709, .T. ) ;
#485 = CARTESIAN_POINT ( 'NONE',  ( 53.03888764915900111, 105.9601459312399925, 0.000000000000000000 ) ) ;
#486 = VERTEX_POINT ( 'NONE', #1719 ) ;
#487 = FACE_OUTER_BOUND ( 'NONE', #1225, .T. ) ;
#488 = DIRECTION ( 'NONE',  ( -1.000000000000000000, 0.000000000000000000, 0.000000000000000000 ) ) ;
#489 = ORIENTED_EDGE ( 'NONE', *, *, #512, .T. ) ;
#490 = CARTESIAN_POINT ( 'NONE',  ( 84.01317225216668305, 92.99325337118551715, 3.899999919690999128 ) ) ;
#491 = AXIS2_PLACEMENT_3D ( 'NONE', #116, #1404, #625 ) ;
#492 = CARTESIAN_POINT ( 'NONE',  ( 53.04230130916199215, 0.04330999182739999481, 7.500000000000000000 ) ) ;
#493 = DIRECTION ( 'NONE',  ( 1.000000000000000000, 0.000000000000000000, 0.000000000000000000 ) ) ;
#494 = EDGE_CURVE ( 'NONE', #585, #1509, #285, .T. ) ;
#495 = ORIENTED_EDGE ( 'NONE', *, *, #1161, .F. ) ;
#496 = CIRCLE ( 'NONE', #1260, 2.760456600711738595 ) ;
#497 = LINE ( 'NONE', #1238, #1977 ) ;
#498 = EDGE_CURVE ( 'NONE', #1937, #2061, #1417, .T. ) ;
#499 = ORIENTED_EDGE ( 'NONE', *, *, #998, .T. ) ;
#500 = DIRECTION ( 'NONE',  ( 1.000000000000000000, 0.000000000000000000, 0.000000000000000000 ) ) ;
#501 = ORIENTED_EDGE ( 'NONE', *, *, #1410, .F. ) ;
#502 = DIRECTION ( 'NONE',  ( -0.000000000000000000, -0.000000000000000000, 1.000000000000000000 ) ) ;
#503 = DIRECTION ( 'NONE',  ( 0.000000000000000000, 0.000000000000000000, 1.000000000000000000 ) ) ;
#504 = LINE ( 'NONE', #1533, #255 ) ;
#505 = CARTESIAN_POINT ( 'NONE',  ( 53.03888764915900111, 105.9601459312399925, 7.500000000000000000 ) ) ;
#506 = VERTEX_POINT ( 'NONE', #1758 ) ;
#507 = LINE ( 'NONE', #161, #1492 ) ;
#508 = EDGE_CURVE ( 'NONE', #63, #1251, #1715, .T. ) ;
#509 = AXIS2_PLACEMENT_3D ( 'NONE', #492, #290, #627 ) ;
#510 = CIRCLE ( 'NONE', #1455, 2.956992594712500200 ) ;
#511 = ORIENTED_EDGE ( 'NONE', *, *, #524, .T. ) ;
#512 = EDGE_CURVE ( 'NONE', #1692, #1239, #732, .T. ) ;
#513 = FACE_BOUND ( 'NONE', #1315, .T. ) ;
#514 = PERSON_AND_ORGANIZATION ( #1514, #754 ) ;
#515 = ORIENTED_EDGE ( 'NONE', *, *, #2149, .T. ) ;
#516 = DESIGN_CONTEXT ( 'detailed design', #717, 'design' ) ;
#517 = LINE ( 'NONE', #1278, #1262 ) ;
#518 = CARTESIAN_POINT ( 'NONE',  ( 105.9566950353780612, 53.03888521768355702, 6.499999999999999112 ) ) ;
#519 = CARTESIAN_POINT ( 'NONE',  ( 50.28184470845025800, 0.04330999182740033482, -1.600000000000000089 ) ) ;
#520 = ORIENTED_EDGE ( 'NONE', *, *, #239, .F. ) ;
#521 = EDGE_CURVE ( 'NONE', #2119, #416, #2076, .T. ) ;
#522 = EDGE_LOOP ( 'NONE', ( #1180, #22, #633, #20 ) ) ;
#523 = CARTESIAN_POINT ( 'NONE',  ( 85.14454308482660849, 92.85183202407483805, -0.4000000286819337392 ) ) ;
#524 = EDGE_CURVE ( 'NONE', #629, #506, #2187, .T. ) ;
#525 = DIRECTION ( 'NONE',  ( 1.000000000000000000, 0.000000000000000000, 0.000000000000000000 ) ) ;
#526 = LINE ( 'NONE', #189, #949 ) ;
#527 = CIRCLE ( 'NONE', #1592, 52.95827939944611984 ) ;
#528 = ORIENTED_EDGE ( 'NONE', *, *, #1667, .F. ) ;
#529 = DIRECTION ( 'NONE',  ( -0.000000000000000000, 0.000000000000000000, 1.000000000000000000 ) ) ;
#530 = CIRCLE ( 'NONE', #916, 52.95827939944611984 ) ;
#531 = CIRCLE ( 'NONE', #1853, 52.95827939944611984 ) ;
#532 = DIRECTION ( 'NONE',  ( -0.000000000000000000, 0.000000000000000000, 1.000000000000000000 ) ) ;
#533 = ORIENTED_EDGE ( 'NONE', *, *, #727, .T. ) ;
#534 = EDGE_CURVE ( 'NONE', #1905, #1285, #1085, .T. ) ;
#535 = CARTESIAN_POINT ( 'NONE',  ( 53.03888764915900111, 105.9601459312399925, 7.500000000000000000 ) ) ;
#536 = DIRECTION ( 'NONE',  ( -1.000000000000000000, 0.000000000000000000, 0.000000000000000000 ) ) ;
#537 = EDGE_LOOP ( 'NONE', ( #846, #838, #1459, #735 ) ) ;
#538 = COORDINATED_UNIVERSAL_TIME_OFFSET ( 8, 0, .AHEAD. ) ;
#539 = DIRECTION ( 'NONE',  ( 0.000000000000000000, 0.000000000000000000, -1.000000000000000000 ) ) ;
#540 = VECTOR ( 'NONE', #603, 1000.000000000000114 ) ;
#541 = FACE_OUTER_BOUND ( 'NONE', #915, .T. ) ;
#542 = ORIENTED_EDGE ( 'NONE', *, *, #1522, .T. ) ;
#543 = DIRECTION ( 'NONE',  ( -0.000000000000000000, -0.000000000000000000, 1.000000000000000000 ) ) ;
#544 = DIRECTION ( 'NONE',  ( -0.7071067811865474617, 8.659560562354932858E-17, 0.7071067811865474617 ) ) ;
#545 = CIRCLE ( 'NONE', #895, 1.199999999999999956 ) ;
#546 = VECTOR ( 'NONE', #1809, 1000.000000000000000 ) ;
#547 = EDGE_CURVE ( 'NONE', #609, #68, #2146, .T. ) ;
#548 = DIRECTION ( 'NONE',  ( 0.000000000000000000, -0.000000000000000000, -1.000000000000000000 ) ) ;
#549 = EDGE_CURVE ( 'NONE', #336, #137, #1710, .T. ) ;
#550 = CIRCLE ( 'NONE', #1624, 2.860456600711734687 ) ;
#551 = CYLINDRICAL_SURFACE ( 'NONE', #398, 2.956992594712494871 ) ;
#552 = VERTEX_POINT ( 'NONE', #1557 ) ;
#553 = VERTEX_POINT ( 'NONE', #96 ) ;
#554 = DIRECTION ( 'NONE',  ( -0.000000000000000000, -0.000000000000000000, 1.000000000000000000 ) ) ;
#555 = CARTESIAN_POINT ( 'NONE',  ( 105.8760383473322548, 50.07962605223539043, 7.500000000000000000 ) ) ;
#556 = COORDINATED_UNIVERSAL_TIME_OFFSET ( 8, 0, .AHEAD. ) ;
#557 = LOCAL_TIME ( 21, 32, 47.00000000000000000, #1474 ) ;
#558 = CARTESIAN_POINT ( 'NONE',  ( 55.99807190171696192, 0.1283123998628838969, 0.000000000000000000 ) ) ;
#559 = ORIENTED_EDGE ( 'NONE', *, *, #1725, .F. ) ;
#560 = EDGE_CURVE ( 'NONE', #1062, #1014, #1566, .T. ) ;
#561 = AXIS2_PLACEMENT_3D ( 'NONE', #1024, #109, #1909 ) ;
#562 = CARTESIAN_POINT ( 'NONE',  ( 103.0996893305282072, 53.03888764915900111, 0.000000000000000000 ) ) ;
#563 = CARTESIAN_POINT ( 'NONE',  ( -2.156690008172600592, 52.95769869083799364, 7.500000000000000000 ) ) ;
#564 = VECTOR ( 'NONE', #1663, 1000.000000000000000 ) ;
#565 = FACE_OUTER_BOUND ( 'NONE', #712, .T. ) ;
#566 = CIRCLE ( 'NONE', #885, 2.860456600711734687 ) ;
#567 = CARTESIAN_POINT ( 'NONE',  ( 3.000302586539914440, 52.95769869083799364, 5.500000000000000000 ) ) ;
#568 = CYLINDRICAL_SURFACE ( 'NONE', #985, 1.199999988526992523 ) ;
#569 = LINE ( 'NONE', #54, #1305 ) ;
#570 = DIRECTION ( 'NONE',  ( -1.000000000000000000, 0.000000000000000000, 0.000000000000000000 ) ) ;
#571 = VERTEX_POINT ( 'NONE', #1946 ) ;
#572 = ORIENTED_EDGE ( 'NONE', *, *, #1709, .F. ) ;
#573 = EDGE_CURVE ( 'NONE', #1764, #1685, #2082, .T. ) ;
#574 = PLANE ( 'NONE',  #446 ) ;
#575 = DIRECTION ( 'NONE',  ( -0.000000000000000000, -0.000000000000000000, -1.000000000000000000 ) ) ;
#576 = ORIENTED_EDGE ( 'NONE', *, *, #788, .F. ) ;
#577 = ORIENTED_EDGE ( 'NONE', *, *, #95, .F. ) ;
#578 = AXIS2_PLACEMENT_3D ( 'NONE', #328, #1729, #2247 ) ;
#579 = DIRECTION ( 'NONE',  ( -1.000000000000000000, 0.000000000000000000, -0.000000000000000000 ) ) ;
#580 = DIRECTION ( 'NONE',  ( -0.7071067811865476838, -0.7071067811865474617, 0.000000000000000000 ) ) ;
#581 = CIRCLE ( 'NONE', #1902, 52.95827939944611984 ) ;
#582 = DIRECTION ( 'NONE',  ( -1.000000000000000000, 0.000000000000000000, -0.000000000000000000 ) ) ;
#583 = AXIS2_PLACEMENT_3D ( 'NONE', #1920, #1221, #1728 ) ;
#584 = LINE ( 'NONE', #978, #1596 ) ;
#585 = VERTEX_POINT ( 'NONE', #652 ) ;
#586 = CARTESIAN_POINT ( 'NONE',  ( 84.50814699494129911, 93.48822811396013321, 0.000000000000000000 ) ) ;
#587 = CARTESIAN_POINT ( 'NONE',  ( 2.243309991827400207, 52.95769869083799364, 7.500000000000000000 ) ) ;
#588 = VERTEX_POINT ( 'NONE', #2087 ) ;
#589 = AXIS2_PLACEMENT_3D ( 'NONE', #428, #953, #76 ) ;
#590 = DIRECTION ( 'NONE',  ( 0.000000000000000000, 0.000000000000000000, -1.000000000000000000 ) ) ;
#591 = ADVANCED_FACE ( 'NONE', ( #1207 ), #818, .T. ) ;
#592 = VECTOR ( 'NONE', #1309, 1000.000000000000000 ) ;
#593 = CARTESIAN_POINT ( 'NONE',  ( 92.71058553907450062, 83.02304789639515548, 3.899999919690999128 ) ) ;
#594 = DIRECTION ( 'NONE',  ( -0.7071069003960324117, -0.7071066619770425277, 0.000000000000000000 ) ) ;
#595 = LINE ( 'NONE', #2056, #121 ) ;
#596 = ORIENTED_EDGE ( 'NONE', *, *, #549, .T. ) ;
#597 = EDGE_LOOP ( 'NONE', ( #2299, #1840, #499, #1851 ) ) ;
#598 = CARTESIAN_POINT ( 'NONE',  ( 84.29122047061819956, 91.99850940986644332, 7.500000000000000000 ) ) ;
#599 = EDGE_LOOP ( 'NONE', ( #1982, #903 ) ) ;
#600 = AXIS2_PLACEMENT_3D ( 'NONE', #365, #1845, #2040 ) ;
#601 = CONICAL_SURFACE ( 'NONE', #1632, 2.200000000000000622, 0.7853981633974482790 ) ;
#602 = DIRECTION ( 'NONE',  ( 0.000000000000000000, 0.000000000000000000, 1.000000000000000000 ) ) ;
#603 = DIRECTION ( 'NONE',  ( -0.7071067811865474617, 0.7071067811865474617, 0.000000000000000000 ) ) ;
#604 = EDGE_CURVE ( 'NONE', #278, #1785, #362, .T. ) ;
#605 = DIRECTION ( 'NONE',  ( 1.000000000000000000, 0.000000000000000000, 0.000000000000000000 ) ) ;
#606 = CARTESIAN_POINT ( 'NONE',  ( 53.03888764915900111, 105.9601459312399925, 0.000000000000000000 ) ) ;
#607 = EDGE_LOOP ( 'NONE', ( #1047, #1096 ) ) ;
#608 = EDGE_CURVE ( 'NONE', #2007, #63, #1935, .T. ) ;
#609 = VERTEX_POINT ( 'NONE', #1406 ) ;
#610 = VERTEX_POINT ( 'NONE', #2109 ) ;
#611 = CARTESIAN_POINT ( 'NONE',  ( 88.99818755445072327, 88.99818755445072327, 0.000000000000000000 ) ) ;
#612 = DIRECTION ( 'NONE',  ( 0.000000000000000000, -0.000000000000000000, -1.000000000000000000 ) ) ;
#613 = VECTOR ( 'NONE', #1675, 1000.000000000000114 ) ;
#614 = VECTOR ( 'NONE', #342, 1000.000000000000000 ) ;
#615 = DIRECTION ( 'NONE',  ( -0.000000000000000000, -0.000000000000000000, 1.000000000000000000 ) ) ;
#616 = CARTESIAN_POINT ( 'NONE',  ( 82.91715670228676061, 90.62444564153500437, -0.4000000286819337392 ) ) ;
#617 = EDGE_CURVE ( 'NONE', #219, #2239, #504, .T. ) ;
#618 = VERTEX_POINT ( 'NONE', #1188 ) ;
#619 = AXIS2_PLACEMENT_3D ( 'NONE', #2127, #1266, #1799 ) ;
#620 = ADVANCED_FACE ( 'NONE', ( #1988 ), #1686, .F. ) ;
#621 = CARTESIAN_POINT ( 'NONE',  ( 2.998885877003413913, 52.78777379076829845, 0.000000000000000000 ) ) ;
#622 = VECTOR ( 'NONE', #1554, 1000.000000000000000 ) ;
#623 = VERTEX_POINT ( 'NONE', #199 ) ;
#624 = DIRECTION ( 'NONE',  ( 0.7071067811865476838, 0.7071067811865474617, -0.000000000000000000 ) ) ;
#625 = DIRECTION ( 'NONE',  ( -1.000000000000000000, 0.000000000000000000, 0.000000000000000000 ) ) ;
#626 = CARTESIAN_POINT ( 'NONE',  ( 2.998465205826569946, 53.06192376631403107, 7.500000000000000000 ) ) ;
#627 = DIRECTION ( 'NONE',  ( 1.000000000000000000, 0.000000000000000000, 0.000000000000000000 ) ) ;
#628 = CARTESIAN_POINT ( 'NONE',  ( 93.67910802264900383, 86.90841482248895034, 5.159473297898606425 ) ) ;
#629 = VERTEX_POINT ( 'NONE', #1957 ) ;
#630 = VERTEX_POINT ( 'NONE', #1601 ) ;
#631 = CARTESIAN_POINT ( 'NONE',  ( 0.04330999182739999481, 52.95769869083799364, 7.500000000000000000 ) ) ;
#632 = ORIENTED_EDGE ( 'NONE', *, *, #942, .T. ) ;
#633 = ORIENTED_EDGE ( 'NONE', *, *, #1033, .T. ) ;
#634 = EDGE_CURVE ( 'NONE', #1429, #1669, #726, .T. ) ;
#635 = CIRCLE ( 'NONE', #491, 2.760456600711738595 ) ;
#636 = VERTEX_POINT ( 'NONE', #694 ) ;
#637 = LINE ( 'NONE', #2084, #622 ) ;
#638 = CARTESIAN_POINT ( 'NONE',  ( 52.99842878151299885, 53.00157121848699404, 5.500000000000000000 ) ) ;
#639 = VECTOR ( 'NONE', #52, 1000.000000000000114 ) ;
#640 = CYLINDRICAL_SURFACE ( 'NONE', #1518, 2.860456600711796860 ) ;
#641 = ORIENTED_EDGE ( 'NONE', *, *, #2217, .T. ) ;
#642 = ORIENTED_EDGE ( 'NONE', *, *, #1835, .F. ) ;
#643 = DIRECTION ( 'NONE',  ( 0.7071067811865474617, -0.7071067811865474617, 0.000000000000000000 ) ) ;
#644 = ORIENTED_EDGE ( 'NONE', *, *, #1550, .F. ) ;
#645 = DIRECTION ( 'NONE',  ( -0.7071066619770425277, 0.7071069003960324117, 0.000000000000000000 ) ) ;
#646 = EDGE_CURVE ( 'NONE', #618, #2251, #1426, .T. ) ;
#647 = ORIENTED_EDGE ( 'NONE', *, *, #634, .F. ) ;
#648 = CARTESIAN_POINT ( 'NONE',  ( 107.1566950353780783, 53.03888521768355702, 7.500000000000000000 ) ) ;
#649 = LINE ( 'NONE', #299, #1456 ) ;
#650 = CARTESIAN_POINT ( 'NONE',  ( 52.99842878151299885, 53.00157121848699404, 7.500000000000000000 ) ) ;
#651 = EDGE_CURVE ( 'NONE', #35, #1528, #1869, .T. ) ;
#652 = CARTESIAN_POINT ( 'NONE',  ( -2.817146608884334658, 52.95769869083799364, -1.600000000000000089 ) ) ;
#653 = DIRECTION ( 'NONE',  ( 1.000000000000000000, 0.000000000000000000, 0.000000000000000000 ) ) ;
#654 = EDGE_LOOP ( 'NONE', ( #1539, #2230 ) ) ;
#655 = AXIS2_PLACEMENT_3D ( 'NONE', #302, #1023, #1743 ) ;
#656 = ORIENTED_EDGE ( 'NONE', *, *, #1421, .F. ) ;
#657 = CIRCLE ( 'NONE', #1000, 1.199999999999999734 ) ;
#658 = DIRECTION ( 'NONE',  ( -0.000000000000000000, 0.000000000000000000, 1.000000000000000000 ) ) ;
#659 = ORIENTED_EDGE ( 'NONE', *, *, #881, .F. ) ;
#660 = AXIS2_PLACEMENT_3D ( 'NONE', #2271, #1035, #839 ) ;
#661 = DIRECTION ( 'NONE',  ( -0.000000000000000000, -0.000000000000000000, 1.000000000000000000 ) ) ;
#662 = CIRCLE ( 'NONE', #1045, 49.99999999999999289 ) ;
#663 = ORIENTED_EDGE ( 'NONE', *, *, #1431, .F. ) ;
#664 = PLANE ( 'NONE',  #967 ) ;
#665 = EDGE_CURVE ( 'NONE', #2026, #731, #2052, .T. ) ;
#666 = DIRECTION ( 'NONE',  ( -0.000000000000000000, -0.000000000000000000, 1.000000000000000000 ) ) ;
#667 = ADVANCED_FACE ( 'NONE', ( #901 ), #1064, .F. ) ;
#668 = DIRECTION ( 'NONE',  ( 0.000000000000000000, -0.000000000000000000, -1.000000000000000000 ) ) ;
#669 = DIRECTION ( 'NONE',  ( 0.000000000000000000, 0.000000000000000000, 1.000000000000000000 ) ) ;
#670 = MANIFOLD_SOLID_BREP ( '基体零件-底座^磁悬浮-1', #265 ) ;
#671 = ORIENTED_EDGE ( 'NONE', *, *, #1722, .F. ) ;
#672 = AXIS2_PLACEMENT_3D ( 'NONE', #710, #359, #1087 ) ;
#673 = DIRECTION ( 'NONE',  ( -0.000000000000000000, -0.000000000000000000, -1.000000000000000000 ) ) ;
#674 = EDGE_LOOP ( 'NONE', ( #1731, #1950, #642, #749 ) ) ;
#675 = CARTESIAN_POINT ( 'NONE',  ( 50.08639393572589427, 0.1234149532887765521, 0.000000000000000000 ) ) ;
#676 = DIRECTION ( 'NONE',  ( 0.7071067811865474617, 0.000000000000000000, 0.7071067811865474617 ) ) ;
#677 = ORIENTED_EDGE ( 'NONE', *, *, #2257, .T. ) ;
#678 = CARTESIAN_POINT ( 'NONE',  ( 53.03888764915900111, 105.9601459312399925, 7.500000000000000000 ) ) ;
#679 = CARTESIAN_POINT ( 'NONE',  ( 91.87212541549884293, 84.44732943813937709, 4.358804217780169132 ) ) ;
#680 = CARTESIAN_POINT ( 'NONE',  ( 53.04230130916199215, 0.04330999182739999481, -1.600000000000000755 ) ) ;
#681 = DIRECTION ( 'NONE',  ( 1.000000000000000000, 0.000000000000000000, 0.000000000000000000 ) ) ;
#682 = FACE_OUTER_BOUND ( 'NONE', #2269, .T. ) ;
#683 = AXIS2_PLACEMENT_3D ( 'NONE', #2291, #455, #1896 ) ;
#684 = ORIENTED_EDGE ( 'NONE', *, *, #1983, .F. ) ;
#685 = EDGE_CURVE ( 'NONE', #465, #1286, #6, .T. ) ;
#686 = CIRCLE ( 'NONE', #2283, 2.960456600711806718 ) ;
#687 = DIRECTION ( 'NONE',  ( -1.000000000000000000, 0.000000000000000000, 0.000000000000000000 ) ) ;
#688 = ORIENTED_EDGE ( 'NONE', *, *, #512, .F. ) ;
#689 = ADVANCED_FACE ( 'NONE', ( #159 ), #1975, .F. ) ;
#690 = ORIENTED_EDGE ( 'NONE', *, *, #2305, .T. ) ;
#691 = CARTESIAN_POINT ( 'NONE',  ( 50.07953380410244648, 105.8793492453731773, 0.000000000000000000 ) ) ;
#692 = PERSON_AND_ORGANIZATION ( #1514, #754 ) ;
#693 = ORIENTED_EDGE ( 'NONE', *, *, #1360, .T. ) ;
#694 = CARTESIAN_POINT ( 'NONE',  ( 86.39486167683460849, 94.10215061608285225, 4.199999911085999571 ) ) ;
#695 = DIRECTION ( 'NONE',  ( 1.000000000000000000, 0.000000000000000000, 0.000000000000000000 ) ) ;
#696 = DIRECTION ( 'NONE',  ( -0.000000000000000000, -0.000000000000000000, 1.000000000000000000 ) ) ;
#697 = EDGE_LOOP ( 'NONE', ( #114, #1814 ) ) ;
#698 = AXIS2_PLACEMENT_3D ( 'NONE', #1198, #1381, #842 ) ;
#699 = EDGE_CURVE ( 'NONE', #872, #18, #662, .T. ) ;
#700 = AXIS2_PLACEMENT_3D ( 'NONE', #330, #658, #1041 ) ;
#701 = ORIENTED_EDGE ( 'NONE', *, *, #43, .F. ) ;
#702 = DIRECTION ( 'NONE',  ( 0.000000000000000000, -0.000000000000000000, -1.000000000000000000 ) ) ;
#703 = CYLINDRICAL_SURFACE ( 'NONE', #1044, 0.6999999942639972828 ) ;
#704 = CARTESIAN_POINT ( 'NONE',  ( 52.99842878151299885, 53.00157121848699404, 7.500000000000000000 ) ) ;
#705 = CYLINDRICAL_SURFACE ( 'NONE', #1185, 2.960456600711792952 ) ;
#706 = DIRECTION ( 'NONE',  ( 1.000000000000000000, 0.000000000000000000, 0.000000000000000000 ) ) ;
#707 = EDGE_LOOP ( 'NONE', ( #656, #693, #1605, #1104 ) ) ;
#708 = ORIENTED_EDGE ( 'NONE', *, *, #1862, .T. ) ;
#709 = EDGE_CURVE ( 'NONE', #357, #913, #517, .T. ) ;
#710 = CARTESIAN_POINT ( 'NONE',  ( 92.85200689024115661, 84.15441873311105780, 3.899999919690999128 ) ) ;
#711 = FACE_BOUND ( 'NONE', #654, .T. ) ;
#712 = EDGE_LOOP ( 'NONE', ( #2295, #1788, #1650, #304 ) ) ;
#713 = CARTESIAN_POINT ( 'NONE',  ( 14.11173230703773740, 21.57189038488589716, 4.649998006364000069 ) ) ;
#714 = DIRECTION ( 'NONE',  ( 0.7071067811865474617, 0.7071067811865474617, 0.000000000000000000 ) ) ;
#715 = AXIS2_PLACEMENT_3D ( 'NONE', #1708, #2010, #1131 ) ;
#716 = ORIENTED_EDGE ( 'NONE', *, *, #665, .T. ) ;
#717 = APPLICATION_CONTEXT ( 'configuration controlled 3d designs of mechanical parts and assemblies' ) ;
#718 = PERSON_AND_ORGANIZATION ( #1514, #754 ) ;
#719 = ADVANCED_BREP_SHAPE_REPRESENTATION ( '\X2\5e955ea7\X0\^\X2\78c160ac6d6e\X0\-\X2\4e0b\X0\', ( #670, #228 ), #1253 ) ;
#720 = LINE ( 'NONE', #1643, #195 ) ;
#721 = CIRCLE ( 'NONE', #1022, 52.95827939944611984 ) ;
#722 = DIRECTION ( 'NONE',  ( 0.000000000000000000, 0.000000000000000000, 1.000000000000000000 ) ) ;
#723 = CARTESIAN_POINT ( 'NONE',  ( 55.89934424987080064, 105.9601459312399925, 7.500000000000000000 ) ) ;
#724 = ADVANCED_FACE ( 'NONE', ( #1436 ), #1102, .F. ) ;
#725 = EDGE_LOOP ( 'NONE', ( #1250, #1411, #489, #991 ) ) ;
#726 = LINE ( 'NONE', #2290, #2261 ) ;
#727 = EDGE_CURVE ( 'NONE', #1251, #63, #1997, .T. ) ;
#728 = CARTESIAN_POINT ( 'NONE',  ( 50.84230130916199641, 0.04330999182740026543, 7.500000000000000000 ) ) ;
#729 = ORIENTED_EDGE ( 'NONE', *, *, #87, .F. ) ;
#730 = DIRECTION ( 'NONE',  ( 0.000000000000000000, 0.000000000000000000, 1.000000000000000000 ) ) ;
#731 = VERTEX_POINT ( 'NONE', #1639 ) ;
#732 = CIRCLE ( 'NONE', #578, 2.200000000000000622 ) ;
#733 = AXIS2_PLACEMENT_3D ( 'NONE', #2180, #457, #1307 ) ;
#734 = FACE_OUTER_BOUND ( 'NONE', #1497, .T. ) ;
#735 = ORIENTED_EDGE ( 'NONE', *, *, #1640, .F. ) ;
#736 = ORIENTED_EDGE ( 'NONE', *, *, #43, .T. ) ;
#737 = CIRCLE ( 'NONE', #1683, 2.956992594712514855 ) ;
#738 = PRODUCT_DEFINITION ( '未知', '', #1733, #516 ) ;
#739 = CYLINDRICAL_SURFACE ( 'NONE', #1363, 2.760456600711738595 ) ;
#740 = LINE ( 'NONE', #555, #882 ) ;
#741 = ADVANCED_FACE ( 'NONE', ( #1052 ), #739, .T. ) ;
#742 = SHAPE_DEFINITION_REPRESENTATION ( #787, #719 ) ;
#743 = CARTESIAN_POINT ( 'NONE',  ( 53.03888764915900111, 105.9601459312399925, 5.500000000000000000 ) ) ;
#744 = DIRECTION ( 'NONE',  ( 1.000000000000000000, 0.000000000000000000, 0.000000000000000000 ) ) ;
#745 = ORIENTED_EDGE ( 'NONE', *, *, #2033, .T. ) ;
#746 = DIRECTION ( 'NONE',  ( 1.000000000000000000, 0.000000000000000000, 0.000000000000000000 ) ) ;
#747 = CARTESIAN_POINT ( 'NONE',  ( 53.00308102532115129, 3.004421248253663190, 0.000000000000000000 ) ) ;
#748 = ORIENTED_EDGE ( 'NONE', *, *, #380, .F. ) ;
#749 = ORIENTED_EDGE ( 'NONE', *, *, #685, .F. ) ;
#750 = CARTESIAN_POINT ( 'NONE',  ( 0.04330999182739999481, 52.95769869083799364, -1.600000000000000755 ) ) ;
#751 = CARTESIAN_POINT ( 'NONE',  ( 102.9984287815129989, 53.00157121848700115, 7.500000000000000000 ) ) ;
#752 = APPROVAL_STATUS ( 'not_yet_approved' ) ;
#753 = CARTESIAN_POINT ( 'NONE',  ( 53.04230130916199215, 0.04330999182739999481, -1.600000000000000089 ) ) ;
#754 = ORGANIZATION ( '未指定', '未指定', '' ) ;
#755 = DIRECTION ( 'NONE',  ( 1.000000000000000000, 0.000000000000000000, 0.000000000000000000 ) ) ;
#756 = ADVANCED_FACE ( 'NONE', ( #1611 ), #2301, .T. ) ;
#757 = ORIENTED_EDGE ( 'NONE', *, *, #894, .F. ) ;
#758 = EDGE_CURVE ( 'NONE', #623, #1910, #1077, .T. ) ;
#759 = VECTOR ( 'NONE', #1247, 1000.000000000000000 ) ;
#760 = DIRECTION ( 'NONE',  ( -0.7071067811865474617, -0.7071067811865474617, 0.000000000000000000 ) ) ;
#761 = AXIS2_PLACEMENT_3D ( 'NONE', #1771, #1257, #1246 ) ;
#762 = VECTOR ( 'NONE', #1322, 1000.000000000000000 ) ;
#763 = CARTESIAN_POINT ( 'NONE',  ( 53.07661536047995554, 3.004482166740745086, 0.000000000000000000 ) ) ;
#764 = VERTEX_POINT ( 'NONE', #713 ) ;
#765 = VERTEX_POINT ( 'NONE', #2139 ) ;
#766 = DIRECTION ( 'NONE',  ( 0.000000000000000000, 0.000000000000000000, -1.000000000000000000 ) ) ;
#767 = FACE_OUTER_BOUND ( 'NONE', #131, .T. ) ;
#768 = PERSON_AND_ORGANIZATION_ROLE ( 'design_supplier' ) ;
#769 = DIRECTION ( 'NONE',  ( -0.000000000000000000, -0.000000000000000000, -1.000000000000000000 ) ) ;
#770 = CARTESIAN_POINT ( 'NONE',  ( 105.8760383473322548, 50.07962605223539754, 0.000000000000000000 ) ) ;
#771 = ORIENTED_EDGE ( 'NONE', *, *, #112, .T. ) ;
#772 = EDGE_LOOP ( 'NONE', ( #203, #1484, #2181, #960 ) ) ;
#773 = EDGE_CURVE ( 'NONE', #571, #1445, #231, .T. ) ;
#774 = DIRECTION ( 'NONE',  ( -0.000000000000000000, 0.000000000000000000, 1.000000000000000000 ) ) ;
#775 = EDGE_CURVE ( 'NONE', #630, #629, #233, .T. ) ;
#776 = FACE_OUTER_BOUND ( 'NONE', #218, .T. ) ;
#777 = CIRCLE ( 'NONE', #288, 2.956992594712495759 ) ;
#778 = AXIS2_PLACEMENT_3D ( 'NONE', #2262, #118, #2234 ) ;
#779 = PLANE ( 'NONE',  #792 ) ;
#780 = DIRECTION ( 'NONE',  ( 1.000000000000000000, 0.000000000000000000, 0.000000000000000000 ) ) ;
#781 = CONICAL_SURFACE ( 'NONE', #2150, 2.200000000000000622, 0.7853981633974482790 ) ;
#782 = CARTESIAN_POINT ( 'NONE',  ( 14.11173230703773740, 21.57189038488589716, 7.500000000000000000 ) ) ;
#783 = CARTESIAN_POINT ( 'NONE',  ( 87.32139428117507407, 93.33162696180089313, 5.399999899612994980 ) ) ;
#784 = ORIENTED_EDGE ( 'NONE', *, *, #15, .F. ) ;
#785 = ORIENTED_EDGE ( 'NONE', *, *, #919, .T. ) ;
#786 = DIRECTION ( 'NONE',  ( 0.000000000000000000, -0.000000000000000000, -1.000000000000000000 ) ) ;
#787 = PRODUCT_DEFINITION_SHAPE ( 'NONE', 'NONE',  #738 ) ;
#788 = EDGE_CURVE ( 'NONE', #1785, #1037, #1885, .T. ) ;
#789 = ORIENTED_EDGE ( 'NONE', *, *, #1360, .F. ) ;
#790 = ORIENTED_EDGE ( 'NONE', *, *, #1709, .T. ) ;
#791 = ORIENTED_EDGE ( 'NONE', *, *, #699, .T. ) ;
#792 = AXIS2_PLACEMENT_3D ( 'NONE', #1856, #964, #1298 ) ;
#793 = CYLINDRICAL_SURFACE ( 'NONE', #405, 2.860456600711734687 ) ;
#794 = DIRECTION ( 'NONE',  ( -0.000000000000000000, -0.000000000000000000, 1.000000000000000000 ) ) ;
#795 = ADVANCED_FACE ( 'NONE', ( #1330 ), #2031, .F. ) ;
#796 = DIRECTION ( 'NONE',  ( -0.000000000000000000, 0.000000000000000000, 1.000000000000000000 ) ) ;
#797 = DIRECTION ( 'NONE',  ( 0.7071067811865476838, 0.7071067811865474617, -0.000000000000000000 ) ) ;
#798 = ORIENTED_EDGE ( 'NONE', *, *, #378, .F. ) ;
#799 = EDGE_LOOP ( 'NONE', ( #1573, #1160 ) ) ;
#800 = LINE ( 'NONE', #437, #1392 ) ;
#801 = ORIENTED_EDGE ( 'NONE', *, *, #435, .F. ) ;
#802 = AXIS2_PLACEMENT_3D ( 'NONE', #1759, #146, #695 ) ;
#803 = ADVANCED_FACE ( 'NONE', ( #418 ), #793, .T. ) ;
#804 = DIRECTION ( 'NONE',  ( 0.000000000000000000, -0.000000000000000000, -1.000000000000000000 ) ) ;
#805 = DIRECTION ( 'NONE',  ( 1.000000000000000000, 0.000000000000000000, 0.000000000000000000 ) ) ;
#806 = ADVANCED_FACE ( 'NONE', ( #245, #1870, #1340 ), #396, .T. ) ;
#807 = FACE_OUTER_BOUND ( 'NONE', #348, .T. ) ;
#808 = CARTESIAN_POINT ( 'NONE',  ( 86.39486167683460849, 94.10215061608285225, 7.500000000000000000 ) ) ;
#809 = ORIENTED_EDGE ( 'NONE', *, *, #1146, .T. ) ;
#810 = ORIENTED_EDGE ( 'NONE', *, *, #835, .F. ) ;
#811 = ORIENTED_EDGE ( 'NONE', *, *, #1016, .F. ) ;
#812 = EDGE_LOOP ( 'NONE', ( #884, #60, #1323, #1517 ) ) ;
#813 = CARTESIAN_POINT ( 'NONE',  ( 92.86551463588254762, 83.17797699320320248, 7.500000000000000000 ) ) ;
#814 = ORIENTED_EDGE ( 'NONE', *, *, #646, .F. ) ;
#815 = CARTESIAN_POINT ( 'NONE',  ( 0.1202771075562500958, 55.91368943309023365, 0.000000000000000000 ) ) ;
#816 = DIRECTION ( 'NONE',  ( -0.000000000000000000, 0.000000000000000000, 1.000000000000000000 ) ) ;
#817 = AXIS2_PLACEMENT_3D ( 'NONE', #1544, #1011, #281 ) ;
#818 = CYLINDRICAL_SURFACE ( 'NONE', #1680, 2.760456600711738595 ) ;
#819 = FACE_OUTER_BOUND ( 'NONE', #2142, .T. ) ;
#820 = ORIENTED_EDGE ( 'NONE', *, *, #983, .T. ) ;
#821 = ADVANCED_FACE ( 'NONE', ( #1510, #1652 ), #779, .T. ) ;
#822 = DIRECTION ( 'NONE',  ( -0.000000000000000000, -0.000000000000000000, -1.000000000000000000 ) ) ;
#823 = VERTEX_POINT ( 'NONE', #1696 ) ;
#824 = LINE ( 'NONE', #1593, #254 ) ;
#825 = CARTESIAN_POINT ( 'NONE',  ( 105.9601459312399925, 53.03888764915900111, 7.500000000000000000 ) ) ;
#826 = DIRECTION ( 'NONE',  ( -0.000000000000000000, 0.000000000000000000, 1.000000000000000000 ) ) ;
#827 = DIRECTION ( 'NONE',  ( -0.000000000000000000, -0.000000000000000000, -1.000000000000000000 ) ) ;
#828 = CARTESIAN_POINT ( 'NONE',  ( 50.07843104844721438, 105.9601459312399925, 7.500000000000000000 ) ) ;
#829 = DIRECTION ( 'NONE',  ( -0.000000000000000000, -0.000000000000000000, 1.000000000000000000 ) ) ;
#830 = ORIENTED_EDGE ( 'NONE', *, *, #1083, .F. ) ;
#831 = EDGE_CURVE ( 'NONE', #1535, #946, #259, .T. ) ;
#832 = DIRECTION ( 'NONE',  ( -0.000000000000000000, -0.000000000000000000, -1.000000000000000000 ) ) ;
#833 = VERTEX_POINT ( 'NONE', #567 ) ;
#834 = CARTESIAN_POINT ( 'NONE',  ( 0.1251749871924237589, 50.00183953862546815, 7.500000000000000000 ) ) ;
#835 = EDGE_CURVE ( 'NONE', #2061, #1050, #2009, .T. ) ;
#836 = VECTOR ( 'NONE', #1893, 1000.000000000000000 ) ;
#837 = B_SPLINE_CURVE_WITH_KNOTS ( 'NONE', 3,
 ( #2186, #1314, #2097, #1382 ),
 .UNSPECIFIED., .F., .F.,
 ( 4, 4 ),
 ( 0.000000000000000000, 0.3798416127260067499 ),
 .UNSPECIFIED. ) ;
#838 = ORIENTED_EDGE ( 'NONE', *, *, #608, .T. ) ;
#839 = DIRECTION ( 'NONE',  ( -1.000000000000000000, 0.000000000000000000, -0.000000000000000000 ) ) ;
#840 = DIRECTION ( 'NONE',  ( 1.000000000000000000, 0.000000000000000000, 0.000000000000000000 ) ) ;
#841 = VECTOR ( 'NONE', #539, 1000.000000000000000 ) ;
#842 = DIRECTION ( 'NONE',  ( 1.000000000000000000, 0.000000000000000000, 0.000000000000000000 ) ) ;
#843 = AXIS2_PLACEMENT_3D ( 'NONE', #518, #1970, #1268 ) ;
#844 = CARTESIAN_POINT ( 'NONE',  ( 50.84230130916199641, 0.04330999182740026543, 7.500000000000000000 ) ) ;
#845 = EDGE_LOOP ( 'NONE', ( #346, #1621, #1303, #528, #2280, #1256, #423, #1153, #1684, #1107, #1884, #1750, #1082, #757, #227, #2294 ) ) ;
#846 = ORIENTED_EDGE ( 'NONE', *, *, #1805, .T. ) ;
#847 = LINE ( 'NONE', #1746, #2015 ) ;
#848 = ORIENTED_EDGE ( 'NONE', *, *, #1229, .F. ) ;
#849 = EDGE_CURVE ( 'NONE', #1561, #1860, #1499, .T. ) ;
#850 = VERTEX_POINT ( 'NONE', #2020 ) ;
#851 = EDGE_CURVE ( 'NONE', #1861, #850, #208, .T. ) ;
#852 = LINE ( 'NONE', #2231, #2204 ) ;
#853 =( NAMED_UNIT ( * ) PLANE_ANGLE_UNIT ( ) SI_UNIT ( $, .RADIAN. ) );
#854 = VERTEX_POINT ( 'NONE', #86 ) ;
#855 = DIRECTION ( 'NONE',  ( 1.000000000000000000, 0.000000000000000000, 0.000000000000000000 ) ) ;
#856 = CARTESIAN_POINT ( 'NONE',  ( 107.1566950353780783, 53.03888521768355702, -1.600000000000000755 ) ) ;
#857 = EDGE_LOOP ( 'NONE', ( #1355, #572, #939, #820 ) ) ;
#858 = CIRCLE ( 'NONE', #700, 49.99999999999999289 ) ;
#859 = CARTESIAN_POINT ( 'NONE',  ( 105.9566950353780612, 53.03888521768355702, 7.500000000000000000 ) ) ;
#860 = ORIENTED_EDGE ( 'NONE', *, *, #560, .F. ) ;
#861 = AXIS2_PLACEMENT_3D ( 'NONE', #1900, #471, #1914 ) ;
#862 = ORIENTED_EDGE ( 'NONE', *, *, #1498, .T. ) ;
#863 = DIRECTION ( 'NONE',  ( -1.000000000000000000, 0.000000000000000000, 0.000000000000000000 ) ) ;
#864 = EDGE_CURVE ( 'NONE', #219, #8, #1873, .T. ) ;
#865 = ORIENTED_EDGE ( 'NONE', *, *, #1335, .F. ) ;
#866 = DIRECTION ( 'NONE',  ( -1.000000000000000000, 0.000000000000000000, 0.000000000000000000 ) ) ;
#867 = EDGE_CURVE ( 'NONE', #57, #1854, #566, .T. ) ;
#868 = CARTESIAN_POINT ( 'NONE',  ( 53.04230130916199215, 0.04330999182739999481, -1.600000000000000755 ) ) ;
#869 = AXIS2_PLACEMENT_3D ( 'NONE', #2039, #229, #82 ) ;
#870 = CARTESIAN_POINT ( 'NONE',  ( 53.03888764915900111, 105.9601459312399925, 6.499999999999999112 ) ) ;
#871 = ORIENTED_EDGE ( 'NONE', *, *, #463, .F. ) ;
#872 = VERTEX_POINT ( 'NONE', #1662 ) ;
#873 = DIRECTION ( 'NONE',  ( -0.000000000000000000, -0.000000000000000000, 1.000000000000000000 ) ) ;
#874 = CARTESIAN_POINT ( 'NONE',  ( 53.04230130916199215, 0.04330999182739999481, 7.500000000000000000 ) ) ;
#875 = PERSON_AND_ORGANIZATION ( #1514, #754 ) ;
#876 = PRODUCT_RELATED_PRODUCT_CATEGORY ( 'detail', '', ( #1707 ) ) ;
#877 = DIRECTION ( 'NONE',  ( -1.000000000000000000, 0.000000000000000000, 0.000000000000000000 ) ) ;
#878 = DIRECTION ( 'NONE',  ( -0.000000000000000000, 0.000000000000000000, 1.000000000000000000 ) ) ;
#879 = ORIENTED_EDGE ( 'NONE', *, *, #239, .T. ) ;
#880 = AXIS2_PLACEMENT_3D ( 'NONE', #1558, #1772, #2264 ) ;
#881 = EDGE_CURVE ( 'NONE', #2037, #1233, #1111, .T. ) ;
#882 = VECTOR ( 'NONE', #1289, 1000.000000000000000 ) ;
#883 = CARTESIAN_POINT ( 'NONE',  ( 52.99842878151299885, 53.00157121848699404, 7.500000000000000000 ) ) ;
#884 = ORIENTED_EDGE ( 'NONE', *, *, #463, .T. ) ;
#885 = AXIS2_PLACEMENT_3D ( 'NONE', #1823, #766, #221 ) ;
#886 = ORIENTED_EDGE ( 'NONE', *, *, #521, .T. ) ;
#887 = DIRECTION ( 'NONE',  ( -1.000000000000000000, 0.000000000000000000, 0.000000000000000000 ) ) ;
#888 = ORIENTED_EDGE ( 'NONE', *, *, #2074, .T. ) ;
#889 = CARTESIAN_POINT ( 'NONE',  ( 52.99842878151299885, 53.00157121848699404, 0.000000000000000000 ) ) ;
#890 = CARTESIAN_POINT ( 'NONE',  ( 3.712397988679728034, -3.712397988679729366, 0.000000000000000000 ) ) ;
#891 = VERTEX_POINT ( 'NONE', #1321 ) ;
#892 = ORIENTED_EDGE ( 'NONE', *, *, #906, .T. ) ;
#893 = PLANE ( 'NONE',  #1665 ) ;
#894 = EDGE_CURVE ( 'NONE', #1327, #854, #1140, .T. ) ;
#895 = AXIS2_PLACEMENT_3D ( 'NONE', #1562, #661, #500 ) ;
#896 = CIRCLE ( 'NONE', #64, 2.956992594712495759 ) ;
#897 = ADVANCED_FACE ( 'NONE', ( #940 ), #1486, .T. ) ;
#898 = ORIENTED_EDGE ( 'NONE', *, *, #1563, .T. ) ;
#899 = DIRECTION ( 'NONE',  ( -1.000000000000000000, 0.000000000000000000, 0.000000000000000000 ) ) ;
#900 = ORIENTED_EDGE ( 'NONE', *, *, #1679, .T. ) ;
#901 = FACE_OUTER_BOUND ( 'NONE', #1549, .T. ) ;
#902 = DIRECTION ( 'NONE',  ( 1.000000000000000000, -8.326672684688675039E-16, 0.000000000000000000 ) ) ;
#903 = ORIENTED_EDGE ( 'NONE', *, *, #2114, .T. ) ;
#904 = CARTESIAN_POINT ( 'NONE',  ( 2.903766592539134272, 52.95769869083799364, -1.600000000000000089 ) ) ;
#905 = VECTOR ( 'NONE', #2268, 1000.000000000000000 ) ;
#906 = EDGE_CURVE ( 'NONE', #2229, #85, #1349, .T. ) ;
#907 = ADVANCED_FACE ( 'NONE', ( #1918 ), #2124, .F. ) ;
#908 = DIRECTION ( 'NONE',  ( -1.000000000000000000, 0.000000000000000000, 0.000000000000000000 ) ) ;
#909 = CARTESIAN_POINT ( 'NONE',  ( 12.00884298842660236, 19.46900177531712117, 4.649998006364000069 ) ) ;
#910 = EDGE_LOOP ( 'NONE', ( #1755, #690, #1175, #533 ) ) ;
#911 = CARTESIAN_POINT ( 'NONE',  ( 53.04230130916199215, 0.04330999182739999481, 7.500000000000000000 ) ) ;
#912 = LINE ( 'NONE', #1958, #1479 ) ;
#913 = VERTEX_POINT ( 'NONE', #460 ) ;
#914 = FACE_OUTER_BOUND ( 'NONE', #725, .T. ) ;
#915 = EDGE_LOOP ( 'NONE', ( #925, #426, #2038, #5, #1005, #100, #862, #1766, #1216, #929, #716, #542, #244 ) ) ;
#916 = AXIS2_PLACEMENT_3D ( 'NONE', #1515, #1839, #2196 ) ;
#917 = DIRECTION ( 'NONE',  ( -0.000000000000000000, -0.000000000000000000, 1.000000000000000000 ) ) ;
#918 = ORIENTED_EDGE ( 'NONE', *, *, #409, .T. ) ;
#919 = EDGE_CURVE ( 'NONE', #2101, #36, #637, .T. ) ;
#920 = EDGE_LOOP ( 'NONE', ( #2016, #2091, #296, #390 ) ) ;
#921 = DIRECTION ( 'NONE',  ( -0.000000000000000000, 0.000000000000000000, 1.000000000000000000 ) ) ;
#922 = DIRECTION ( 'NONE',  ( 0.000000000000000000, -0.000000000000000000, -1.000000000000000000 ) ) ;
#923 = CALENDAR_DATE ( 2025, 23, 7 ) ;
#924 = CARTESIAN_POINT ( 'NONE',  ( 87.20047013647494794, 93.43453966970869828, 5.399999899612993204 ) ) ;
#925 = ORIENTED_EDGE ( 'NONE', *, *, #1698, .T. ) ;
#926 = VERTEX_POINT ( 'NONE', #1193 ) ;
#927 = VECTOR ( 'NONE', #1292, 1000.000000000000000 ) ;
#928 = CYLINDRICAL_SURFACE ( 'NONE', #1716, 52.95827939944611984 ) ;
#929 = ORIENTED_EDGE ( 'NONE', *, *, #2278, .T. ) ;
#930 = ORIENTED_EDGE ( 'NONE', *, *, #1213, .T. ) ;
#931 = VECTOR ( 'NONE', #1807, 1000.000000000000114 ) ;
#932 = ADVANCED_FACE ( 'NONE', ( #106 ), #2053, .T. ) ;
#933 = CARTESIAN_POINT ( 'NONE',  ( 12.00884298842660236, 19.46900177531712117, 7.500000000000000000 ) ) ;
#934 = CARTESIAN_POINT ( 'NONE',  ( 52.99842878151299885, 53.00157121848699404, 5.500000000000000000 ) ) ;
#935 = CYLINDRICAL_SURFACE ( 'NONE', #1681, 2.960456600711806718 ) ;
#936 = CARTESIAN_POINT ( 'NONE',  ( 87.08136414029270611, 93.53494145190131803, 5.368924870163707119 ) ) ;
#937 = DIRECTION ( 'NONE',  ( -1.000000000000000000, 0.000000000000000000, 0.000000000000000000 ) ) ;
#938 = CARTESIAN_POINT ( 'NONE',  ( 21.55218131218314426, 14.12827035404193943, 7.500000000000000000 ) ) ;
#939 = ORIENTED_EDGE ( 'NONE', *, *, #2243, .T. ) ;
#940 = FACE_OUTER_BOUND ( 'NONE', #2277, .T. ) ;
#941 = CARTESIAN_POINT ( 'NONE',  ( 105.8718682856381292, 55.99802778473634390, 7.500000000000000000 ) ) ;
#942 = EDGE_CURVE ( 'NONE', #946, #35, #1822, .T. ) ;
#943 = FACE_OUTER_BOUND ( 'NONE', #1026, .T. ) ;
#944 = CIRCLE ( 'NONE', #1776, 52.95827939944611984 ) ;
#945 = CARTESIAN_POINT ( 'NONE',  ( 93.59309063404822382, 87.01147726866386733, 5.248710207966925445 ) ) ;
#946 = VERTEX_POINT ( 'NONE', #1008 ) ;
#947 = EDGE_CURVE ( 'NONE', #1233, #2189, #852, .T. ) ;
#948 = ORIENTED_EDGE ( 'NONE', *, *, #851, .F. ) ;
#949 = VECTOR ( 'NONE', #714, 1000.000000000000114 ) ;
#950 = AXIS2_PLACEMENT_3D ( 'NONE', #965, #612, #2022 ) ;
#951 = CARTESIAN_POINT ( 'NONE',  ( 50.07953380410244648, 105.8793492453731773, 7.500000000000000000 ) ) ;
#952 = ORIENTED_EDGE ( 'NONE', *, *, #831, .T. ) ;
#953 = DIRECTION ( 'NONE',  ( -0.000000000000000000, -0.000000000000000000, -1.000000000000000000 ) ) ;
#954 = CARTESIAN_POINT ( 'NONE',  ( 0.1202771075562505954, 55.91368943309024786, 7.500000000000000000 ) ) ;
#955 = DIRECTION ( 'NONE',  ( -0.000000000000000000, -0.000000000000000000, 1.000000000000000000 ) ) ;
#956 = CARTESIAN_POINT ( 'NONE',  ( 0.04330999182739999481, 52.95769869083799364, 7.500000000000000000 ) ) ;
#957 = ORIENTED_EDGE ( 'NONE', *, *, #2129, .T. ) ;
#958 = EDGE_CURVE ( 'NONE', #2078, #1861, #966, .T. ) ;
#959 = DIRECTION ( 'NONE',  ( 0.000000000000000000, 0.000000000000000000, -1.000000000000000000 ) ) ;
#960 = ORIENTED_EDGE ( 'NONE', *, *, #2114, .F. ) ;
#961 = VERTEX_POINT ( 'NONE', #312 ) ;
#962 = AXIS2_PLACEMENT_3D ( 'NONE', #638, #668, #681 ) ;
#963 = AXIS2_PLACEMENT_3D ( 'NONE', #1385, #1589, #687 ) ;
#964 = DIRECTION ( 'NONE',  ( 0.000000000000000000, 0.000000000000000000, -1.000000000000000000 ) ) ;
#965 = CARTESIAN_POINT ( 'NONE',  ( 92.85200689024115661, 84.15441873311105780, 0.000000000000000000 ) ) ;
#966 = CIRCLE ( 'NONE', #1167, 2.760456600711738595 ) ;
#967 = AXIS2_PLACEMENT_3D ( 'NONE', #1058, #139, #1595 ) ;
#968 = CARTESIAN_POINT ( 'NONE',  ( 52.93449841291140245, 103.0015303475500019, 5.500000000000000000 ) ) ;
#969 = DIRECTION ( 'NONE',  ( -0.000000000000000000, -0.000000000000000000, -1.000000000000000000 ) ) ;
#970 = EDGE_LOOP ( 'NONE', ( #811, #314 ) ) ;
#971 = ADVANCED_FACE ( 'NONE', ( #1879, #269 ), #1541, .T. ) ;
#972 = CARTESIAN_POINT ( 'NONE',  ( 51.84230130916199641, 0.04330999182740020992, 6.499999999999999112 ) ) ;
#973 = ORIENTED_EDGE ( 'NONE', *, *, #775, .F. ) ;
#974 = EDGE_CURVE ( 'NONE', #552, #1607, #649, .T. ) ;
#975 = DIRECTION ( 'NONE',  ( -0.000000000000000000, -0.000000000000000000, 1.000000000000000000 ) ) ;
#976 = CARTESIAN_POINT ( 'NONE',  ( 53.03888764915900111, 105.9601459312399925, 7.500000000000000000 ) ) ;
#977 = CARTESIAN_POINT ( 'NONE',  ( 55.99934424987079495, 105.9601459312399925, 7.500000000000000000 ) ) ;
#978 = CARTESIAN_POINT ( 'NONE',  ( 54.24230130916199499, 0.04330999182739999481, 7.500000000000000000 ) ) ;
#979 = ORIENTED_EDGE ( 'NONE', *, *, #1940, .T. ) ;
#980 = ORIENTED_EDGE ( 'NONE', *, *, #480, .F. ) ;
#981 = LINE ( 'NONE', #834, #1316 ) ;
#982 = AXIS2_PLACEMENT_3D ( 'NONE', #704, #1288, #877 ) ;
#983 = EDGE_CURVE ( 'NONE', #1037, #152, #737, .T. ) ;
#984 = VECTOR ( 'NONE', #797, 1000.000000000000000 ) ;
#985 = AXIS2_PLACEMENT_3D ( 'NONE', #408, #1166, #1141 ) ;
#986 = DIRECTION ( 'NONE',  ( 1.000000000000000000, 0.000000000000000000, 0.000000000000000000 ) ) ;
#987 = EDGE_CURVE ( 'NONE', #36, #1461, #2083, .T. ) ;
#988 = DIRECTION ( 'NONE',  ( -0.000000000000000000, -0.000000000000000000, 1.000000000000000000 ) ) ;
#989 = LINE ( 'NONE', #1143, #613 ) ;
#990 = DIRECTION ( 'NONE',  ( 1.000000000000000000, 0.000000000000000000, 0.000000000000000000 ) ) ;
#991 = ORIENTED_EDGE ( 'NONE', *, *, #310, .F. ) ;
#992 = ORIENTED_EDGE ( 'NONE', *, *, #2192, .F. ) ;
#993 = DIRECTION ( 'NONE',  ( -1.000000000000000000, 0.000000000000000000, 0.000000000000000000 ) ) ;
#994 = ORIENTED_EDGE ( 'NONE', *, *, #534, .T. ) ;
#995 = DIRECTION ( 'NONE',  ( -1.000000000000000000, 0.000000000000000000, 0.000000000000000000 ) ) ;
#996 = CARTESIAN_POINT ( 'NONE',  ( 91.57811418099859679, 84.80754924785112792, 5.159541643516593723 ) ) ;
#997 = CYLINDRICAL_SURFACE ( 'NONE', #1457, 2.960456600711785846 ) ;
#998 = EDGE_CURVE ( 'NONE', #1509, #57, #1565, .T. ) ;
#999 = VECTOR ( 'NONE', #399, 1000.000000000000000 ) ;
#1000 = AXIS2_PLACEMENT_3D ( 'NONE', #870, #696, #2279 ) ;
#1001 = DIRECTION ( 'NONE',  ( -0.000000000000000000, -0.000000000000000000, 1.000000000000000000 ) ) ;
#1002 = DIRECTION ( 'NONE',  ( 0.000000000000000000, 0.000000000000000000, -1.000000000000000000 ) ) ;
#1003 = ORIENTED_EDGE ( 'NONE', *, *, #1013, .F. ) ;
#1004 = DIRECTION ( 'NONE',  ( -1.000000000000000000, 0.000000000000000000, 0.000000000000000000 ) ) ;
#1005 = ORIENTED_EDGE ( 'NONE', *, *, #406, .T. ) ;
#1006 = ORIENTED_EDGE ( 'NONE', *, *, #193, .T. ) ;
#1007 = FACE_OUTER_BOUND ( 'NONE', #1079, .T. ) ;
#1008 = CARTESIAN_POINT ( 'NONE',  ( 91.87212541549885714, 84.44732943813937709, 4.199999911085999571 ) ) ;
#1009 = DIRECTION ( 'NONE',  ( 1.000000000000000000, 0.000000000000000000, 0.000000000000000000 ) ) ;
#1010 = CYLINDRICAL_SURFACE ( 'NONE', #583, 52.95827939944611984 ) ;
#1011 = DIRECTION ( 'NONE',  ( 0.000000000000000000, 0.000000000000000000, -1.000000000000000000 ) ) ;
#1012 = DIRECTION ( 'NONE',  ( -0.000000000000000000, 0.000000000000000000, 1.000000000000000000 ) ) ;
#1013 = EDGE_CURVE ( 'NONE', #1328, #854, #93, .T. ) ;
#1014 = VERTEX_POINT ( 'NONE', #815 ) ;
#1015 = DIRECTION ( 'NONE',  ( -1.000000000000000000, 0.000000000000000000, 0.000000000000000000 ) ) ;
#1016 = EDGE_CURVE ( 'NONE', #486, #926, #470, .T. ) ;
#1017 = EDGE_LOOP ( 'NONE', ( #520, #1827, #596, #1691 ) ) ;
#1018 = VECTOR ( 'NONE', #1904, 1000.000000000000000 ) ;
#1019 = ORIENTED_EDGE ( 'NONE', *, *, #2243, .F. ) ;
#1020 = CARTESIAN_POINT ( 'NONE',  ( 0.04330999182739999481, 52.95769869083799364, 7.500000000000000000 ) ) ;
#1021 = CARTESIAN_POINT ( 'NONE',  ( 104.7566950353780584, 53.03888521768355702, 7.500000000000000000 ) ) ;
#1022 = AXIS2_PLACEMENT_3D ( 'NONE', #1395, #1012, #493 ) ;
#1023 = DIRECTION ( 'NONE',  ( -0.000000000000000000, 0.000000000000000000, 1.000000000000000000 ) ) ;
#1024 = CARTESIAN_POINT ( 'NONE',  ( 53.03888764915900111, 105.9601459312399925, 7.500000000000000000 ) ) ;
#1025 = ORIENTED_EDGE ( 'NONE', *, *, #2199, .F. ) ;
#1026 = EDGE_LOOP ( 'NONE', ( #214, #157 ) ) ;
#1027 = DIRECTION ( 'NONE',  ( -0.000000000000000000, -0.000000000000000000, 1.000000000000000000 ) ) ;
#1028 = ORIENTED_EDGE ( 'NONE', *, *, #24, .F. ) ;
#1029 = LINE ( 'NONE', #813, #905 ) ;
#1030 = ADVANCED_FACE ( 'NONE', ( #2221 ), #1717, .T. ) ;
#1031 = CARTESIAN_POINT ( 'NONE',  ( 50.08639393572589427, 0.1234149532887765521, 7.500000000000000000 ) ) ;
#1032 = ORIENTED_EDGE ( 'NONE', *, *, #1229, .T. ) ;
#1033 = EDGE_CURVE ( 'NONE', #8, #553, #371, .T. ) ;
#1034 = LINE ( 'NONE', #648, #1866 ) ;
#1035 = DIRECTION ( 'NONE',  ( 0.000000000000000000, 0.000000000000000000, -1.000000000000000000 ) ) ;
#1036 = CARTESIAN_POINT ( 'NONE',  ( 0.000000000000000000, 0.000000000000000000, 0.000000000000000000 ) ) ;
#1037 = VERTEX_POINT ( 'NONE', #361 ) ;
#1038 = DIRECTION ( 'NONE',  ( -0.000000000000000000, -0.000000000000000000, 1.000000000000000000 ) ) ;
#1039 = CARTESIAN_POINT ( 'NONE',  ( 52.93449841290953373, 103.0015303475499877, 5.500000000000000000 ) ) ;
#1040 = ORIENTED_EDGE ( 'NONE', *, *, #2086, .T. ) ;
#1041 = DIRECTION ( 'NONE',  ( 1.000000000000000000, 0.000000000000000000, 0.000000000000000000 ) ) ;
#1042 = ORIENTED_EDGE ( 'NONE', *, *, #864, .F. ) ;
#1043 = AXIS2_PLACEMENT_3D ( 'NONE', #1609, #917, #1986 ) ;
#1044 = AXIS2_PLACEMENT_3D ( 'NONE', #490, #2288, #1425 ) ;
#1045 = AXIS2_PLACEMENT_3D ( 'NONE', #889, #2120, #1622 ) ;
#1046 = CC_DESIGN_PERSON_AND_ORGANIZATION_ASSIGNMENT ( #1674, #2184, ( #375 ) ) ;
#1047 = ORIENTED_EDGE ( 'NONE', *, *, #2203, .F. ) ;
#1048 = LINE ( 'NONE', #723, #1980 ) ;
#1049 = MECHANICAL_CONTEXT ( 'NONE', #356, 'mechanical' ) ;
#1050 = VERTEX_POINT ( 'NONE', #909 ) ;
#1051 = EDGE_CURVE ( 'NONE', #1285, #1905, #69, .T. ) ;
#1052 = FACE_OUTER_BOUND ( 'NONE', #2125, .T. ) ;
#1053 = DIRECTION ( 'NONE',  ( 1.000000000000000000, 0.000000000000000000, -0.000000000000000000 ) ) ;
#1054 = CARTESIAN_POINT ( 'NONE',  ( 102.9984287815129989, 53.00157121848700115, 0.000000000000000000 ) ) ;
#1055 = VERTEX_POINT ( 'NONE', #13 ) ;
#1056 = DIRECTION ( 'NONE',  ( -1.000000000000000000, 0.000000000000000000, 0.000000000000000000 ) ) ;
#1057 = ORIENTED_EDGE ( 'NONE', *, *, #998, .F. ) ;
#1058 = CARTESIAN_POINT ( 'NONE',  ( 50.08293382653617698, 0.1236056173284724585, 0.000000000000000000 ) ) ;
#1059 = APPROVAL_PERSON_ORGANIZATION ( #692, #2213, #1244 ) ;
#1060 = CARTESIAN_POINT ( 'NONE',  ( 53.13875616732580909, 103.0013743003470665, 0.000000000000000000 ) ) ;
#1061 = DATE_AND_TIME ( #335, #413 ) ;
#1062 = VERTEX_POINT ( 'NONE', #691 ) ;
#1063 = EDGE_CURVE ( 'NONE', #8, #219, #1380, .T. ) ;
#1064 = CYLINDRICAL_SURFACE ( 'NONE', #144, 1.199999999999999734 ) ;
#1065 = CARTESIAN_POINT ( 'NONE',  ( -2.156690008172600592, 52.95769869083799364, 7.500000000000000000 ) ) ;
#1066 = AXIS2_PLACEMENT_3D ( 'NONE', #169, #922, #1437 ) ;
#1067 = ORIENTED_EDGE ( 'NONE', *, *, #958, .F. ) ;
#1068 = VECTOR ( 'NONE', #181, 1000.000000000000000 ) ;
#1069 = EDGE_CURVE ( 'NONE', #1509, #585, #251, .T. ) ;
#1070 = VECTOR ( 'NONE', #1846, 1000.000000000000114 ) ;
#1071 = CARTESIAN_POINT ( 'NONE',  ( 93.34698163301577267, 84.64939347588567387, 3.899999919690999128 ) ) ;
#1072 = ORIENTED_EDGE ( 'NONE', *, *, #947, .F. ) ;
#1073 = ORIENTED_EDGE ( 'NONE', *, *, #1446, .T. ) ;
#1074 = CARTESIAN_POINT ( 'NONE',  ( 53.03888764915900111, 105.9601459312399925, 7.500000000000000000 ) ) ;
#1075 = FACE_OUTER_BOUND ( 'NONE', #2273, .T. ) ;
#1076 = ORIENTED_EDGE ( 'NONE', *, *, #947, .T. ) ;
#1077 = LINE ( 'NONE', #1791, #1068 ) ;
#1078 = DIRECTION ( 'NONE',  ( -0.000000000000000000, -0.000000000000000000, -1.000000000000000000 ) ) ;
#1079 = EDGE_LOOP ( 'NONE', ( #469, #150, #1006, #918, #1619, #449, #992, #860, #402, #102, #456, #2112, #1371, #501, #1277, #1992, #190, #1590, #791 ) ) ;
#1080 = ADVANCED_FACE ( 'NONE', ( #1075 ), #2050, .F. ) ;
#1081 = DIRECTION ( 'NONE',  ( 0.000000000000000000, 0.000000000000000000, -1.000000000000000000 ) ) ;
#1082 = ORIENTED_EDGE ( 'NONE', *, *, #2099, .F. ) ;
#1083 = EDGE_CURVE ( 'NONE', #2229, #412, #1648, .T. ) ;
#1084 = CIRCLE ( 'NONE', #963, 2.760456600711738595 ) ;
#1085 = CIRCLE ( 'NONE', #1863, 2.200000000000000622 ) ;
#1086 = VECTOR ( 'NONE', #1413, 1000.000000000000000 ) ;
#1087 = DIRECTION ( 'NONE',  ( -1.000000000000000000, 0.000000000000000000, 0.000000000000000000 ) ) ;
#1088 = AXIS2_PLACEMENT_3D ( 'NONE', #1608, #1953, #324 ) ;
#1089 = CARTESIAN_POINT ( 'NONE',  ( 0.04330999182739999481, 52.95769869083799364, -1.600000000000000089 ) ) ;
#1090 = ORIENTED_EDGE ( 'NONE', *, *, #974, .T. ) ;
#1091 = CARTESIAN_POINT ( 'NONE',  ( 52.99842878151299885, 53.00157121848699404, 5.399999899612998533 ) ) ;
#1092 = DIRECTION ( 'NONE',  ( 0.000000000000000000, 0.000000000000000000, 1.000000000000000000 ) ) ;
#1093 = ORIENTED_EDGE ( 'NONE', *, *, #2227, .F. ) ;
#1094 = AXIS2_PLACEMENT_3D ( 'NONE', #825, #451, #488 ) ;
#1095 = CARTESIAN_POINT ( 'NONE',  ( 86.39486167683460849, 94.10215061608286646, 4.358805068523478710 ) ) ;
#1096 = ORIENTED_EDGE ( 'NONE', *, *, #1538, .F. ) ;
#1097 = AXIS2_PLACEMENT_3D ( 'NONE', #2282, #2113, #1056 ) ;
#1098 = EDGE_CURVE ( 'NONE', #1860, #1607, #1942, .T. ) ;
#1099 = CYLINDRICAL_SURFACE ( 'NONE', #2220, 2.956992594712500200 ) ;
#1100 = EDGE_LOOP ( 'NONE', ( #1147, #363, #1504, #2265 ) ) ;
#1101 = CIRCLE ( 'NONE', #2134, 2.956992594712495759 ) ;
#1102 = PLANE ( 'NONE',  #761 ) ;
#1103 = DIRECTION ( 'NONE',  ( 0.7071067811865476838, 0.7071067811865474617, 0.000000000000000000 ) ) ;
#1104 = ORIENTED_EDGE ( 'NONE', *, *, #1146, .F. ) ;
#1105 = DIRECTION ( 'NONE',  ( -0.000000000000000000, 0.000000000000000000, 1.000000000000000000 ) ) ;
#1106 = ORIENTED_EDGE ( 'NONE', *, *, #1397, .T. ) ;
#1107 = ORIENTED_EDGE ( 'NONE', *, *, #773, .T. ) ;
#1108 = AXIS2_PLACEMENT_3D ( 'NONE', #1416, #829, #653 ) ;
#1109 = ORIENTED_EDGE ( 'NONE', *, *, #1983, .T. ) ;
#1110 = ADVANCED_FACE ( 'NONE', ( #1973 ), #781, .F. ) ;
#1111 = CIRCLE ( 'NONE', #1878, 1.199999999999999956 ) ;
#1112 = DIRECTION ( 'NONE',  ( 0.000000000000000000, 0.000000000000000000, -1.000000000000000000 ) ) ;
#1113 = EDGE_CURVE ( 'NONE', #2208, #1374, #1048, .T. ) ;
#1114 = DIRECTION ( 'NONE',  ( -0.7071067811865426878, 8.659560562354873694E-17, 0.7071067811865523467 ) ) ;
#1115 = CARTESIAN_POINT ( 'NONE',  ( 0.1202771075562505954, 55.91368943309024786, 7.500000000000000000 ) ) ;
#1116 = APPROVAL_ROLE ( '' ) ;
#1117 = FACE_OUTER_BOUND ( 'NONE', #1927, .T. ) ;
#1118 = CARTESIAN_POINT ( 'NONE',  ( 52.99842878151299885, 53.00157121848699404, 7.500000000000000000 ) ) ;
#1119 = EDGE_LOOP ( 'NONE', ( #215, #1319 ) ) ;
#1120 = ORIENTED_EDGE ( 'NONE', *, *, #1722, .T. ) ;
#1121 = CARTESIAN_POINT ( 'NONE',  ( 0.04330999182739999481, 52.95769869083799364, 0.000000000000000000 ) ) ;
#1122 = AXIS2_PLACEMENT_3D ( 'NONE', #89, #796, #1502 ) ;
#1123 = DIRECTION ( 'NONE',  ( -0.7071067811865474617, 8.659560562354931626E-17, 0.7071067811865476838 ) ) ;
#1124 = CONICAL_SURFACE ( 'NONE', #1569, 2.200000000000000622, 0.7853981633974481680 ) ;
#1125 = DIRECTION ( 'NONE',  ( 0.000000000000000000, 0.000000000000000000, -1.000000000000000000 ) ) ;
#1126 = CC_DESIGN_DATE_AND_TIME_ASSIGNMENT ( #29, #1312, ( #375 ) ) ;
#1127 = ORIENTED_EDGE ( 'NONE', *, *, #1324, .F. ) ;
#1128 = EDGE_LOOP ( 'NONE', ( #297, #2105, #952, #243, #1227, #1536 ) ) ;
#1129 = CARTESIAN_POINT ( 'NONE',  ( -3.853644469624137869, 3.853644469624139202, 0.000000000000000000 ) ) ;
#1130 = ADVANCED_FACE ( 'NONE', ( #513, #711, #1444, #1767, #1790, #2145, #541 ), #1780, .T. ) ;
#1131 = DIRECTION ( 'NONE',  ( -1.000000000000000000, 0.000000000000000000, 0.000000000000000000 ) ) ;
#1132 = PERSON_AND_ORGANIZATION ( #1514, #754 ) ;
#1133 = DIRECTION ( 'NONE',  ( 0.000000000000000000, -0.000000000000000000, -1.000000000000000000 ) ) ;
#1134 = CARTESIAN_POINT ( 'NONE',  ( 53.04230130916199215, 0.04330999182739999481, 7.500000000000000000 ) ) ;
#1135 = ORIENTED_EDGE ( 'NONE', *, *, #987, .T. ) ;
#1136 = ORIENTED_EDGE ( 'NONE', *, *, #942, .F. ) ;
#1137 = DIRECTION ( 'NONE',  ( -0.000000000000000000, -0.000000000000000000, -1.000000000000000000 ) ) ;
#1138 = DIRECTION ( 'NONE',  ( 1.000000000000000000, 0.000000000000000000, 0.000000000000000000 ) ) ;
#1139 = ORIENTED_EDGE ( 'NONE', *, *, #1667, .T. ) ;
#1140 = LINE ( 'NONE', #611, #2162 ) ;
#1141 = DIRECTION ( 'NONE',  ( -0.7071067811865475727, 0.7071067811865475727, 0.000000000000000000 ) ) ;
#1142 = ADVANCED_FACE ( 'NONE', ( #1403 ), #1099, .T. ) ;
#1143 = CARTESIAN_POINT ( 'NONE',  ( 85.63951783165720144, 92.35685727724424510, 3.899999919690999128 ) ) ;
#1144 = CIRCLE ( 'NONE', #1287, 2.860456600711783093 ) ;
#1145 = DIRECTION ( 'NONE',  ( -0.000000000000000000, 0.000000000000000000, 1.000000000000000000 ) ) ;
#1146 = EDGE_CURVE ( 'NONE', #1420, #610, #1597, .T. ) ;
#1147 = ORIENTED_EDGE ( 'NONE', *, *, #1311, .T. ) ;
#1148 = AXIS2_PLACEMENT_3D ( 'NONE', #2276, #2248, #130 ) ;
#1149 = CYLINDRICAL_SURFACE ( 'NONE', #1584, 2.860456600711796860 ) ;
#1150 = AXIS2_PLACEMENT_3D ( 'NONE', #222, #397, #246 ) ;
#1151 = CARTESIAN_POINT ( 'NONE',  ( 50.17843104844720870, 105.9601459312399925, -1.600000000000000755 ) ) ;
#1152 = ORIENTED_EDGE ( 'NONE', *, *, #1196, .F. ) ;
#1153 = ORIENTED_EDGE ( 'NONE', *, *, #2263, .T. ) ;
#1154 = CARTESIAN_POINT ( 'NONE',  ( 50.08293382653617698, 0.1236056173284724585, 0.000000000000000000 ) ) ;
#1155 = LINE ( 'NONE', #1673, #1070 ) ;
#1156 = PLANE ( 'NONE',  #247 ) ;
#1157 = DIRECTION ( 'NONE',  ( -0.7071067811865474617, -0.7071067811865474617, 0.000000000000000000 ) ) ;
#1158 = EDGE_CURVE ( 'NONE', #618, #1328, #1795, .T. ) ;
#1159 = VERTEX_POINT ( 'NONE', #1243 ) ;
#1160 = ORIENTED_EDGE ( 'NONE', *, *, #2305, .F. ) ;
#1161 = EDGE_CURVE ( 'NONE', #731, #1599, #1954, .T. ) ;
#1162 = DIRECTION ( 'NONE',  ( 0.7071067811865476838, 0.7071067811865474617, -0.000000000000000000 ) ) ;
#1163 = ORIENTED_EDGE ( 'NONE', *, *, #2203, .T. ) ;
#1164 = VECTOR ( 'NONE', #822, 1000.000000000000000 ) ;
#1165 = DIRECTION ( 'NONE',  ( -0.000000000000000000, -0.000000000000000000, 1.000000000000000000 ) ) ;
#1166 = DIRECTION ( 'NONE',  ( 0.7071067811865476838, 0.7071067811865474617, -0.000000000000000000 ) ) ;
#1167 = AXIS2_PLACEMENT_3D ( 'NONE', #1727, #115, #1218 ) ;
#1168 = CARTESIAN_POINT ( 'NONE',  ( 84.75671834165261487, 91.62063760026360626, 5.248935309964287477 ) ) ;
#1169 = CARTESIAN_POINT ( 'NONE',  ( 93.97492757542568143, 86.55013159806620138, 4.199999911085999571 ) ) ;
#1170 = CC_DESIGN_PERSON_AND_ORGANIZATION_ASSIGNMENT ( #514, #2286, ( #1707 ) ) ;
#1171 = ORIENTED_EDGE ( 'NONE', *, *, #1481, .F. ) ;
#1172 = CARTESIAN_POINT ( 'NONE',  ( 53.13875616732979523, 103.0013743003471092, 5.500000000000000000 ) ) ;
#1173 = EDGE_CURVE ( 'NONE', #1396, #872, #1777, .T. ) ;
#1174 = ORIENTED_EDGE ( 'NONE', *, *, #438, .T. ) ;
#1175 = ORIENTED_EDGE ( 'NONE', *, *, #1640, .T. ) ;
#1176 = CARTESIAN_POINT ( 'NONE',  ( 91.49260918849903135, 84.91111542915200516, 5.248755421314717395 ) ) ;
#1177 = DIRECTION ( 'NONE',  ( 1.000000000000000000, 0.000000000000000000, 0.000000000000000000 ) ) ;
#1178 = CARTESIAN_POINT ( 'NONE',  ( 84.29122047061819956, 91.99850940986644332, 4.199999911085999571 ) ) ;
#1179 = LINE ( 'NONE', #808, #1849 ) ;
#1180 = ORIENTED_EDGE ( 'NONE', *, *, #617, .F. ) ;
#1181 = VECTOR ( 'NONE', #2085, 1000.000000000000000 ) ;
#1182 = ORIENTED_EDGE ( 'NONE', *, *, #99, .T. ) ;
#1183 = AXIS2_PLACEMENT_3D ( 'NONE', #868, #1587, #160 ) ;
#1184 = EDGE_CURVE ( 'NONE', #1429, #126, #333, .T. ) ;
#1185 = AXIS2_PLACEMENT_3D ( 'NONE', #1463, #2121, #1428 ) ;
#1186 = DIRECTION ( 'NONE',  ( -0.000000000000000000, -0.000000000000000000, 1.000000000000000000 ) ) ;
#1187 = DIRECTION ( 'NONE',  ( -0.000000000000000000, 0.000000000000000000, 1.000000000000000000 ) ) ;
#1188 = CARTESIAN_POINT ( 'NONE',  ( 93.34698163301577267, 83.65944399033642753, 3.899999919690999128 ) ) ;
#1189 = DIRECTION ( 'NONE',  ( -0.000000000000000000, -0.000000000000000000, -1.000000000000000000 ) ) ;
#1190 = ORIENTED_EDGE ( 'NONE', *, *, #1173, .F. ) ;
#1191 = DIRECTION ( 'NONE',  ( -1.000000000000000000, 0.000000000000000000, 0.000000000000000000 ) ) ;
#1192 = ORIENTED_EDGE ( 'NONE', *, *, #494, .F. ) ;
#1193 = CARTESIAN_POINT ( 'NONE',  ( 51.83888764915900538, 105.9601459312399925, -1.600000000000000755 ) ) ;
#1194 = FACE_OUTER_BOUND ( 'NONE', #105, .T. ) ;
#1195 = AXIS2_PLACEMENT_3D ( 'NONE', #1489, #1475, #2024 ) ;
#1196 = EDGE_CURVE ( 'NONE', #2119, #1159, #248, .T. ) ;
#1197 = VECTOR ( 'NONE', #575, 1000.000000000000000 ) ;
#1198 = CARTESIAN_POINT ( 'NONE',  ( 53.04230130916199215, 0.04330999182739999481, 6.499999999999999112 ) ) ;
#1199 = DIRECTION ( 'NONE',  ( 1.000000000000000000, 0.000000000000000000, 0.000000000000000000 ) ) ;
#1200 = ORIENTED_EDGE ( 'NONE', *, *, #223, .T. ) ;
#1201 = CARTESIAN_POINT ( 'NONE',  ( 0.04330999182739999481, 52.95769869083799364, 7.500000000000000000 ) ) ;
#1202 = ORIENTED_EDGE ( 'NONE', *, *, #1498, .F. ) ;
#1203 = ORIENTED_EDGE ( 'NONE', *, *, #974, .F. ) ;
#1204 = ORIENTED_EDGE ( 'NONE', *, *, #2021, .F. ) ;
#1205 = DIRECTION ( 'NONE',  ( 0.000000000000000000, 0.000000000000000000, -1.000000000000000000 ) ) ;
#1206 = DIRECTION ( 'NONE',  ( 1.000000000000000000, 0.000000000000000000, 0.000000000000000000 ) ) ;
#1207 = FACE_OUTER_BOUND ( 'NONE', #353, .T. ) ;
#1208 = DIRECTION ( 'NONE',  ( 0.000000000000000000, 0.000000000000000000, -1.000000000000000000 ) ) ;
#1209 = EDGE_LOOP ( 'NONE', ( #2029, #292, #472, #1834 ) ) ;
#1210 = ADVANCED_FACE ( 'NONE', ( #1284 ), #2168, .T. ) ;
#1211 = CARTESIAN_POINT ( 'NONE',  ( 92.71058553907450062, 83.02304789639515548, 3.899999919690999128 ) ) ;
#1212 = ORIENTED_EDGE ( 'NONE', *, *, #604, .F. ) ;
#1213 = EDGE_CURVE ( 'NONE', #1233, #2037, #211, .T. ) ;
#1214 = DIRECTION ( 'NONE',  ( -0.000000000000000000, -0.000000000000000000, -1.000000000000000000 ) ) ;
#1215 = AXIS2_PLACEMENT_3D ( 'NONE', #1769, #1187, #1009 ) ;
#1216 = ORIENTED_EDGE ( 'NONE', *, *, #1196, .T. ) ;
#1217 = DIRECTION ( 'NONE',  ( -0.000000000000000000, -0.000000000000000000, -1.000000000000000000 ) ) ;
#1218 = DIRECTION ( 'NONE',  ( -1.000000000000000000, 0.000000000000000000, 0.000000000000000000 ) ) ;
#1219 = CARTESIAN_POINT ( 'NONE',  ( 105.8760383473322548, 50.07962605223539043, 7.500000000000000000 ) ) ;
#1220 = ORIENTED_EDGE ( 'NONE', *, *, #136, .T. ) ;
#1221 = DIRECTION ( 'NONE',  ( -0.000000000000000000, -0.000000000000000000, -1.000000000000000000 ) ) ;
#1222 = CIRCLE ( 'NONE', #1405, 2.860456600711783093 ) ;
#1223 = DIRECTION ( 'NONE',  ( -0.000000000000000000, -0.000000000000000000, -1.000000000000000000 ) ) ;
#1224 = FACE_OUTER_BOUND ( 'NONE', #2059, .T. ) ;
#1225 = EDGE_LOOP ( 'NONE', ( #78, #2197, #1677, #892 ) ) ;
#1226 = DIRECTION ( 'NONE',  ( -0.7071067811865474617, 8.659560562354932858E-17, 0.7071067811865474617 ) ) ;
#1227 = ORIENTED_EDGE ( 'NONE', *, *, #758, .F. ) ;
#1228 = CARTESIAN_POINT ( 'NONE',  ( 2.998826834277188436, 52.85903967732410536, 0.000000000000000000 ) ) ;
#1229 = EDGE_CURVE ( 'NONE', #152, #278, #1756, .T. ) ;
#1230 = ORIENTED_EDGE ( 'NONE', *, *, #2179, .T. ) ;
#1231 = DIRECTION ( 'NONE',  ( -1.000000000000000000, 0.000000000000000000, 0.000000000000000000 ) ) ;
#1232 = DIRECTION ( 'NONE',  ( 1.000000000000000000, 0.000000000000000000, 0.000000000000000000 ) ) ;
#1233 = VERTEX_POINT ( 'NONE', #1842 ) ;
#1234 = DIRECTION ( 'NONE',  ( 1.000000000000000000, 0.000000000000000000, 0.000000000000000000 ) ) ;
#1235 = CARTESIAN_POINT ( 'NONE',  ( 2.998428781513011288, 53.00157121848699404, 7.500000000000000000 ) ) ;
#1236 = AXIS2_PLACEMENT_3D ( 'NONE', #1838, #955, #2214 ) ;
#1237 = AXIS2_PLACEMENT_3D ( 'NONE', #1537, #383, #2228 ) ;
#1238 = CARTESIAN_POINT ( 'NONE',  ( 88.99818755445072327, 88.99818755445072327, 0.000000000000000000 ) ) ;
#1239 = VERTEX_POINT ( 'NONE', #1833 ) ;
#1240 = AXIS2_PLACEMENT_3D ( 'NONE', #1965, #1424, #2107 ) ;
#1241 = EDGE_LOOP ( 'NONE', ( #165, #576, #1212, #848 ) ) ;
#1242 = EDGE_CURVE ( 'NONE', #162, #571, #2176, .T. ) ;
#1243 = CARTESIAN_POINT ( 'NONE',  ( 50.07953380410244648, 105.8793492453731773, 7.500000000000000000 ) ) ;
#1244 = APPROVAL_ROLE ( '' ) ;
#1245 = ORIENTED_EDGE ( 'NONE', *, *, #2137, .T. ) ;
#1246 = DIRECTION ( 'NONE',  ( 0.7071069003960324117, 0.7071066619770425277, 0.000000000000000000 ) ) ;
#1247 = DIRECTION ( 'NONE',  ( -0.000000000000000000, -0.000000000000000000, -1.000000000000000000 ) ) ;
#1248 = AXIS2_PLACEMENT_3D ( 'NONE', #1817, #722, #746 ) ;
#1249 = CARTESIAN_POINT ( 'NONE',  ( 92.86551463588254762, 83.17797699320320248, 3.899999919690999128 ) ) ;
#1250 = ORIENTED_EDGE ( 'NONE', *, *, #508, .F. ) ;
#1251 = VERTEX_POINT ( 'NONE', #1483 ) ;
#1252 = DIRECTION ( 'NONE',  ( 1.000000000000000000, 0.000000000000000000, 0.000000000000000000 ) ) ;
#1253 =( GEOMETRIC_REPRESENTATION_CONTEXT ( 3 ) GLOBAL_UNCERTAINTY_ASSIGNED_CONTEXT ( ( #2289 ) ) GLOBAL_UNIT_ASSIGNED_CONTEXT ( ( #1741, #853, #2232 ) ) REPRESENTATION_CONTEXT ( 'NONE', 'WORKASPACE' ) );
#1254 = DIRECTION ( 'NONE',  ( 0.000000000000000000, 0.000000000000000000, -1.000000000000000000 ) ) ;
#1255 = EDGE_CURVE ( 'NONE', #823, #2226, #467, .T. ) ;
#1256 = ORIENTED_EDGE ( 'NONE', *, *, #2140, .F. ) ;
#1257 = DIRECTION ( 'NONE',  ( 0.7071066619770425277, -0.7071069003960324117, 0.000000000000000000 ) ) ;
#1258 = EDGE_CURVE ( 'NONE', #1159, #1062, #1296, .T. ) ;
#1259 = CARTESIAN_POINT ( 'NONE',  ( -2.817146608884334658, 52.95769869083799364, 0.000000000000000000 ) ) ;
#1260 = AXIS2_PLACEMENT_3D ( 'NONE', #1616, #548, #570 ) ;
#1261 = ORIENTED_EDGE ( 'NONE', *, *, #1069, .T. ) ;
#1262 = VECTOR ( 'NONE', #16, 1000.000000000000000 ) ;
#1263 = CIRCLE ( 'NONE', #2240, 49.99999999999999289 ) ;
#1264 = CARTESIAN_POINT ( 'NONE',  ( 91.87212541549885714, 84.44732943813937709, 3.899999919690999128 ) ) ;
#1265 = ORIENTED_EDGE ( 'NONE', *, *, #1507, .T. ) ;
#1266 = DIRECTION ( 'NONE',  ( 0.000000000000000000, 0.000000000000000000, 1.000000000000000000 ) ) ;
#1267 = CARTESIAN_POINT ( 'NONE',  ( 50.17843104844720870, 105.9601459312399925, 7.500000000000000000 ) ) ;
#1268 = DIRECTION ( 'NONE',  ( 1.000000000000000000, 0.000000000000000000, 0.000000000000000000 ) ) ;
#1269 = EDGE_LOOP ( 'NONE', ( #2156, #1644, #2236, #898 ) ) ;
#1270 = ADVANCED_FACE ( 'NONE', ( #1671 ), #59, .F. ) ;
#1271 = CARTESIAN_POINT ( 'NONE',  ( 86.51344754815266924, 94.00555299463673009, 4.805384938364147374 ) ) ;
#1272 = VECTOR ( 'NONE', #1223, 1000.000000000000000 ) ;
#1273 = AXIS2_PLACEMENT_3D ( 'NONE', #883, #673, #1015 ) ;
#1274 = VECTOR ( 'NONE', #2094, 1000.000000000000000 ) ;
#1275 = DIRECTION ( 'NONE',  ( 1.000000000000000000, 0.000000000000000000, 0.000000000000000000 ) ) ;
#1276 = ORIENTED_EDGE ( 'NONE', *, *, #1511, .T. ) ;
#1277 = ORIENTED_EDGE ( 'NONE', *, *, #1852, .F. ) ;
#1278 = CARTESIAN_POINT ( 'NONE',  ( 55.99934424987079495, 105.9601459312399925, 7.500000000000000000 ) ) ;
#1279 = LINE ( 'NONE', #1612, #1782 ) ;
#1280 = ORIENTED_EDGE ( 'NONE', *, *, #1585, .F. ) ;
#1281 = DIRECTION ( 'NONE',  ( 0.7071067811865476838, 0.7071067811865474617, 0.000000000000000000 ) ) ;
#1282 = ADVANCED_FACE ( 'NONE', ( #776 ), #1898, .F. ) ;
#1283 = EDGE_CURVE ( 'NONE', #1, #322, #1994, .T. ) ;
#1284 = FACE_OUTER_BOUND ( 'NONE', #1916, .T. ) ;
#1285 = VERTEX_POINT ( 'NONE', #587 ) ;
#1286 = VERTEX_POINT ( 'NONE', #1151 ) ;
#1287 = AXIS2_PLACEMENT_3D ( 'NONE', #1555, #141, #2245 ) ;
#1288 = DIRECTION ( 'NONE',  ( -0.000000000000000000, -0.000000000000000000, -1.000000000000000000 ) ) ;
#1289 = DIRECTION ( 'NONE',  ( -0.000000000000000000, -0.000000000000000000, -1.000000000000000000 ) ) ;
#1290 = APPROVAL_DATE_TIME ( #1488, #2274 ) ;
#1291 = AXIS2_PLACEMENT_3D ( 'NONE', #443, #969, #225 ) ;
#1292 = DIRECTION ( 'NONE',  ( 0.000000000000000000, 0.000000000000000000, 1.000000000000000000 ) ) ;
#1293 = AXIS2_PLACEMENT_3D ( 'NONE', #210, #27, #2131 ) ;
#1294 = VERTEX_POINT ( 'NONE', #101 ) ;
#1295 = ADVANCED_FACE ( 'NONE', ( #565 ), #205, .T. ) ;
#1296 = LINE ( 'NONE', #951, #1164 ) ;
#1297 = ORIENTED_EDGE ( 'NONE', *, *, #476, .F. ) ;
#1298 = DIRECTION ( 'NONE',  ( -1.000000000000000000, 0.000000000000000000, -0.000000000000000000 ) ) ;
#1299 = CARTESIAN_POINT ( 'NONE',  ( 2.998465205826569946, 53.06192376631493346, 5.500000000000000000 ) ) ;
#1300 = DATE_AND_TIME ( #1979, #340 ) ;
#1301 = PLANE ( 'NONE',  #1943 ) ;
#1302 = CARTESIAN_POINT ( 'NONE',  ( 86.58317737607245590, 93.94856627256660886, 4.939091039160935281 ) ) ;
#1303 = ORIENTED_EDGE ( 'NONE', *, *, #987, .F. ) ;
#1304 = CARTESIAN_POINT ( 'NONE',  ( 55.99929390387449502, 0.04330999182740035564, 0.000000000000000000 ) ) ;
#1305 = VECTOR ( 'NONE', #769, 1000.000000000000000 ) ;
#1306 = AXIS2_PLACEMENT_3D ( 'NONE', #859, #2079, #1925 ) ;
#1307 = DIRECTION ( 'NONE',  ( 1.000000000000000000, 0.000000000000000000, 0.000000000000000000 ) ) ;
#1308 = ADVANCED_FACE ( 'NONE', ( #2006 ), #551, .T. ) ;
#1309 = DIRECTION ( 'NONE',  ( -0.7071067811865476838, -0.7071067811865474617, 0.000000000000000000 ) ) ;
#1310 = CARTESIAN_POINT ( 'NONE',  ( 12.00884298842660236, 19.46900177531712117, 0.000000000000000000 ) ) ;
#1311 = EDGE_CURVE ( 'NONE', #1726, #1843, #1864, .T. ) ;
#1312 = DATE_TIME_ROLE ( 'classification_date' ) ;
#1313 = DIRECTION ( 'NONE',  ( 1.000000000000000000, 0.000000000000000000, -0.000000000000000000 ) ) ;
#1314 = CARTESIAN_POINT ( 'NONE',  ( 2.998636422513392574, 53.08887092049756262, 0.000000000000000000 ) ) ;
#1315 = EDGE_LOOP ( 'NONE', ( #2225, #1564 ) ) ;
#1316 = VECTOR ( 'NONE', #1214, 1000.000000000000000 ) ;
#1317 = LINE ( 'NONE', #2005, #1655 ) ;
#1318 = CARTESIAN_POINT ( 'NONE',  ( 53.13875616732793361, 103.0013743003471092, 5.500000000000000000 ) ) ;
#1319 = ORIENTED_EDGE ( 'NONE', *, *, #280, .F. ) ;
#1320 = ADVANCED_FACE ( 'NONE', ( #734 ), #928, .T. ) ;
#1321 = CARTESIAN_POINT ( 'NONE',  ( 84.29122047061819956, 91.99850940986644332, 4.199999911085999571 ) ) ;
#1322 = DIRECTION ( 'NONE',  ( 0.000000000000000000, 0.000000000000000000, 1.000000000000000000 ) ) ;
#1323 = ORIENTED_EDGE ( 'NONE', *, *, #2004, .F. ) ;
#1324 = EDGE_CURVE ( 'NONE', #35, #2254, #847, .T. ) ;
#1325 = CARTESIAN_POINT ( 'NONE',  ( 50.07843104844721438, 105.9601459312399925, 0.000000000000000000 ) ) ;
#1326 = CARTESIAN_POINT ( 'NONE',  ( 90.48319916059062962, 83.05840318323113536, 4.199999911085999571 ) ) ;
#1327 = VERTEX_POINT ( 'NONE', #1560 ) ;
#1328 = VERTEX_POINT ( 'NONE', #1071 ) ;
#1329 = DIRECTION ( 'NONE',  ( -0.000000000000000000, -0.000000000000000000, -1.000000000000000000 ) ) ;
#1330 = FACE_OUTER_BOUND ( 'NONE', #44, .T. ) ;
#1331 = CARTESIAN_POINT ( 'NONE',  ( 53.03888764915900111, 105.9601459312399925, 5.500000000000000000 ) ) ;
#1332 = CARTESIAN_POINT ( 'NONE',  ( 50.83888764915900538, 105.9601459312399925, 7.500000000000000000 ) ) ;
#1333 = DIRECTION ( 'NONE',  ( 1.000000000000000000, 0.000000000000000000, 0.000000000000000000 ) ) ;
#1334 = ORIENTED_EDGE ( 'NONE', *, *, #699, .F. ) ;
#1335 = EDGE_CURVE ( 'NONE', #2101, #823, #510, .T. ) ;
#1336 = VERTEX_POINT ( 'NONE', #1249 ) ;
#1337 = ORIENTED_EDGE ( 'NONE', *, *, #380, .T. ) ;
#1338 = DIRECTION ( 'NONE',  ( -0.000000000000000000, -0.000000000000000000, -1.000000000000000000 ) ) ;
#1339 = ORIENTED_EDGE ( 'NONE', *, *, #2033, .F. ) ;
#1340 = FACE_OUTER_BOUND ( 'NONE', #845, .T. ) ;
#1341 = CARTESIAN_POINT ( 'NONE',  ( 90.48319916059062962, 83.05840318323113536, 3.899999919690999128 ) ) ;
#1342 = AXIS2_PLACEMENT_3D ( 'NONE', #186, #347, #887 ) ;
#1343 = CARTESIAN_POINT ( 'NONE',  ( -3.730081417987739734, 3.730082675679530446, 0.000000000000000000 ) ) ;
#1344 = DIRECTION ( 'NONE',  ( -0.000000000000000000, -0.000000000000000000, 1.000000000000000000 ) ) ;
#1345 = ORIENTED_EDGE ( 'NONE', *, *, #1538, .T. ) ;
#1346 = ADVANCED_FACE ( 'NONE', ( #468 ), #1959, .F. ) ;
#1347 = ORIENTED_EDGE ( 'NONE', *, *, #99, .F. ) ;
#1348 = CIRCLE ( 'NONE', #2260, 49.99999999999999289 ) ;
#1349 = LINE ( 'NONE', #440, #1819 ) ;
#1350 = LINE ( 'NONE', #300, #836 ) ;
#1351 = CARTESIAN_POINT ( 'NONE',  ( 53.03888764915900111, 105.9601459312399925, 0.000000000000000000 ) ) ;
#1352 = AXIS2_PLACEMENT_3D ( 'NONE', #2178, #786, #1831 ) ;
#1353 = CARTESIAN_POINT ( 'NONE',  ( 52.99842878151299885, 53.00157121848699404, 0.000000000000000000 ) ) ;
#1354 = CARTESIAN_POINT ( 'NONE',  ( 93.40669779509096315, 87.23272772524045138, 5.368239024399729331 ) ) ;
#1355 = ORIENTED_EDGE ( 'NONE', *, *, #2046, .F. ) ;
#1356 = ORIENTED_EDGE ( 'NONE', *, *, #1682, .F. ) ;
#1357 = AXIS2_PLACEMENT_3D ( 'NONE', #680, #1581, #313 ) ;
#1358 = DIRECTION ( 'NONE',  ( -0.000000000000000000, -0.000000000000000000, -1.000000000000000000 ) ) ;
#1359 = ORIENTED_EDGE ( 'NONE', *, *, #831, .F. ) ;
#1360 = EDGE_CURVE ( 'NONE', #1412, #372, #507, .T. ) ;
#1361 = CARTESIAN_POINT ( 'NONE',  ( 2.998568765168921235, 53.00157145043636575, 0.000000000000000000 ) ) ;
#1362 = CIRCLE ( 'NONE', #1066, 0.6999999942639972828 ) ;
#1363 = AXIS2_PLACEMENT_3D ( 'NONE', #337, #554, #168 ) ;
#1364 = ADVANCED_FACE ( 'NONE', ( #483 ), #2250, .F. ) ;
#1365 = CIRCLE ( 'NONE', #1967, 1.199999999999999956 ) ;
#1366 = CARTESIAN_POINT ( 'NONE',  ( 0.04330999182739999481, 52.95769869083799364, 7.500000000000000000 ) ) ;
#1367 = DIRECTION ( 'NONE',  ( -0.000000000000000000, 0.000000000000000000, 1.000000000000000000 ) ) ;
#1368 = B_SPLINE_CURVE_WITH_KNOTS ( 'NONE', 3,
 ( #400, #924, #936, #30, #1430, #1302, #1271, #1465, #1095, #1826 ),
 .UNSPECIFIED., .F., .F.,
 ( 4, 2, 2, 2, 4 ),
 ( 0.000000000000000000, 0.0004696028642723865760, 0.0009392057285447731520, 0.001408808592817159620, 0.001878411457089546304 ),
 .UNSPECIFIED. ) ;
#1369 = DIRECTION ( 'NONE',  ( -0.000000000000000000, 0.000000000000000000, 1.000000000000000000 ) ) ;
#1370 = DIRECTION ( 'NONE',  ( 0.000000000000000000, 0.000000000000000000, 1.000000000000000000 ) ) ;
#1371 = ORIENTED_EDGE ( 'NONE', *, *, #849, .T. ) ;
#1372 = FACE_BOUND ( 'NONE', #1414, .T. ) ;
#1373 = ORIENTED_EDGE ( 'NONE', *, *, #2, .F. ) ;
#1374 = VERTEX_POINT ( 'NONE', #2100 ) ;
#1375 = DIRECTION ( 'NONE',  ( 1.000000000000000000, 0.000000000000000000, 0.000000000000000000 ) ) ;
#1376 = ADVANCED_FACE ( 'NONE', ( #1574 ), #321, .F. ) ;
#1377 = LINE ( 'NONE', #2063, #1181 ) ;
#1378 = AXIS2_PLACEMENT_3D ( 'NONE', #132, #1548, #295 ) ;
#1379 = CIRCLE ( 'NONE', #1236, 2.200000000000000622 ) ;
#1380 = CIRCLE ( 'NONE', #1757, 2.860456600711783093 ) ;
#1381 = DIRECTION ( 'NONE',  ( -0.000000000000000000, -0.000000000000000000, 1.000000000000000000 ) ) ;
#1382 = CARTESIAN_POINT ( 'NONE',  ( 2.998568765168921235, 53.00157145043636575, 0.000000000000000000 ) ) ;
#1383 = VERTEX_POINT ( 'NONE', #111 ) ;
#1384 = AXIS2_PLACEMENT_3D ( 'NONE', #911, #543, #525 ) ;
#1385 = CARTESIAN_POINT ( 'NONE',  ( 53.04230130916199215, 0.04330999182739999481, -1.600000000000000089 ) ) ;
#1386 = ORIENTED_EDGE ( 'NONE', *, *, #2046, .T. ) ;
#1387 = B_SPLINE_CURVE_WITH_KNOTS ( 'NONE', 3,
 ( #1848, #1523, #65, #1168, #2055, #224, #442, #2174, #1664, #1178 ),
 .UNSPECIFIED., .F., .F.,
 ( 4, 2, 2, 2, 4 ),
 ( 0.000000000000000000, 0.0004697201533539897941, 0.0009394403067079795883, 0.001409160460061969437, 0.001878880613415959177 ),
 .UNSPECIFIED. ) ;
#1388 = VERTEX_POINT ( 'NONE', #1398 ) ;
#1389 = CARTESIAN_POINT ( 'NONE',  ( 93.34698163301577267, 84.64939347588567387, 3.899999919690999128 ) ) ;
#1390 = CARTESIAN_POINT ( 'NONE',  ( 93.34698163301577267, 83.65944399033642753, 0.000000000000000000 ) ) ;
#1391 = ORIENTED_EDGE ( 'NONE', *, *, #1737, .T. ) ;
#1392 = VECTOR ( 'NONE', #266, 1000.000000000000000 ) ;
#1393 = EDGE_CURVE ( 'NONE', #506, #629, #176, .T. ) ;
#1394 = CARTESIAN_POINT ( 'NONE',  ( 50.08639393572589427, 0.1234149532887765521, 7.500000000000000000 ) ) ;
#1395 = CARTESIAN_POINT ( 'NONE',  ( 52.99842878151299885, 53.00157121848699404, 0.000000000000000000 ) ) ;
#1396 = VERTEX_POINT ( 'NONE', #149 ) ;
#1397 = EDGE_CURVE ( 'NONE', #1336, #618, #1604, .T. ) ;
#1398 = CARTESIAN_POINT ( 'NONE',  ( 0.1251749871924237589, 50.00183953862546815, 7.500000000000000000 ) ) ;
#1399 = EDGE_LOOP ( 'NONE', ( #495, #56, #1960, #110 ) ) ;
#1400 = CARTESIAN_POINT ( 'NONE',  ( 21.55218131218315136, 14.12827035404193232, 0.000000000000000000 ) ) ;
#1401 = VERTEX_POINT ( 'NONE', #1949 ) ;
#1402 = CIRCLE ( 'NONE', #1703, 49.99999999999999289 ) ;
#1403 = FACE_OUTER_BOUND ( 'NONE', #142, .T. ) ;
#1404 = DIRECTION ( 'NONE',  ( 0.000000000000000000, -0.000000000000000000, -1.000000000000000000 ) ) ;
#1405 = AXIS2_PLACEMENT_3D ( 'NONE', #478, #1208, #1545 ) ;
#1406 = CARTESIAN_POINT ( 'NONE',  ( 102.9984287815129989, 53.00157121848700115, 5.500000000000000000 ) ) ;
#1407 = CARTESIAN_POINT ( 'NONE',  ( 107.1566950353780783, 53.03888521768355702, 6.499999999999999112 ) ) ;
#1408 = CC_DESIGN_DATE_AND_TIME_ASSIGNMENT ( #1300, #1440, ( #738 ) ) ;
#1409 = DIRECTION ( 'NONE',  ( 1.000000000000000000, 0.000000000000000000, 0.000000000000000000 ) ) ;
#1410 = EDGE_CURVE ( 'NONE', #85, #1860, #497, .T. ) ;
#1411 = ORIENTED_EDGE ( 'NONE', *, *, #1978, .T. ) ;
#1412 = VERTEX_POINT ( 'NONE', #1938 ) ;
#1413 = DIRECTION ( 'NONE',  ( -0.000000000000000000, -0.000000000000000000, -1.000000000000000000 ) ) ;
#1414 = EDGE_LOOP ( 'NONE', ( #2045, #1678 ) ) ;
#1415 = CARTESIAN_POINT ( 'NONE',  ( 0.04330999182739999481, 52.95769869083799364, 7.500000000000000000 ) ) ;
#1416 = CARTESIAN_POINT ( 'NONE',  ( 0.04330999182739999481, 52.95769869083799364, 7.500000000000000000 ) ) ;
#1417 = CIRCLE ( 'NONE', #395, 52.95827939944611984 ) ;
#1418 = AXIS2_PLACEMENT_3D ( 'NONE', #48, #2028, #1138 ) ;
#1419 = DIRECTION ( 'NONE',  ( 1.000000000000000000, 0.000000000000000000, 0.000000000000000000 ) ) ;
#1420 = VERTEX_POINT ( 'NONE', #318 ) ;
#1421 = EDGE_CURVE ( 'NONE', #1412, #1420, #657, .T. ) ;
#1422 = EDGE_LOOP ( 'NONE', ( #92, #1003, #1245, #979 ) ) ;
#1423 = EDGE_CURVE ( 'NONE', #764, #1429, #858, .T. ) ;
#1424 = DIRECTION ( 'NONE',  ( -0.000000000000000000, -0.000000000000000000, 1.000000000000000000 ) ) ;
#1425 = DIRECTION ( 'NONE',  ( -1.000000000000000000, 0.000000000000000000, 0.000000000000000000 ) ) ;
#1426 = LINE ( 'NONE', #1801, #546 ) ;
#1427 = AXIS2_PLACEMENT_3D ( 'NONE', #1154, #2211, #579 ) ;
#1428 = DIRECTION ( 'NONE',  ( -1.000000000000000000, 0.000000000000000000, 0.000000000000000000 ) ) ;
#1429 = VERTEX_POINT ( 'NONE', #122 ) ;
#1430 = CARTESIAN_POINT ( 'NONE',  ( 86.75497534104673036, 93.80705254750233735, 5.160083174298946140 ) ) ;
#1431 = EDGE_CURVE ( 'NONE', #1861, #2078, #1084, .T. ) ;
#1432 = EDGE_LOOP ( 'NONE', ( #123, #814, #1480, #2218 ) ) ;
#1433 = FACE_OUTER_BOUND ( 'NONE', #857, .T. ) ;
#1434 = CARTESIAN_POINT ( 'NONE',  ( 92.85200689024115661, 84.15441873311105780, 3.899999919690999128 ) ) ;
#1435 = EDGE_CURVE ( 'NONE', #833, #2155, #2253, .T. ) ;
#1436 = FACE_OUTER_BOUND ( 'NONE', #1610, .T. ) ;
#1437 = DIRECTION ( 'NONE',  ( 1.000000000000000000, 0.000000000000000000, 0.000000000000000000 ) ) ;
#1438 = CIRCLE ( 'NONE', #880, 49.99999999999999289 ) ;
#1439 = ORIENTED_EDGE ( 'NONE', *, *, #450, .F. ) ;
#1440 = DATE_TIME_ROLE ( 'creation_date' ) ;
#1441 = CARTESIAN_POINT ( 'NONE',  ( 90.48319916059062962, 83.05840318323113536, 4.199999911085999571 ) ) ;
#1442 = CARTESIAN_POINT ( 'NONE',  ( 3.000302586539914440, 52.95769869083799364, 7.500000000000000000 ) ) ;
#1443 = DIRECTION ( 'NONE',  ( -0.000000000000000000, -0.000000000000000000, -1.000000000000000000 ) ) ;
#1444 = FACE_BOUND ( 'NONE', #2169, .T. ) ;
#1445 = VERTEX_POINT ( 'NONE', #1054 ) ;
#1446 = EDGE_CURVE ( 'NONE', #2078, #1055, #2122, .T. ) ;
#1447 = DIRECTION ( 'NONE',  ( -0.000000000000000000, -0.000000000000000000, 1.000000000000000000 ) ) ;
#1448 = LINE ( 'NONE', #1623, #274 ) ;
#1449 = PERSON_AND_ORGANIZATION_ROLE ( 'creator' ) ;
#1450 = ADVANCED_FACE ( 'NONE', ( #1372, #2090 ), #1912, .T. ) ;
#1451 = DIRECTION ( 'NONE',  ( -0.000000000000000000, -0.000000000000000000, 1.000000000000000000 ) ) ;
#1452 = ORIENTED_EDGE ( 'NONE', *, *, #2102, .T. ) ;
#1453 = CIRCLE ( 'NONE', #1754, 2.860456600711796860 ) ;
#1454 = ORIENTED_EDGE ( 'NONE', *, *, #1213, .F. ) ;
#1455 = AXIS2_PLACEMENT_3D ( 'NONE', #1774, #2266, #1409 ) ;
#1456 = VECTOR ( 'NONE', #624, 1000.000000000000000 ) ;
#1457 = AXIS2_PLACEMENT_3D ( 'NONE', #107, #827, #1906 ) ;
#1458 = CARTESIAN_POINT ( 'NONE',  ( 52.92954896145782584, 3.001618662805613624, 0.000000000000000000 ) ) ;
#1459 = ORIENTED_EDGE ( 'NONE', *, *, #508, .T. ) ;
#1460 = ORIENTED_EDGE ( 'NONE', *, *, #1923, .T. ) ;
#1461 = VERTEX_POINT ( 'NONE', #558 ) ;
#1462 = DIRECTION ( 'NONE',  ( -0.7071069003960324117, -0.7071066619770425277, -0.000000000000000000 ) ) ;
#1463 = CARTESIAN_POINT ( 'NONE',  ( 53.03888764915900111, 105.9601459312399925, 7.500000000000000000 ) ) ;
#1464 = EDGE_CURVE ( 'NONE', #2155, #278, #1804, .T. ) ;
#1465 = CARTESIAN_POINT ( 'NONE',  ( 86.41983748881997940, 94.08188821393110857, 4.516564363141356786 ) ) ;
#1466 = ADVANCED_FACE ( 'NONE', ( #192 ), #1124, .F. ) ;
#1467 = ORIENTED_EDGE ( 'NONE', *, *, #1446, .F. ) ;
#1468 = CARTESIAN_POINT ( 'NONE',  ( 91.10290003088910282, 85.37516031215206169, 5.399999899612998533 ) ) ;
#1469 = CARTESIAN_POINT ( 'NONE',  ( 55.99811458700730782, 105.8748276154417312, 0.000000000000000000 ) ) ;
#1470 = DIRECTION ( 'NONE',  ( 0.000000000000000000, 0.000000000000000000, 1.000000000000000000 ) ) ;
#1471 = AXIS2_PLACEMENT_3D ( 'NONE', #976, #1473, #1177 ) ;
#1472 = CARTESIAN_POINT ( 'NONE',  ( 103.7566950353780726, 53.03888521768355702, 7.500000000000000000 ) ) ;
#1473 = DIRECTION ( 'NONE',  ( -0.000000000000000000, -0.000000000000000000, 1.000000000000000000 ) ) ;
#1474 = COORDINATED_UNIVERSAL_TIME_OFFSET ( 8, 0, .AHEAD. ) ;
#1475 = DIRECTION ( 'NONE',  ( -0.000000000000000000, -0.000000000000000000, 1.000000000000000000 ) ) ;
#1476 = CIRCLE ( 'NONE', #1779, 2.860456600711796860 ) ;
#1477 = CARTESIAN_POINT ( 'NONE',  ( 85.22241148525492349, 91.23264416588072834, 5.399999899612994980 ) ) ;
#1478 = ORIENTED_EDGE ( 'NONE', *, *, #323, .F. ) ;
#1479 = VECTOR ( 'NONE', #386, 1000.000000000000000 ) ;
#1480 = ORIENTED_EDGE ( 'NONE', *, *, #1158, .T. ) ;
#1481 = EDGE_CURVE ( 'NONE', #1721, #765, #2300, .T. ) ;
#1482 = ORIENTED_EDGE ( 'NONE', *, *, #1923, .F. ) ;
#1483 = CARTESIAN_POINT ( 'NONE',  ( 54.24230130916199499, 0.04330999182739999481, 6.499999999999999112 ) ) ;
#1484 = ORIENTED_EDGE ( 'NONE', *, *, #280, .T. ) ;
#1485 = ORIENTED_EDGE ( 'NONE', *, *, #1806, .F. ) ;
#1486 = CYLINDRICAL_SURFACE ( 'NONE', #204, 2.860456600711734687 ) ;
#1487 = LINE ( 'NONE', #941, #564 ) ;
#1488 = DATE_AND_TIME ( #923, #557 ) ;
#1489 = CARTESIAN_POINT ( 'NONE',  ( 105.9566950353780612, 53.03888521768355702, 7.500000000000000000 ) ) ;
#1490 = CARTESIAN_POINT ( 'NONE',  ( 53.04230130916199215, 0.04330999182739999481, 0.000000000000000000 ) ) ;
#1491 = ORIENTED_EDGE ( 'NONE', *, *, #1423, .F. ) ;
#1492 = VECTOR ( 'NONE', #1226, 1000.000000000000114 ) ;
#1493 = EDGE_CURVE ( 'NONE', #1599, #1937, #777, .T. ) ;
#1494 = LINE ( 'NONE', #598, #37 ) ;
#1495 = AXIS2_PLACEMENT_3D ( 'NONE', #1496, #2191, #415 ) ;
#1496 = CARTESIAN_POINT ( 'NONE',  ( 15.63817308559587893, 23.09833064876588793, 4.649998006364000069 ) ) ;
#1497 = EDGE_LOOP ( 'NONE', ( #771, #343, #1890, #81, #1714, #23, #1829, #120 ) ) ;
#1498 = EDGE_CURVE ( 'NONE', #765, #357, #1614, .T. ) ;
#1499 = LINE ( 'NONE', #1129, #592 ) ;
#1500 = CARTESIAN_POINT ( 'NONE',  ( 55.99929390387449502, 0.04330999182740035564, 7.500000000000000000 ) ) ;
#1501 = CYLINDRICAL_SURFACE ( 'NONE', #861, 2.956992594712514855 ) ;
#1502 = DIRECTION ( 'NONE',  ( 1.000000000000000000, 0.000000000000000000, 0.000000000000000000 ) ) ;
#1503 = DIRECTION ( 'NONE',  ( -0.000000000000000000, -0.000000000000000000, 1.000000000000000000 ) ) ;
#1504 = ORIENTED_EDGE ( 'NONE', *, *, #1911, .T. ) ;
#1505 = EDGE_LOOP ( 'NONE', ( #1778, #1076, #1516, #1439 ) ) ;
#1506 = CONICAL_SURFACE ( 'NONE', #482, 2.199999999999993516, 0.7853981633974415066 ) ;
#1507 = EDGE_CURVE ( 'NONE', #1651, #636, #1368, .T. ) ;
#1508 = EDGE_LOOP ( 'NONE', ( #1952, #1897, #900, #1276, #1265, #1546, #1452, #684, #1171, #745 ) ) ;
#1509 = VERTEX_POINT ( 'NONE', #904 ) ;
#1510 = FACE_BOUND ( 'NONE', #970, .T. ) ;
#1511 = EDGE_CURVE ( 'NONE', #2254, #1651, #581, .T. ) ;
#1512 = LINE ( 'NONE', #2201, #762 ) ;
#1513 = LINE ( 'NONE', #968, #999 ) ;
#1514 = PERSON ( '未指定', '未指定', '未指定', ('未指定'), ('未指定'), ('未指定') ) ;
#1515 = CARTESIAN_POINT ( 'NONE',  ( 52.99842878151299885, 53.00157121848699404, 0.000000000000000000 ) ) ;
#1516 = ORIENTED_EDGE ( 'NONE', *, *, #323, .T. ) ;
#1517 = ORIENTED_EDGE ( 'NONE', *, *, #1255, .F. ) ;
#1518 = AXIS2_PLACEMENT_3D ( 'NONE', #505, #1189, #303 ) ;
#1519 = AXIS2_PLACEMENT_3D ( 'NONE', #407, #804, #38 ) ;
#1520 = DIRECTION ( 'NONE',  ( -1.000000000000000000, 0.000000000000000000, 0.000000000000000000 ) ) ;
#1521 = CARTESIAN_POINT ( 'NONE',  ( 52.99842878151299885, 53.00157121848699404, 0.000000000000000000 ) ) ;
#1522 = EDGE_CURVE ( 'NONE', #731, #1388, #896, .T. ) ;
#1523 = CARTESIAN_POINT ( 'NONE',  ( 85.10096832745753659, 91.33500546297895539, 5.399999899612994980 ) ) ;
#1524 = DIRECTION ( 'NONE',  ( 0.000000000000000000, -0.000000000000000000, -1.000000000000000000 ) ) ;
#1525 = EDGE_LOOP ( 'NONE', ( #1152, #886, #1628, #327 ) ) ;
#1526 = ADVANCED_FACE ( 'NONE', ( #914 ), #601, .F. ) ;
#1527 = ORIENTED_EDGE ( 'NONE', *, *, #1397, .F. ) ;
#1528 = VERTEX_POINT ( 'NONE', #1477 ) ;
#1529 = CARTESIAN_POINT ( 'NONE',  ( 105.9566950353780612, 53.03888521768355702, 7.500000000000000000 ) ) ;
#1530 = CIRCLE ( 'NONE', #1122, 2.960456600711785846 ) ;
#1531 = DIRECTION ( 'NONE',  ( 0.000000000000000000, 0.000000000000000000, -1.000000000000000000 ) ) ;
#1532 = CARTESIAN_POINT ( 'NONE',  ( 0.04330999182739999481, 52.95769869083799364, 0.000000000000000000 ) ) ;
#1533 = CARTESIAN_POINT ( 'NONE',  ( 108.8206025319517778, 53.03888764915900111, 7.500000000000000000 ) ) ;
#1534 = CARTESIAN_POINT ( 'NONE',  ( 93.82105168204601853, 86.73738551468146341, 4.938374406287456608 ) ) ;
#1535 = VERTEX_POINT ( 'NONE', #1264 ) ;
#1536 = ORIENTED_EDGE ( 'NONE', *, *, #1907, .F. ) ;
#1537 = CARTESIAN_POINT ( 'NONE',  ( 83.51819750939208120, 93.48822811396013321, 3.899999919690999128 ) ) ;
#1538 = EDGE_CURVE ( 'NONE', #1055, #850, #496, .T. ) ;
#1539 = ORIENTED_EDGE ( 'NONE', *, *, #1051, .F. ) ;
#1540 = ORIENTED_EDGE ( 'NONE', *, *, #184, .T. ) ;
#1541 = PLANE ( 'NONE',  #660 ) ;
#1542 = CARTESIAN_POINT ( 'NONE',  ( 84.50814699494129911, 93.48822811396013321, 3.899999919690999128 ) ) ;
#1543 = FACE_OUTER_BOUND ( 'NONE', #1933, .T. ) ;
#1544 = CARTESIAN_POINT ( 'NONE',  ( 0.04330999182739999481, 52.95769869083799364, -1.600000000000000089 ) ) ;
#1545 = DIRECTION ( 'NONE',  ( -1.000000000000000000, 0.000000000000000000, 0.000000000000000000 ) ) ;
#1546 = ORIENTED_EDGE ( 'NONE', *, *, #1670, .T. ) ;
#1547 = CC_DESIGN_APPROVAL ( #1705, ( #375 ) ) ;
#1548 = DIRECTION ( 'NONE',  ( -0.000000000000000000, -0.000000000000000000, 1.000000000000000000 ) ) ;
#1549 = EDGE_LOOP ( 'NONE', ( #341, #49, #1899, #1025 ) ) ;
#1550 = EDGE_CURVE ( 'NONE', #2098, #1285, #720, .T. ) ;
#1551 = AXIS2_PLACEMENT_3D ( 'NONE', #1490, #1145, #263 ) ;
#1552 = ADVANCED_FACE ( 'NONE', ( #2133 ), #893, .F. ) ;
#1553 = VECTOR ( 'NONE', #544, 1000.000000000000114 ) ;
#1554 = DIRECTION ( 'NONE',  ( -0.000000000000000000, -0.000000000000000000, -1.000000000000000000 ) ) ;
#1555 = CARTESIAN_POINT ( 'NONE',  ( 105.9601459312399925, 53.03888764915900111, -1.600000000000000755 ) ) ;
#1556 = FACE_OUTER_BOUND ( 'NONE', #1269, .T. ) ;
#1557 = CARTESIAN_POINT ( 'NONE',  ( 84.29122047061819956, 91.99850940986644332, 3.899999919690999128 ) ) ;
#1558 = CARTESIAN_POINT ( 'NONE',  ( 52.99842878151299885, 53.00157121848699404, 3.899999919690999128 ) ) ;
#1559 = ORIENTED_EDGE ( 'NONE', *, *, #1507, .F. ) ;
#1560 = CARTESIAN_POINT ( 'NONE',  ( 92.71058554313046329, 85.28578956577096903, 0.000000000000000000 ) ) ;
#1561 = VERTEX_POINT ( 'NONE', #1787 ) ;
#1562 = CARTESIAN_POINT ( 'NONE',  ( 0.04330999182739999481, 52.95769869083799364, 6.499999999999999112 ) ) ;
#1563 = EDGE_CURVE ( 'NONE', #412, #1294, #202, .T. ) ;
#1564 = ORIENTED_EDGE ( 'NONE', *, *, #393, .F. ) ;
#1565 = LINE ( 'NONE', #279, #138 ) ;
#1566 = CIRCLE ( 'NONE', #178, 52.95827939944611984 ) ;
#1567 = ORIENTED_EDGE ( 'NONE', *, *, #851, .T. ) ;
#1568 = ADVANCED_FACE ( 'NONE', ( #172 ), #2304, .F. ) ;
#1569 = AXIS2_PLACEMENT_3D ( 'NONE', #1812, #2143, #755 ) ;
#1570 = AXIS2_PLACEMENT_3D ( 'NONE', #1089, #1254, #2297 ) ;
#1571 = DIRECTION ( 'NONE',  ( -0.000000000000000000, -0.000000000000000000, -1.000000000000000000 ) ) ;
#1572 = CARTESIAN_POINT ( 'NONE',  ( 83.01734583326891936, 92.98737643783697138, 7.500000000000000000 ) ) ;
#1573 = ORIENTED_EDGE ( 'NONE', *, *, #1805, .F. ) ;
#1574 = FACE_OUTER_BOUND ( 'NONE', #1209, .T. ) ;
#1575 = VERTEX_POINT ( 'NONE', #376 ) ;
#1576 = CARTESIAN_POINT ( 'NONE',  ( 2.998767791551009587, 52.93030556387991936, 0.000000000000000000 ) ) ;
#1577 = ORIENTED_EDGE ( 'NONE', *, *, #617, .T. ) ;
#1578 = FACE_OUTER_BOUND ( 'NONE', #2089, .T. ) ;
#1579 = ADVANCED_FACE ( 'NONE', ( #2224 ), #80, .F. ) ;
#1580 = CARTESIAN_POINT ( 'NONE',  ( 91.10290003088910282, 85.37516031215206169, 5.399999899612998533 ) ) ;
#1581 = DIRECTION ( 'NONE',  ( 0.000000000000000000, 0.000000000000000000, -1.000000000000000000 ) ) ;
#1582 = EDGE_LOOP ( 'NONE', ( #2188, #1962, #283, #1971 ) ) ;
#1583 = CYLINDRICAL_SURFACE ( 'NONE', #1868, 1.199999988526992523 ) ;
#1584 = AXIS2_PLACEMENT_3D ( 'NONE', #1694, #1137, #427 ) ;
#1585 = EDGE_CURVE ( 'NONE', #946, #1910, #1690, .T. ) ;
#1586 = CARTESIAN_POINT ( 'NONE',  ( 105.9601459312399925, 53.03888764915900111, 0.000000000000000000 ) ) ;
#1587 = DIRECTION ( 'NONE',  ( 0.000000000000000000, 0.000000000000000000, -1.000000000000000000 ) ) ;
#1588 = ORIENTED_EDGE ( 'NONE', *, *, #450, .T. ) ;
#1589 = DIRECTION ( 'NONE',  ( 0.000000000000000000, 0.000000000000000000, -1.000000000000000000 ) ) ;
#1590 = ORIENTED_EDGE ( 'NONE', *, *, #1173, .T. ) ;
#1591 = FACE_OUTER_BOUND ( 'NONE', #1017, .T. ) ;
#1592 = AXIS2_PLACEMENT_3D ( 'NONE', #2041, #429, #2054 ) ;
#1593 = CARTESIAN_POINT ( 'NONE',  ( 55.24230130916199499, 0.04330999182739999481, 7.500000000000000000 ) ) ;
#1594 = ORIENTED_EDGE ( 'NONE', *, *, #651, .F. ) ;
#1595 = DIRECTION ( 'NONE',  ( -1.000000000000000000, 0.000000000000000000, -0.000000000000000000 ) ) ;
#1596 = VECTOR ( 'NONE', #1344, 1000.000000000000000 ) ;
#1597 = LINE ( 'NONE', #2285, #931 ) ;
#1598 = APPLICATION_PROTOCOL_DEFINITION ( 'international standard', 'config_control_design', 1994, #717 ) ;
#1599 = VERTEX_POINT ( 'NONE', #55 ) ;
#1600 = AXIS2_PLACEMENT_3D ( 'NONE', #934, #1999, #902 ) ;
#1601 = CARTESIAN_POINT ( 'NONE',  ( 104.7566950353780584, 53.03888521768355702, 6.499999999999999112 ) ) ;
#1602 = DIRECTION ( 'NONE',  ( 1.000000000000000000, 0.000000000000000000, 0.000000000000000000 ) ) ;
#1603 = EDGE_CURVE ( 'NONE', #1062, #416, #2281, .T. ) ;
#1604 = LINE ( 'NONE', #1211, #360 ) ;
#1605 = ORIENTED_EDGE ( 'NONE', *, *, #393, .T. ) ;
#1606 = EDGE_CURVE ( 'NONE', #137, #1924, #2206, .T. ) ;
#1607 = VERTEX_POINT ( 'NONE', #1676 ) ;
#1608 = CARTESIAN_POINT ( 'NONE',  ( 85.63951783165720144, 92.35685727724424510, 3.899999919690999128 ) ) ;
#1609 = CARTESIAN_POINT ( 'NONE',  ( 0.04330999182739999481, 52.95769869083799364, 7.500000000000000000 ) ) ;
#1610 = EDGE_LOOP ( 'NONE', ( #2152, #1204, #2132, #647 ) ) ;
#1611 = FACE_OUTER_BOUND ( 'NONE', #1508, .T. ) ;
#1612 = CARTESIAN_POINT ( 'NONE',  ( 55.99811458700737177, 105.8748276154417312, 7.500000000000000000 ) ) ;
#1613 = ORIENTED_EDGE ( 'NONE', *, *, #2257, .F. ) ;
#1614 = CIRCLE ( 'NONE', #1793, 2.960456600711792952 ) ;
#1615 = ADVANCED_FACE ( 'NONE', ( #2036 ), #1701, .F. ) ;
#1616 = CARTESIAN_POINT ( 'NONE',  ( 53.04230130916199215, 0.04330999182739999481, 0.000000000000000000 ) ) ;
#1617 = DIRECTION ( 'NONE',  ( 1.000000000000000000, 0.000000000000000000, 0.000000000000000000 ) ) ;
#1618 = ADVANCED_FACE ( 'NONE', ( #238 ), #422, .T. ) ;
#1619 = ORIENTED_EDGE ( 'NONE', *, *, #498, .F. ) ;
#1620 = DIRECTION ( 'NONE',  ( -0.000000000000000000, -0.000000000000000000, -1.000000000000000000 ) ) ;
#1621 = ORIENTED_EDGE ( 'NONE', *, *, #1768, .F. ) ;
#1622 = DIRECTION ( 'NONE',  ( 1.000000000000000000, 0.000000000000000000, 0.000000000000000000 ) ) ;
#1623 = CARTESIAN_POINT ( 'NONE',  ( 108.1566950353780641, 53.03888521768355702, 7.500000000000000000 ) ) ;
#1624 = AXIS2_PLACEMENT_3D ( 'NONE', #1121, #959, #937 ) ;
#1625 = CARTESIAN_POINT ( 'NONE',  ( 53.03888764915900111, 105.9601459312399925, 7.500000000000000000 ) ) ;
#1626 = EDGE_CURVE ( 'NONE', #2155, #1794, #2135, .T. ) ;
#1627 = CARTESIAN_POINT ( 'NONE',  ( 105.9601459312399925, 53.03888764915900111, 0.000000000000000000 ) ) ;
#1628 = ORIENTED_EDGE ( 'NONE', *, *, #1603, .F. ) ;
#1629 = EDGE_CURVE ( 'NONE', #1764, #623, #530, .T. ) ;
#1630 = DIRECTION ( 'NONE',  ( 1.000000000000000000, 0.000000000000000000, 0.000000000000000000 ) ) ;
#1631 = LINE ( 'NONE', #728, #1553 ) ;
#1632 = AXIS2_PLACEMENT_3D ( 'NONE', #2175, #1451, #389 ) ;
#1633 = ORIENTED_EDGE ( 'NONE', *, *, #83, .F. ) ;
#1634 = DIRECTION ( 'NONE',  ( -0.000000000000000000, 0.000000000000000000, 1.000000000000000000 ) ) ;
#1635 = DIRECTION ( 'NONE',  ( -0.000000000000000000, -0.000000000000000000, -1.000000000000000000 ) ) ;
#1636 = ADVANCED_FACE ( 'NONE', ( #819 ), #1859, .T. ) ;
#1637 = ORIENTED_EDGE ( 'NONE', *, *, #2227, .T. ) ;
#1638 = ORIENTED_EDGE ( 'NONE', *, *, #409, .F. ) ;
#1639 = CARTESIAN_POINT ( 'NONE',  ( -2.913682602885095729, 52.95769869083799364, 7.500000000000000000 ) ) ;
#1640 = EDGE_CURVE ( 'NONE', #1401, #1251, #584, .T. ) ;
#1641 = CARTESIAN_POINT ( 'NONE',  ( 53.03888764915900111, 105.9601459312399925, -1.600000000000000755 ) ) ;
#1642 = COORDINATED_UNIVERSAL_TIME_OFFSET ( 8, 0, .AHEAD. ) ;
#1643 = CARTESIAN_POINT ( 'NONE',  ( 2.243309991827400207, 52.95769869083799364, 7.500000000000000000 ) ) ;
#1644 = ORIENTED_EDGE ( 'NONE', *, *, #906, .F. ) ;
#1645 = CIRCLE ( 'NONE', #2298, 2.960456600711792952 ) ;
#1646 = AXIS2_PLACEMENT_3D ( 'NONE', #1735, #2111, #1419 ) ;
#1647 = ORIENTED_EDGE ( 'NONE', *, *, #573, .F. ) ;
#1648 = CIRCLE ( 'NONE', #619, 0.6999999942639972828 ) ;
#1649 = DIRECTION ( 'NONE',  ( -0.000000000000000000, 0.000000000000000000, 1.000000000000000000 ) ) ;
#1650 = ORIENTED_EDGE ( 'NONE', *, *, #95, .T. ) ;
#1651 = VERTEX_POINT ( 'NONE', #783 ) ;
#1652 = FACE_OUTER_BOUND ( 'NONE', #599, .T. ) ;
#1653 = CARTESIAN_POINT ( 'NONE',  ( 105.9566950353780612, 53.03888521768355702, 7.500000000000000000 ) ) ;
#1654 = EDGE_CURVE ( 'NONE', #2251, #961, #595, .T. ) ;
#1655 = VECTOR ( 'NONE', #1162, 1000.000000000000000 ) ;
#1656 = CARTESIAN_POINT ( 'NONE',  ( 53.03888764915900111, 105.9601459312399925, 7.500000000000000000 ) ) ;
#1657 = EDGE_LOOP ( 'NONE', ( #1280, #632, #206, #2095 ) ) ;
#1658 = CARTESIAN_POINT ( 'NONE',  ( 53.03888764915900111, 105.9601459312399925, 7.500000000000000000 ) ) ;
#1659 = ORIENTED_EDGE ( 'NONE', *, *, #83, .T. ) ;
#1660 = ORIENTED_EDGE ( 'NONE', *, *, #2008, .F. ) ;
#1661 = APPROVAL_PERSON_ORGANIZATION ( #718, #1705, #1116 ) ;
#1662 = CARTESIAN_POINT ( 'NONE',  ( 52.93449841291352698, 103.0015303475499167, 0.000000000000000000 ) ) ;
#1663 = DIRECTION ( 'NONE',  ( -0.000000000000000000, -0.000000000000000000, -1.000000000000000000 ) ) ;
#1664 = CARTESIAN_POINT ( 'NONE',  ( 84.29122047061819956, 91.99850940986644332, 4.358846849941632406 ) ) ;
#1665 = AXIS2_PLACEMENT_3D ( 'NONE', #1441, #2013, #1281 ) ;
#1666 = CARTESIAN_POINT ( 'NONE',  ( 93.30457101774577211, 87.35298249499956569, 5.399999899612994980 ) ) ;
#1667 = EDGE_CURVE ( 'NONE', #1924, #36, #2104, .T. ) ;
#1668 = CIRCLE ( 'NONE', #1600, 49.99999999999999289 ) ;
#1669 = VERTEX_POINT ( 'NONE', #2043 ) ;
#1670 = EDGE_CURVE ( 'NONE', #636, #1561, #1179, .T. ) ;
#1671 = FACE_OUTER_BOUND ( 'NONE', #2284, .T. ) ;
#1672 = CARTESIAN_POINT ( 'NONE',  ( 0.04330999182739999481, 52.95769869083799364, -1.600000000000000089 ) ) ;
#1673 = CARTESIAN_POINT ( 'NONE',  ( 15.63817308559587893, 23.09833064876588793, 4.649998006364000069 ) ) ;
#1674 = PERSON_AND_ORGANIZATION ( #1514, #754 ) ;
#1675 = DIRECTION ( 'NONE',  ( -0.7071067811865474617, 0.7071067811865474617, 0.000000000000000000 ) ) ;
#1676 = CARTESIAN_POINT ( 'NONE',  ( 85.14454308482660849, 92.85183202407485226, 3.899999919690999128 ) ) ;
#1677 = ORIENTED_EDGE ( 'NONE', *, *, #435, .T. ) ;
#1678 = ORIENTED_EDGE ( 'NONE', *, *, #2179, .F. ) ;
#1679 = EDGE_CURVE ( 'NONE', #1910, #2254, #1813, .T. ) ;
#1680 = AXIS2_PLACEMENT_3D ( 'NONE', #1921, #453, #2275 ) ;
#1681 = AXIS2_PLACEMENT_3D ( 'NONE', #743, #1704, #605 ) ;
#1682 = EDGE_CURVE ( 'NONE', #18, #2019, #837, .T. ) ;
#1683 = AXIS2_PLACEMENT_3D ( 'NONE', #1020, #1740, #1753 ) ;
#1684 = ORIENTED_EDGE ( 'NONE', *, *, #1242, .T. ) ;
#1685 = VERTEX_POINT ( 'NONE', #770 ) ;
#1686 = CONICAL_SURFACE ( 'NONE', #1762, 2.200000000000000622, 0.7853981633974482790 ) ;
#1687 = DIRECTION ( 'NONE',  ( -0.000000000000000000, 0.000000000000000000, 1.000000000000000000 ) ) ;
#1688 = CARTESIAN_POINT ( 'NONE',  ( 50.07843104844721438, 105.9601459312399925, 7.500000000000000000 ) ) ;
#1689 = LINE ( 'NONE', #782, #2014 ) ;
#1690 = LINE ( 'NONE', #1326, #984 ) ;
#1691 = ORIENTED_EDGE ( 'NONE', *, *, #1606, .T. ) ;
#1692 = VERTEX_POINT ( 'NONE', #844 ) ;
#1693 = CIRCLE ( 'NONE', #2159, 2.960456600711792952 ) ;
#1694 = CARTESIAN_POINT ( 'NONE',  ( 53.03888764915900111, 105.9601459312399925, 7.500000000000000000 ) ) ;
#1695 = ADVANCED_FACE ( 'NONE', ( #682 ), #2088, .F. ) ;
#1696 = CARTESIAN_POINT ( 'NONE',  ( 55.99807190171697613, 0.1283123998628843410, 7.500000000000000000 ) ) ;
#1697 = CARTESIAN_POINT ( 'NONE',  ( 93.34698163301577267, 84.64939347588567387, 3.899999919690999128 ) ) ;
#1698 = EDGE_CURVE ( 'NONE', #336, #2209, #305, .T. ) ;
#1699 = CIRCLE ( 'NONE', #715, 1.200000000000006617 ) ;
#1700 = DIRECTION ( 'NONE',  ( 0.000000000000000000, 0.000000000000000000, 1.000000000000000000 ) ) ;
#1701 = PLANE ( 'NONE',  #379 ) ;
#1702 = ORIENTED_EDGE ( 'NONE', *, *, #2199, .T. ) ;
#1703 = AXIS2_PLACEMENT_3D ( 'NONE', #2110, #329, #1602 ) ;
#1704 = DIRECTION ( 'NONE',  ( 0.000000000000000000, 0.000000000000000000, 1.000000000000000000 ) ) ;
#1705 = APPROVAL ( #752, '未指定' ) ;
#1706 = CARTESIAN_POINT ( 'NONE',  ( 91.77585036715557010, 84.56603311778542320, 4.805389568961696334 ) ) ;
#1707 = PRODUCT ( '\X2\5e955ea7\X0\^\X2\78c160ac6d6e\X0\-\X2\4e0b\X0\', '\X2\5e955ea7\X0\^\X2\78c160ac6d6e\X0\-\X2\4e0b\X0\', '', ( #1049 ) ) ;
#1708 = CARTESIAN_POINT ( 'NONE',  ( 105.9566950353780612, 53.03888521768355702, -1.600000000000000755 ) ) ;
#1709 = EDGE_CURVE ( 'NONE', #68, #833, #12, .T. ) ;
#1710 = LINE ( 'NONE', #1394, #1272 ) ;
#1711 = CARTESIAN_POINT ( 'NONE',  ( 93.95500631873309771, 86.57450356941005509, 4.514570805170230905 ) ) ;
#1712 = ORIENTED_EDGE ( 'NONE', *, *, #1797, .F. ) ;
#1713 = DIRECTION ( 'NONE',  ( 1.000000000000000000, 0.000000000000000000, -0.000000000000000000 ) ) ;
#1714 = ORIENTED_EDGE ( 'NONE', *, *, #75, .T. ) ;
#1715 = CIRCLE ( 'NONE', #698, 1.199999999999999734 ) ;
#1716 = AXIS2_PLACEMENT_3D ( 'NONE', #1818, #832, #307 ) ;
#1717 = CYLINDRICAL_SURFACE ( 'NONE', #1342, 52.95827939944611984 ) ;
#1718 = CARTESIAN_POINT ( 'NONE',  ( 93.20123620870063519, 87.47349648996357985, 5.399999899612998533 ) ) ;
#1719 = CARTESIAN_POINT ( 'NONE',  ( 54.23888764915900396, 105.9601459312399925, -1.600000000000000755 ) ) ;
#1720 = CARTESIAN_POINT ( 'NONE',  ( 83.01734583326891936, 92.98737643783697138, 3.899999919690999128 ) ) ;
#1721 = VERTEX_POINT ( 'NONE', #2235 ) ;
#1722 = EDGE_CURVE ( 'NONE', #377, #322, #2237, .T. ) ;
#1723 = DIRECTION ( 'NONE',  ( 0.000000000000000000, 0.000000000000000000, 1.000000000000000000 ) ) ;
#1724 = ORIENTED_EDGE ( 'NONE', *, *, #560, .T. ) ;
#1725 = EDGE_CURVE ( 'NONE', #553, #2239, #1222, .T. ) ;
#1726 = VERTEX_POINT ( 'NONE', #856 ) ;
#1727 = CARTESIAN_POINT ( 'NONE',  ( 53.04230130916199215, 0.04330999182739999481, -1.600000000000000089 ) ) ;
#1728 = DIRECTION ( 'NONE',  ( -1.000000000000000000, 0.000000000000000000, 0.000000000000000000 ) ) ;
#1729 = DIRECTION ( 'NONE',  ( -0.000000000000000000, -0.000000000000000000, 1.000000000000000000 ) ) ;
#1730 = CARTESIAN_POINT ( 'NONE',  ( 104.7566950353780584, 53.03888521768355702, -1.600000000000000755 ) ) ;
#1731 = ORIENTED_EDGE ( 'NONE', *, *, #334, .T. ) ;
#1732 = ORIENTED_EDGE ( 'NONE', *, *, #2004, .T. ) ;
#1733 = PRODUCT_DEFINITION_FORMATION_WITH_SPECIFIED_SOURCE ( '任何', '', #1707, .NOT_KNOWN. ) ;
#1734 = EDGE_CURVE ( 'NONE', #552, #1736, #1438, .T. ) ;
#1735 = CARTESIAN_POINT ( 'NONE',  ( 0.04330999182739999481, 52.95769869083799364, 5.500000000000000000 ) ) ;
#1736 = VERTEX_POINT ( 'NONE', #1720 ) ;
#1737 = EDGE_CURVE ( 'NONE', #1747, #1736, #1947, .T. ) ;
#1738 = VECTOR ( 'NONE', #669, 1000.000000000000000 ) ;
#1739 = EDGE_LOOP ( 'NONE', ( #1093, #671 ) ) ;
#1740 = DIRECTION ( 'NONE',  ( -0.000000000000000000, 0.000000000000000000, 1.000000000000000000 ) ) ;
#1741 =( LENGTH_UNIT ( ) NAMED_UNIT ( * ) SI_UNIT ( .MILLI., .METRE. ) );
#1742 = EDGE_LOOP ( 'NONE', ( #973, #1482, #1966, #1913 ) ) ;
#1743 = DIRECTION ( 'NONE',  ( 1.000000000000000000, 0.000000000000000000, 0.000000000000000000 ) ) ;
#1744 = CARTESIAN_POINT ( 'NONE',  ( 105.8718682856381292, 55.99802778473634390, 0.000000000000000000 ) ) ;
#1745 = ORIENTED_EDGE ( 'NONE', *, *, #1911, .F. ) ;
#1746 = CARTESIAN_POINT ( 'NONE',  ( 89.63467103127941016, 83.90693131254235482, 5.399999899612998533 ) ) ;
#1747 = VERTEX_POINT ( 'NONE', #1922 ) ;
#1748 = CARTESIAN_POINT ( 'NONE',  ( 15.63817308559587893, 23.09833064876588793, -0.4849999875422483231 ) ) ;
#1749 = LINE ( 'NONE', #388, #320 ) ;
#1750 = ORIENTED_EDGE ( 'NONE', *, *, #1654, .F. ) ;
#1751 = ADVANCED_FACE ( 'NONE', ( #291 ), #640, .T. ) ;
#1752 = FACE_BOUND ( 'NONE', #1941, .T. ) ;
#1753 = DIRECTION ( 'NONE',  ( 1.000000000000000000, 0.000000000000000000, 0.000000000000000000 ) ) ;
#1754 = AXIS2_PLACEMENT_3D ( 'NONE', #485, #104, #995 ) ;
#1755 = ORIENTED_EDGE ( 'NONE', *, *, #608, .F. ) ;
#1756 = CIRCLE ( 'NONE', #1418, 2.956992594712514855 ) ;
#1757 = AXIS2_PLACEMENT_3D ( 'NONE', #1627, #702, #899 ) ;
#1758 = CARTESIAN_POINT ( 'NONE',  ( 108.1566950353780641, 53.03888521768355702, 7.500000000000000000 ) ) ;
#1759 = CARTESIAN_POINT ( 'NONE',  ( 53.03888764915900111, 105.9601459312399925, 6.499999999999999112 ) ) ;
#1760 = VERTEX_POINT ( 'NONE', #1407 ) ;
#1761 = AXIS2_PLACEMENT_3D ( 'NONE', #1351, #2064, #1894 ) ;
#1762 = AXIS2_PLACEMENT_3D ( 'NONE', #535, #1447, #2147 ) ;
#1763 = DIRECTION ( 'NONE',  ( 0.7071067811865476838, 0.7071067811865474617, -0.000000000000000000 ) ) ;
#1764 = VERTEX_POINT ( 'NONE', #1744 ) ;
#1765 = AXIS2_PLACEMENT_3D ( 'NONE', #1366, #666, #1375 ) ;
#1766 = ORIENTED_EDGE ( 'NONE', *, *, #158, .T. ) ;
#1767 = FACE_BOUND ( 'NONE', #697, .T. ) ;
#1768 = EDGE_CURVE ( 'NONE', #1461, #1685, #721, .T. ) ;
#1769 = CARTESIAN_POINT ( 'NONE',  ( 52.99842878151299885, 53.00157121848699404, 0.000000000000000000 ) ) ;
#1770 = ORIENTED_EDGE ( 'NONE', *, *, #193, .F. ) ;
#1771 = CARTESIAN_POINT ( 'NONE',  ( 23.08020634922227643, 15.65629487586875435, -0.4849999875422483231 ) ) ;
#1772 = DIRECTION ( 'NONE',  ( 0.000000000000000000, 0.000000000000000000, 1.000000000000000000 ) ) ;
#1773 = CIRCLE ( 'NONE', #1352, 2.960456600711792952 ) ;
#1774 = CARTESIAN_POINT ( 'NONE',  ( 53.04230130916199215, 0.04330999182739999481, 7.500000000000000000 ) ) ;
#1775 = ORIENTED_EDGE ( 'NONE', *, *, #1464, .T. ) ;
#1776 = AXIS2_PLACEMENT_3D ( 'NONE', #2258, #816, #1206 ) ;
#1777 = B_SPLINE_CURVE_WITH_KNOTS ( 'NONE', 3,
 ( #1060, #2018, #217, #404 ),
 .UNSPECIFIED., .F., .F.,
 ( 4, 4 ),
 ( 0.000000000000000000, 1.000000000000000000 ),
 .UNSPECIFIED. ) ;
#1778 = ORIENTED_EDGE ( 'NONE', *, *, #881, .T. ) ;
#1779 = AXIS2_PLACEMENT_3D ( 'NONE', #282, #1002, #2077 ) ;
#1780 = PLANE ( 'NONE',  #2255 ) ;
#1781 = ORIENTED_EDGE ( 'NONE', *, *, #1063, .F. ) ;
#1782 = VECTOR ( 'NONE', #2302, 1000.000000000000000 ) ;
#1783 = DIRECTION ( 'NONE',  ( -0.000000000000000000, -0.000000000000000000, 1.000000000000000000 ) ) ;
#1784 = FACE_OUTER_BOUND ( 'NONE', #1525, .T. ) ;
#1785 = VERTEX_POINT ( 'NONE', #1235 ) ;
#1786 = ADVANCED_FACE ( 'NONE', ( #1224 ), #1936, .F. ) ;
#1787 = CARTESIAN_POINT ( 'NONE',  ( 86.39486167683460849, 94.10215061608285225, 0.000000000000000000 ) ) ;
#1788 = ORIENTED_EDGE ( 'NONE', *, *, #1563, .F. ) ;
#1789 = ORIENTED_EDGE ( 'NONE', *, *, #2161, .F. ) ;
#1790 = FACE_BOUND ( 'NONE', #1241, .T. ) ;
#1791 = CARTESIAN_POINT ( 'NONE',  ( 93.97492757542569564, 86.55013159806621559, 7.500000000000000000 ) ) ;
#1792 = CARTESIAN_POINT ( 'NONE',  ( 51.84230130916199641, 0.04330999182740014747, -1.600000000000000755 ) ) ;
#1793 = AXIS2_PLACEMENT_3D ( 'NONE', #1656, #529, #706 ) ;
#1794 = VERTEX_POINT ( 'NONE', #1039 ) ;
#1795 = CIRCLE ( 'NONE', #364, 0.6999999942639972828 ) ;
#1796 = DIRECTION ( 'NONE',  ( 0.7071067811865474617, 0.000000000000000000, 0.7071067811865476838 ) ) ;
#1797 = EDGE_CURVE ( 'NONE', #1420, #1412, #1811, .T. ) ;
#1798 = CYLINDRICAL_SURFACE ( 'NONE', #1248, 2.956992594712514855 ) ;
#1799 = DIRECTION ( 'NONE',  ( 1.000000000000000000, 0.000000000000000000, 0.000000000000000000 ) ) ;
#1800 = ORIENTED_EDGE ( 'NONE', *, *, #1063, .T. ) ;
#1801 = CARTESIAN_POINT ( 'NONE',  ( 93.34698163301577267, 83.65944399033642753, 3.899999919690999128 ) ) ;
#1802 = CARTESIAN_POINT ( 'NONE',  ( 93.97492757542568143, 86.55013159806620138, 4.199999911085999571 ) ) ;
#1803 = ORIENTED_EDGE ( 'NONE', *, *, #2293, .F. ) ;
#1804 = LINE ( 'NONE', #213, #927 ) ;
#1805 = EDGE_CURVE ( 'NONE', #1401, #2007, #382, .T. ) ;
#1806 = EDGE_CURVE ( 'NONE', #1747, #1396, #1402, .T. ) ;
#1807 = DIRECTION ( 'NONE',  ( 0.7071067811865474617, 0.000000000000000000, 0.7071067811865474617 ) ) ;
#1808 = ORIENTED_EDGE ( 'NONE', *, *, #1283, .F. ) ;
#1809 = DIRECTION ( 'NONE',  ( 0.000000000000000000, 0.000000000000000000, -1.000000000000000000 ) ) ;
#1810 = DIRECTION ( 'NONE',  ( 1.000000000000000000, 0.000000000000000000, 0.000000000000000000 ) ) ;
#1811 = CIRCLE ( 'NONE', #802, 1.199999999999999734 ) ;
#1812 = CARTESIAN_POINT ( 'NONE',  ( 0.04330999182739999481, 52.95769869083799364, 7.500000000000000000 ) ) ;
#1813 = B_SPLINE_CURVE_WITH_KNOTS ( 'NONE', 3,
 ( #1169, #1874, #1711, #97, #1534, #628, #945, #1354, #1666, #411 ),
 .UNSPECIFIED., .F., .F.,
 ( 4, 2, 2, 2, 4 ),
 ( 0.000000000000000000, 0.0004695254703065176224, 0.0009390509406130352447, 0.001408576410919552867, 0.001878101881226070489 ),
 .UNSPECIFIED. ) ;
#1814 = ORIENTED_EDGE ( 'NONE', *, *, #524, .F. ) ;
#1815 = EDGE_LOOP ( 'NONE', ( #197, #641 ) ) ;
#1816 = CC_DESIGN_PERSON_AND_ORGANIZATION_ASSIGNMENT ( #875, #1449, ( #738 ) ) ;
#1817 = CARTESIAN_POINT ( 'NONE',  ( 0.04330999182739999481, 52.95769869083799364, 5.500000000000000000 ) ) ;
#1818 = CARTESIAN_POINT ( 'NONE',  ( 52.99842878151299885, 53.00157121848699404, 7.500000000000000000 ) ) ;
#1819 = VECTOR ( 'NONE', #1205, 1000.000000000000000 ) ;
#1820 = ORIENTED_EDGE ( 'NONE', *, *, #1926, .T. ) ;
#1821 = EDGE_CURVE ( 'NONE', #1388, #336, #163, .T. ) ;
#1822 = B_SPLINE_CURVE_WITH_KNOTS ( 'NONE', 3,
 ( #1903, #679, #289, #1706, #1891, #996, #1176, #2062, #474, #1580 ),
 .UNSPECIFIED., .F., .F.,
 ( 4, 2, 2, 2, 4 ),
 ( 0.000000000000000000, 0.0004696331806310539590, 0.0009392663612621079180, 0.001408899541893161769, 0.001878532722524215836 ),
 .UNSPECIFIED. ) ;
#1823 = CARTESIAN_POINT ( 'NONE',  ( 0.04330999182739999481, 52.95769869083799364, 0.000000000000000000 ) ) ;
#1824 = CARTESIAN_POINT ( 'NONE',  ( 2.998568765168921235, 53.00157145043636575, 0.000000000000000000 ) ) ;
#1825 = CALENDAR_DATE ( 2025, 23, 7 ) ;
#1826 = CARTESIAN_POINT ( 'NONE',  ( 86.39486167683460849, 94.10215061608285225, 4.199999911085999571 ) ) ;
#1827 = ORIENTED_EDGE ( 'NONE', *, *, #1698, .F. ) ;
#1828 = AXIS2_PLACEMENT_3D ( 'NONE', #2154, #392, #2070 ) ;
#1829 = ORIENTED_EDGE ( 'NONE', *, *, #549, .F. ) ;
#1830 = VECTOR ( 'NONE', #1217, 1000.000000000000000 ) ;
#1831 = DIRECTION ( 'NONE',  ( -1.000000000000000000, 0.000000000000000000, 0.000000000000000000 ) ) ;
#1832 = CARTESIAN_POINT ( 'NONE',  ( 53.03888764915900111, 105.9601459312399925, 7.500000000000000000 ) ) ;
#1833 = CARTESIAN_POINT ( 'NONE',  ( 55.24230130916199499, 0.04330999182739999481, 7.500000000000000000 ) ) ;
#1834 = ORIENTED_EDGE ( 'NONE', *, *, #476, .T. ) ;
#1835 = EDGE_CURVE ( 'NONE', #1286, #1374, #1476, .T. ) ;
#1836 = CARTESIAN_POINT ( 'NONE',  ( 55.80275790987373341, 0.04330999182739999481, -1.600000000000000089 ) ) ;
#1837 = CARTESIAN_POINT ( 'NONE',  ( -1.156690008172599926, 52.95769869083799364, 6.499999999999999112 ) ) ;
#1838 = CARTESIAN_POINT ( 'NONE',  ( 53.03888764915900111, 105.9601459312399925, 7.500000000000000000 ) ) ;
#1839 = DIRECTION ( 'NONE',  ( -0.000000000000000000, 0.000000000000000000, 1.000000000000000000 ) ) ;
#1840 = ORIENTED_EDGE ( 'NONE', *, *, #1069, .F. ) ;
#1841 = LINE ( 'NONE', #2190, #262 ) ;
#1842 = CARTESIAN_POINT ( 'NONE',  ( -1.156690008172599926, 52.95769869083799364, -1.600000000000000755 ) ) ;
#1843 = VERTEX_POINT ( 'NONE', #1730 ) ;
#1844 = VECTOR ( 'NONE', #1919, 1000.000000000000000 ) ;
#1845 = DIRECTION ( 'NONE',  ( -0.000000000000000000, 0.000000000000000000, 1.000000000000000000 ) ) ;
#1846 = DIRECTION ( 'NONE',  ( -0.7071069003960324117, -0.7071066619770425277, -0.000000000000000000 ) ) ;
#1847 = EDGE_CURVE ( 'NONE', #609, #1445, #119, .T. ) ;
#1848 = CARTESIAN_POINT ( 'NONE',  ( 85.22241148525492349, 91.23264416588072834, 5.399999899612994980 ) ) ;
#1849 = VECTOR ( 'NONE', #2067, 1000.000000000000000 ) ;
#1850 = DIRECTION ( 'NONE',  ( 1.000000000000000000, 0.000000000000000000, 0.000000000000000000 ) ) ;
#1851 = ORIENTED_EDGE ( 'NONE', *, *, #867, .T. ) ;
#1852 = EDGE_CURVE ( 'NONE', #1294, #85, #1362, .T. ) ;
#1853 = AXIS2_PLACEMENT_3D ( 'NONE', #1521, #2172, #2194 ) ;
#1854 = VERTEX_POINT ( 'NONE', #1259 ) ;
#1855 = CARTESIAN_POINT ( 'NONE',  ( 2.998633846794274138, 52.85837035928962280, 5.500000000000000000 ) ) ;
#1856 = CARTESIAN_POINT ( 'NONE',  ( 53.03888764915900111, 105.9601459312399925, -1.600000000000000089 ) ) ;
#1857 = CARTESIAN_POINT ( 'NONE',  ( 50.28184470845025800, 0.04330999182740033482, -1.600000000000000089 ) ) ;
#1858 = CARTESIAN_POINT ( 'NONE',  ( 83.51819750939208120, 93.48822811396013321, 3.899999919690999128 ) ) ;
#1859 = CYLINDRICAL_SURFACE ( 'NONE', #1291, 2.860456600711783093 ) ;
#1860 = VERTEX_POINT ( 'NONE', #17 ) ;
#1861 = VERTEX_POINT ( 'NONE', #200 ) ;
#1862 = EDGE_CURVE ( 'NONE', #926, #486, #344, .T. ) ;
#1863 = AXIS2_PLACEMENT_3D ( 'NONE', #2096, #1001, #477 ) ;
#1864 = CIRCLE ( 'NONE', #2048, 1.200000000000006617 ) ;
#1865 = AXIS2_PLACEMENT_3D ( 'NONE', #140, #127, #986 ) ;
#1866 = VECTOR ( 'NONE', #873, 1000.000000000000000 ) ;
#1867 = ORIENTED_EDGE ( 'NONE', *, *, #1626, .F. ) ;
#1868 = AXIS2_PLACEMENT_3D ( 'NONE', #2128, #301, #1934 ) ;
#1869 = CIRCLE ( 'NONE', #1984, 49.99999999999999289 ) ;
#1870 = FACE_BOUND ( 'NONE', #173, .T. ) ;
#1871 = PLANE ( 'NONE',  #1889 ) ;
#1872 = CARTESIAN_POINT ( 'NONE',  ( 93.34698163301577267, 84.64939347588567387, 3.899999919690999128 ) ) ;
#1873 = CIRCLE ( 'NONE', #1519, 2.860456600711783093 ) ;
#1874 = CARTESIAN_POINT ( 'NONE',  ( 93.97492757542566721, 86.55013159806620138, 4.358767136583494128 ) ) ;
#1875 = DIRECTION ( 'NONE',  ( -0.000000000000000000, 0.000000000000000000, 1.000000000000000000 ) ) ;
#1876 = ORIENTED_EDGE ( 'NONE', *, *, #338, .F. ) ;
#1877 = EDGE_CURVE ( 'NONE', #1747, #1294, #526, .T. ) ;
#1878 = AXIS2_PLACEMENT_3D ( 'NONE', #750, #590, #1520 ) ;
#1879 = FACE_BOUND ( 'NONE', #2047, .T. ) ;
#1880 = LINE ( 'NONE', #270, #267 ) ;
#1881 = LOCAL_TIME ( 21, 32, 47.00000000000000000, #1642 ) ;
#1882 = CARTESIAN_POINT ( 'NONE',  ( 53.03888764915900111, 105.9601459312399925, 0.000000000000000000 ) ) ;
#1883 = DIRECTION ( 'NONE',  ( -0.7071067811865476838, -0.7071067811865474617, 0.000000000000000000 ) ) ;
#1884 = ORIENTED_EDGE ( 'NONE', *, *, #87, .T. ) ;
#1885 = CIRCLE ( 'NONE', #481, 49.99999999999999289 ) ;
#1886 = ORIENTED_EDGE ( 'NONE', *, *, #1847, .T. ) ;
#1887 = CARTESIAN_POINT ( 'NONE',  ( 53.15015196693423150, 3.001801418266858867, 0.000000000000000000 ) ) ;
#1888 = ORIENTED_EDGE ( 'NONE', *, *, #1926, .F. ) ;
#1889 = AXIS2_PLACEMENT_3D ( 'NONE', #593, #2212, #419 ) ;
#1890 = ORIENTED_EDGE ( 'NONE', *, *, #835, .T. ) ;
#1891 = CARTESIAN_POINT ( 'NONE',  ( 91.71919622487685331, 84.63564355393900485, 4.938476836590952601 ) ) ;
#1892 = ADVANCED_FACE ( 'NONE', ( #1784 ), #705, .T. ) ;
#1893 = DIRECTION ( 'NONE',  ( 0.000000000000000000, 0.000000000000000000, 1.000000000000000000 ) ) ;
#1894 = DIRECTION ( 'NONE',  ( -1.000000000000000000, 0.000000000000000000, 0.000000000000000000 ) ) ;
#1895 = CARTESIAN_POINT ( 'NONE',  ( 52.99842878151299885, 53.00157121848699404, 0.000000000000000000 ) ) ;
#1896 = DIRECTION ( 'NONE',  ( 1.000000000000000000, 0.000000000000000000, 0.000000000000000000 ) ) ;
#1897 = ORIENTED_EDGE ( 'NONE', *, *, #758, .T. ) ;
#1898 = PLANE ( 'NONE',  #1495 ) ;
#1899 = ORIENTED_EDGE ( 'NONE', *, *, #1421, .T. ) ;
#1900 = CARTESIAN_POINT ( 'NONE',  ( 0.04330999182739999481, 52.95769869083799364, 5.500000000000000000 ) ) ;
#1901 = VECTOR ( 'NONE', #1571, 1000.000000000000000 ) ;
#1902 = AXIS2_PLACEMENT_3D ( 'NONE', #9, #730, #42 ) ;
#1903 = CARTESIAN_POINT ( 'NONE',  ( 91.87212541549885714, 84.44732943813937709, 4.199999911085999571 ) ) ;
#1904 = DIRECTION ( 'NONE',  ( -0.000000000000000000, -0.000000000000000000, 1.000000000000000000 ) ) ;
#1905 = VERTEX_POINT ( 'NONE', #1065 ) ;
#1906 = DIRECTION ( 'NONE',  ( -1.000000000000000000, 0.000000000000000000, 0.000000000000000000 ) ) ;
#1907 = EDGE_CURVE ( 'NONE', #1327, #623, #182, .T. ) ;
#1908 = DIRECTION ( 'NONE',  ( -0.000000000000000000, 0.000000000000000000, 1.000000000000000000 ) ) ;
#1909 = DIRECTION ( 'NONE',  ( 1.000000000000000000, 0.000000000000000000, 0.000000000000000000 ) ) ;
#1910 = VERTEX_POINT ( 'NONE', #1802 ) ;
#1911 = EDGE_CURVE ( 'NONE', #630, #1760, #345, .T. ) ;
#1912 = PLANE ( 'NONE',  #135 ) ;
#1913 = ORIENTED_EDGE ( 'NONE', *, *, #1393, .T. ) ;
#1914 = DIRECTION ( 'NONE',  ( 1.000000000000000000, 0.000000000000000000, 0.000000000000000000 ) ) ;
#1915 = AXIS2_PLACEMENT_3D ( 'NONE', #1748, #645, #309 ) ;
#1916 = EDGE_LOOP ( 'NONE', ( #865, #785, #1135, #871 ) ) ;
#1917 = CARTESIAN_POINT ( 'NONE',  ( 108.8206025319517778, 53.03888764915900111, 0.000000000000000000 ) ) ;
#1918 = FACE_OUTER_BOUND ( 'NONE', #91, .T. ) ;
#1919 = DIRECTION ( 'NONE',  ( -0.000000000000000000, -0.000000000000000000, 1.000000000000000000 ) ) ;
#1920 = CARTESIAN_POINT ( 'NONE',  ( 52.99842878151299885, 53.00157121848699404, 7.500000000000000000 ) ) ;
#1921 = CARTESIAN_POINT ( 'NONE',  ( 53.04230130916199215, 0.04330999182739999481, -1.600000000000000089 ) ) ;
#1922 = CARTESIAN_POINT ( 'NONE',  ( 83.01734583326891936, 92.98737643783698559, 0.000000000000000000 ) ) ;
#1923 = EDGE_CURVE ( 'NONE', #1760, #630, #235, .T. ) ;
#1924 = VERTEX_POINT ( 'NONE', #2141 ) ;
#1925 = DIRECTION ( 'NONE',  ( 1.000000000000000000, 0.000000000000000000, 0.000000000000000000 ) ) ;
#1926 = EDGE_CURVE ( 'NONE', #1336, #1535, #1263, .T. ) ;
#1927 = EDGE_LOOP ( 'NONE', ( #1120, #1808, #439, #1174 ) ) ;
#1928 = FACE_OUTER_BOUND ( 'NONE', #40, .T. ) ;
#1929 = AXIS2_PLACEMENT_3D ( 'NONE', #606, #1524, #2215 ) ;
#1930 = ORIENTED_EDGE ( 'NONE', *, *, #919, .F. ) ;
#1931 = CARTESIAN_POINT ( 'NONE',  ( 53.03888764915900111, 105.9601459312399925, -1.600000000000000755 ) ) ;
#1932 = CARTESIAN_POINT ( 'NONE',  ( 108.8206025319517778, 53.03888764915900111, -1.600000000000000755 ) ) ;
#1933 = EDGE_LOOP ( 'NONE', ( #2080, #1386, #1032, #294 ) ) ;
#1934 = DIRECTION ( 'NONE',  ( -0.7071067811865475727, 0.7071067811865475727, 0.000000000000000000 ) ) ;
#1935 = LINE ( 'NONE', #315, #1974 ) ;
#1936 = PLANE ( 'NONE',  #417 ) ;
#1937 = VERTEX_POINT ( 'NONE', #1976 ) ;
#1938 = CARTESIAN_POINT ( 'NONE',  ( 51.83888764915900538, 105.9601459312399925, 6.499999999999999112 ) ) ;
#1939 = ORIENTED_EDGE ( 'NONE', *, *, #461, .T. ) ;
#1940 = EDGE_CURVE ( 'NONE', #1575, #1327, #912, .T. ) ;
#1941 = EDGE_LOOP ( 'NONE', ( #264, #1633 ) ) ;
#1942 = LINE ( 'NONE', #523, #1945 ) ;
#1943 = AXIS2_PLACEMENT_3D ( 'NONE', #753, #2205, #582 ) ;
#1944 = AXIS2_PLACEMENT_3D ( 'NONE', #34, #1723, #1713 ) ;
#1945 = VECTOR ( 'NONE', #166, 1000.000000000000000 ) ;
#1946 = CARTESIAN_POINT ( 'NONE',  ( 53.15015196693423150, 3.001801418266858867, 0.000000000000000000 ) ) ;
#1947 = LINE ( 'NONE', #1572, #1738 ) ;
#1948 = ORIENTED_EDGE ( 'NONE', *, *, #788, .T. ) ;
#1949 = CARTESIAN_POINT ( 'NONE',  ( 54.24230130916199499, 0.04330999182739999481, -1.600000000000000755 ) ) ;
#1950 = ORIENTED_EDGE ( 'NONE', *, *, #1113, .T. ) ;
#1951 = CC_DESIGN_PERSON_AND_ORGANIZATION_ASSIGNMENT ( #1132, #768, ( #1733 ) ) ;
#1952 = ORIENTED_EDGE ( 'NONE', *, *, #1629, .T. ) ;
#1953 = DIRECTION ( 'NONE',  ( -0.7071067811865475727, -0.7071067811865475727, 0.000000000000000000 ) ) ;
#1954 = LINE ( 'NONE', #4, #431 ) ;
#1955 = COORDINATED_UNIVERSAL_TIME_OFFSET ( 8, 0, .AHEAD. ) ;
#1956 = EDGE_CURVE ( 'NONE', #2026, #1014, #366, .T. ) ;
#1957 = CARTESIAN_POINT ( 'NONE',  ( 103.7566950353780726, 53.03888521768355702, 7.500000000000000000 ) ) ;
#1958 = CARTESIAN_POINT ( 'NONE',  ( 92.71058554313046329, 85.28578956577096903, 4.199999911085999571 ) ) ;
#1959 = CYLINDRICAL_SURFACE ( 'NONE', #28, 1.199999999999999956 ) ;
#1960 = ORIENTED_EDGE ( 'NONE', *, *, #1956, .T. ) ;
#1961 = CIRCLE ( 'NONE', #1471, 2.200000000000000622 ) ;
#1962 = ORIENTED_EDGE ( 'NONE', *, *, #1161, .T. ) ;
#1963 = FACE_OUTER_BOUND ( 'NONE', #133, .T. ) ;
#1964 = AXIS2_PLACEMENT_3D ( 'NONE', #1641, #339, #536 ) ;
#1965 = CARTESIAN_POINT ( 'NONE',  ( 105.9566950353780612, 53.03888521768355702, 7.500000000000000000 ) ) ;
#1966 = ORIENTED_EDGE ( 'NONE', *, *, #1968, .T. ) ;
#1967 = AXIS2_PLACEMENT_3D ( 'NONE', #88, #794, #780 ) ;
#1968 = EDGE_CURVE ( 'NONE', #1760, #506, #1448, .T. ) ;
#1969 = CARTESIAN_POINT ( 'NONE',  ( 53.04230130916199215, 0.04330999182739999481, 6.499999999999999112 ) ) ;
#1970 = DIRECTION ( 'NONE',  ( -0.000000000000000000, -0.000000000000000000, 1.000000000000000000 ) ) ;
#1971 = ORIENTED_EDGE ( 'NONE', *, *, #112, .F. ) ;
#1972 = CARTESIAN_POINT ( 'NONE',  ( 83.51819750939208120, 93.48822811396013321, 3.899999919690999128 ) ) ;
#1973 = FACE_OUTER_BOUND ( 'NONE', #707, .T. ) ;
#1974 = VECTOR ( 'NONE', #1038, 1000.000000000000000 ) ;
#1975 = CYLINDRICAL_SURFACE ( 'NONE', #1384, 1.199999999999999734 ) ;
#1976 = CARTESIAN_POINT ( 'NONE',  ( 0.1251749871924306978, 50.00183953862546815, 0.000000000000000000 ) ) ;
#1977 = VECTOR ( 'NONE', #643, 1000.000000000000114 ) ;
#1978 = EDGE_CURVE ( 'NONE', #63, #1692, #1631, .T. ) ;
#1979 = CALENDAR_DATE ( 2025, 23, 7 ) ;
#1980 = VECTOR ( 'NONE', #1635, 1000.000000000000000 ) ;
#1981 = DIRECTION ( 'NONE',  ( 1.000000000000000000, 0.000000000000000000, 0.000000000000000000 ) ) ;
#1982 = ORIENTED_EDGE ( 'NONE', *, *, #1835, .T. ) ;
#1983 = EDGE_CURVE ( 'NONE', #765, #179, #1279, .T. ) ;
#1984 = AXIS2_PLACEMENT_3D ( 'NONE', #1091, #2130, #26 ) ;
#1985 = FACE_OUTER_BOUND ( 'NONE', #1432, .T. ) ;
#1986 = DIRECTION ( 'NONE',  ( 1.000000000000000000, 0.000000000000000000, 0.000000000000000000 ) ) ;
#1987 = ORIENTED_EDGE ( 'NONE', *, *, #2074, .F. ) ;
#1988 = FACE_OUTER_BOUND ( 'NONE', #479, .T. ) ;
#1989 = CYLINDRICAL_SURFACE ( 'NONE', #53, 1.200000000000006617 ) ;
#1990 = VECTOR ( 'NONE', #1123, 1000.000000000000000 ) ;
#1991 = DIRECTION ( 'NONE',  ( -0.000000000000000000, -0.000000000000000000, 1.000000000000000000 ) ) ;
#1992 = ORIENTED_EDGE ( 'NONE', *, *, #1877, .F. ) ;
#1993 = ADVANCED_FACE ( 'NONE', ( #7 ), #1989, .F. ) ;
#1994 = LINE ( 'NONE', #1318, #103 ) ;
#1995 = ORIENTED_EDGE ( 'NONE', *, *, #2263, .F. ) ;
#1996 = AXIS2_PLACEMENT_3D ( 'NONE', #2207, #90, #1333 ) ;
#1997 = CIRCLE ( 'NONE', #2071, 1.199999999999999734 ) ;
#1998 = DIRECTION ( 'NONE',  ( -0.000000000000000000, -0.000000000000000000, 1.000000000000000000 ) ) ;
#1999 = DIRECTION ( 'NONE',  ( 0.000000000000000000, -0.000000000000000000, -1.000000000000000000 ) ) ;
#2000 = CIRCLE ( 'NONE', #950, 0.6999999942639972828 ) ;
#2001 = PERSON_AND_ORGANIZATION ( #1514, #754 ) ;
#2002 = DIRECTION ( 'NONE',  ( -0.000000000000000000, 0.000000000000000000, 1.000000000000000000 ) ) ;
#2003 = ORIENTED_EDGE ( 'NONE', *, *, #1734, .T. ) ;
#2004 = EDGE_CURVE ( 'NONE', #2226, #1685, #740, .T. ) ;
#2005 = CARTESIAN_POINT ( 'NONE',  ( 82.91715670228676061, 90.62444564153500437, 4.199999911085999571 ) ) ;
#2006 = FACE_OUTER_BOUND ( 'NONE', #1399, .T. ) ;
#2007 = VERTEX_POINT ( 'NONE', #1792 ) ;
#2008 = EDGE_CURVE ( 'NONE', #1, #609, #1668, .T. ) ;
#2009 = LINE ( 'NONE', #933, #370 ) ;
#2010 = DIRECTION ( 'NONE',  ( 0.000000000000000000, 0.000000000000000000, -1.000000000000000000 ) ) ;
#2011 = PERSON_AND_ORGANIZATION_ROLE ( 'creator' ) ;
#2012 = DIRECTION ( 'NONE',  ( 0.000000000000000000, 0.000000000000000000, 1.000000000000000000 ) ) ;
#2013 = DIRECTION ( 'NONE',  ( 0.7071067811865474617, -0.7071067811865476838, 0.000000000000000000 ) ) ;
#2014 = VECTOR ( 'NONE', #2012, 1000.000000000000000 ) ;
#2015 = VECTOR ( 'NONE', #1763, 1000.000000000000000 ) ;
#2016 = ORIENTED_EDGE ( 'NONE', *, *, #184, .F. ) ;
#2017 = CARTESIAN_POINT ( 'NONE',  ( 52.99842878151299885, 53.00157121848699404, 4.649998006364000069 ) ) ;
#2018 = CARTESIAN_POINT ( 'NONE',  ( 53.07066845369704566, 102.9990761104514121, 0.000000000000000000 ) ) ;
#2019 = VERTEX_POINT ( 'NONE', #1824 ) ;
#2020 = CARTESIAN_POINT ( 'NONE',  ( 55.80275790987373341, 0.04330999182739999481, 0.000000000000000000 ) ) ;
#2021 = EDGE_CURVE ( 'NONE', #588, #126, #39, .T. ) ;
#2022 = DIRECTION ( 'NONE',  ( 1.000000000000000000, 0.000000000000000000, 0.000000000000000000 ) ) ;
#2023 = DATE_AND_TIME ( #1825, #84 ) ;
#2024 = DIRECTION ( 'NONE',  ( 1.000000000000000000, 0.000000000000000000, 0.000000000000000000 ) ) ;
#2025 = DIRECTION ( 'NONE',  ( -0.000000000000000000, -0.000000000000000000, -1.000000000000000000 ) ) ;
#2026 = VERTEX_POINT ( 'NONE', #954 ) ;
#2027 = FACE_OUTER_BOUND ( 'NONE', #674, .T. ) ;
#2028 = DIRECTION ( 'NONE',  ( -0.000000000000000000, 0.000000000000000000, 1.000000000000000000 ) ) ;
#2029 = ORIENTED_EDGE ( 'NONE', *, *, #1978, .F. ) ;
#2030 = CC_DESIGN_APPROVAL ( #2274, ( #1733 ) ) ;
#2031 = CYLINDRICAL_SURFACE ( 'NONE', #589, 49.99999999999998579 ) ;
#2032 = LINE ( 'NONE', #1341, #2073 ) ;
#2033 = EDGE_CURVE ( 'NONE', #1721, #1764, #1487, .T. ) ;
#2034 = CARTESIAN_POINT ( 'NONE',  ( 52.93449841291140245, 103.0015303475500019, 7.500000000000000000 ) ) ;
#2035 = AXIS2_PLACEMENT_3D ( 'NONE', #956, #2025, #433 ) ;
#2036 = FACE_OUTER_BOUND ( 'NONE', #384, .T. ) ;
#2037 = VERTEX_POINT ( 'NONE', #441 ) ;
#2038 = ORIENTED_EDGE ( 'NONE', *, *, #1335, .T. ) ;
#2039 = CARTESIAN_POINT ( 'NONE',  ( 52.99842878151299885, 53.00157121848699404, 0.000000000000000000 ) ) ;
#2040 = DIRECTION ( 'NONE',  ( 1.000000000000000000, 0.000000000000000000, 0.000000000000000000 ) ) ;
#2041 = CARTESIAN_POINT ( 'NONE',  ( 52.99842878151299885, 53.00157121848699404, 0.000000000000000000 ) ) ;
#2042 = LINE ( 'NONE', #432, #134 ) ;
#2043 = CARTESIAN_POINT ( 'NONE',  ( 19.44938140005691807, 12.02547115092792929, 4.649998006364000069 ) ) ;
#2044 = ADVANCED_FACE ( 'NONE', ( #94 ), #1871, .T. ) ;
#2045 = ORIENTED_EDGE ( 'NONE', *, *, #1311, .F. ) ;
#2046 = EDGE_CURVE ( 'NONE', #833, #152, #1512, .T. ) ;
#2047 = EDGE_LOOP ( 'NONE', ( #659, #1454 ) ) ;
#2048 = AXIS2_PLACEMENT_3D ( 'NONE', #286, #1112, #1004 ) ;
#2049 = LINE ( 'NONE', #46, #220 ) ;
#2050 = CONICAL_SURFACE ( 'NONE', #1240, 2.199999999999993516, 0.7853981633974415066 ) ;
#2051 = AXIS2_PLACEMENT_3D ( 'NONE', #678, #2106, #153 ) ;
#2052 = CIRCLE ( 'NONE', #32, 2.956992594712495759 ) ;
#2053 = CYLINDRICAL_SURFACE ( 'NONE', #1094, 2.860456600711783093 ) ;
#2054 = DIRECTION ( 'NONE',  ( 1.000000000000000000, 0.000000000000000000, 0.000000000000000000 ) ) ;
#2055 = CARTESIAN_POINT ( 'NONE',  ( 84.65335807539317159, 91.70529007015014145, 5.160161520207174668 ) ) ;
#2056 = CARTESIAN_POINT ( 'NONE',  ( 4.843768821339675235, -4.843768821339675235, 0.000000000000000000 ) ) ;
#2057 = ORIENTED_EDGE ( 'NONE', *, *, #634, .T. ) ;
#2058 = CC_DESIGN_PERSON_AND_ORGANIZATION_ASSIGNMENT ( #191, #2011, ( #1733 ) ) ;
#2059 = EDGE_LOOP ( 'NONE', ( #1820, #2259, #445, #167, #1527 ) ) ;
#2060 = EDGE_CURVE ( 'NONE', #1575, #1535, #2032, .T. ) ;
#2061 = VERTEX_POINT ( 'NONE', #1310 ) ;
#2062 = CARTESIAN_POINT ( 'NONE',  ( 91.30727861951163504, 85.13337728393628367, 5.368249031348519829 ) ) ;
#2063 = CARTESIAN_POINT ( 'NONE',  ( 83.76568483159798006, 89.77591751222378491, 5.399999899612994980 ) ) ;
#2064 = DIRECTION ( 'NONE',  ( 0.000000000000000000, -0.000000000000000000, -1.000000000000000000 ) ) ;
#2065 = AXIS2_PLACEMENT_3D ( 'NONE', #650, #1367, #2108 ) ;
#2066 = CARTESIAN_POINT ( 'NONE',  ( 53.04230130916199215, 0.04330999182739999481, 7.500000000000000000 ) ) ;
#2067 = DIRECTION ( 'NONE',  ( -0.000000000000000000, -0.000000000000000000, -1.000000000000000000 ) ) ;
#2068 = ORIENTED_EDGE ( 'NONE', *, *, #1098, .F. ) ;
#2069 = AXIS2_PLACEMENT_3D ( 'NONE', #1625, #1991, #355 ) ;
#2070 = DIRECTION ( 'NONE',  ( -1.000000000000000000, 0.000000000000000000, 0.000000000000000000 ) ) ;
#2071 = AXIS2_PLACEMENT_3D ( 'NONE', #1969, #1998, #373 ) ;
#2072 = ORIENTED_EDGE ( 'NONE', *, *, #604, .T. ) ;
#2073 = VECTOR ( 'NONE', #580, 1000.000000000000000 ) ;
#2074 = EDGE_CURVE ( 'NONE', #764, #1050, #1155, .T. ) ;
#2075 = DIRECTION ( 'NONE',  ( 1.000000000000000000, 0.000000000000000000, 0.000000000000000000 ) ) ;
#2076 = LINE ( 'NONE', #828, #1901 ) ;
#2077 = DIRECTION ( 'NONE',  ( -1.000000000000000000, 0.000000000000000000, 0.000000000000000000 ) ) ;
#2078 = VERTEX_POINT ( 'NONE', #1857 ) ;
#2079 = DIRECTION ( 'NONE',  ( -0.000000000000000000, -0.000000000000000000, 1.000000000000000000 ) ) ;
#2080 = ORIENTED_EDGE ( 'NONE', *, *, #1435, .F. ) ;
#2081 = AXIS2_PLACEMENT_3D ( 'NONE', #277, #1125, #993 ) ;
#2082 = CIRCLE ( 'NONE', #67, 2.960456600711785846 ) ;
#2083 = CIRCLE ( 'NONE', #1865, 2.956992594712500200 ) ;
#2084 = CARTESIAN_POINT ( 'NONE',  ( 55.99929390387449502, 0.04330999182740035564, 7.500000000000000000 ) ) ;
#2085 = DIRECTION ( 'NONE',  ( 0.7071067811865476838, 0.7071067811865474617, -0.000000000000000000 ) ) ;
#2086 = EDGE_CURVE ( 'NONE', #2098, #2189, #1365, .T. ) ;
#2087 = CARTESIAN_POINT ( 'NONE',  ( 19.44938140005691452, 12.02547115092793284, 0.000000000000000000 ) ) ;
#2088 = CYLINDRICAL_SURFACE ( 'NONE', #1108, 1.199999999999999956 ) ;
#2089 = EDGE_LOOP ( 'NONE', ( #14, #484, #784, #444 ) ) ;
#2090 = FACE_OUTER_BOUND ( 'NONE', #1815, .T. ) ;
#2091 = ORIENTED_EDGE ( 'NONE', *, *, #2086, .F. ) ;
#2092 = VECTOR ( 'NONE', #385, 1000.000000000000000 ) ;
#2093 = VERTEX_POINT ( 'NONE', #2183 ) ;
#2094 = DIRECTION ( 'NONE',  ( 0.000000000000000000, 0.000000000000000000, -1.000000000000000000 ) ) ;
#2095 = ORIENTED_EDGE ( 'NONE', *, *, #1679, .F. ) ;
#2096 = CARTESIAN_POINT ( 'NONE',  ( 0.04330999182739999481, 52.95769869083799364, 7.500000000000000000 ) ) ;
#2097 = CARTESIAN_POINT ( 'NONE',  ( 2.998672585669109658, 53.04522118546665155, 0.000000000000000000 ) ) ;
#2098 = VERTEX_POINT ( 'NONE', #234 ) ;
#2099 = EDGE_CURVE ( 'NONE', #854, #2251, #2000, .T. ) ;
#2100 = CARTESIAN_POINT ( 'NONE',  ( 55.89934424987080064, 105.9601459312399925, -1.600000000000000755 ) ) ;
#2101 = VERTEX_POINT ( 'NONE', #1500 ) ;
#2102 = EDGE_CURVE ( 'NONE', #1561, #179, #531, .T. ) ;
#2103 = FACE_OUTER_BOUND ( 'NONE', #1742, .T. ) ;
#2104 = CIRCLE ( 'NONE', #1996, 2.956992594712500200 ) ;
#2105 = ORIENTED_EDGE ( 'NONE', *, *, #2060, .T. ) ;
#2106 = DIRECTION ( 'NONE',  ( -0.000000000000000000, -0.000000000000000000, -1.000000000000000000 ) ) ;
#2107 = DIRECTION ( 'NONE',  ( 1.000000000000000000, 0.000000000000000000, 0.000000000000000000 ) ) ;
#2108 = DIRECTION ( 'NONE',  ( 1.000000000000000000, 0.000000000000000000, 0.000000000000000000 ) ) ;
#2109 = CARTESIAN_POINT ( 'NONE',  ( 55.23888764915900396, 105.9601459312399925, 7.500000000000000000 ) ) ;
#2110 = CARTESIAN_POINT ( 'NONE',  ( 52.99842878151299885, 53.00157121848699404, 0.000000000000000000 ) ) ;
#2111 = DIRECTION ( 'NONE',  ( -0.000000000000000000, 0.000000000000000000, 1.000000000000000000 ) ) ;
#2112 = ORIENTED_EDGE ( 'NONE', *, *, #2102, .F. ) ;
#2113 = DIRECTION ( 'NONE',  ( -0.000000000000000000, -0.000000000000000000, -1.000000000000000000 ) ) ;
#2114 = EDGE_CURVE ( 'NONE', #1374, #1286, #2138, .T. ) ;
#2115 = ORIENTED_EDGE ( 'NONE', *, *, #849, .F. ) ;
#2116 = PLANE ( 'NONE',  #1088 ) ;
#2117 = DIRECTION ( 'NONE',  ( 1.000000000000000000, 0.000000000000000000, 0.000000000000000000 ) ) ;
#2118 = APPROVAL_STATUS ( 'not_yet_approved' ) ;
#2119 = VERTEX_POINT ( 'NONE', #1688 ) ;
#2120 = DIRECTION ( 'NONE',  ( -0.000000000000000000, 0.000000000000000000, 1.000000000000000000 ) ) ;
#2121 = DIRECTION ( 'NONE',  ( -0.000000000000000000, -0.000000000000000000, -1.000000000000000000 ) ) ;
#2122 = LINE ( 'NONE', #519, #614 ) ;
#2123 = ORIENTED_EDGE ( 'NONE', *, *, #709, .F. ) ;
#2124 = CONICAL_SURFACE ( 'NONE', #1765, 2.200000000000000622, 0.7853981633974481680 ) ;
#2125 = EDGE_LOOP ( 'NONE', ( #1467, #663, #1567, #1163 ) ) ;
#2126 = ADVANCED_FACE ( 'NONE', ( #767 ), #568, .F. ) ;
#2127 = CARTESIAN_POINT ( 'NONE',  ( 84.01317225216668305, 92.99325337118551715, 3.899999919690999128 ) ) ;
#2128 = CARTESIAN_POINT ( 'NONE',  ( 89.63467103127941016, 83.90693131254235482, 4.199999911085999571 ) ) ;
#2129 = EDGE_CURVE ( 'NONE', #1794, #1, #686, .T. ) ;
#2130 = DIRECTION ( 'NONE',  ( 0.000000000000000000, 0.000000000000000000, 1.000000000000000000 ) ) ;
#2131 = DIRECTION ( 'NONE',  ( 1.000000000000000000, 0.000000000000000000, 0.000000000000000000 ) ) ;
#2132 = ORIENTED_EDGE ( 'NONE', *, *, #75, .F. ) ;
#2133 = FACE_OUTER_BOUND ( 'NONE', #1128, .T. ) ;
#2134 = AXIS2_PLACEMENT_3D ( 'NONE', #1532, #826, #840 ) ;
#2135 = CIRCLE ( 'NONE', #232, 49.99999999999999289 ) ;
#2136 = DIRECTION ( 'NONE',  ( -0.000000000000000000, -0.000000000000000000, -1.000000000000000000 ) ) ;
#2137 = EDGE_CURVE ( 'NONE', #1328, #1575, #260, .T. ) ;
#2138 = CIRCLE ( 'NONE', #1150, 2.860456600711796860 ) ;
#2139 = CARTESIAN_POINT ( 'NONE',  ( 55.99811458700737177, 105.8748276154417312, 7.500000000000000000 ) ) ;
#2140 = EDGE_CURVE ( 'NONE', #588, #137, #527, .T. ) ;
#2141 = CARTESIAN_POINT ( 'NONE',  ( 50.08530871444949639, 0.04330999182739999481, 0.000000000000000000 ) ) ;
#2142 = EDGE_LOOP ( 'NONE', ( #1800, #1577, #559, #73 ) ) ;
#2143 = DIRECTION ( 'NONE',  ( -0.000000000000000000, -0.000000000000000000, 1.000000000000000000 ) ) ;
#2144 = CYLINDRICAL_SURFACE ( 'NONE', #1097, 2.956992594712500200 ) ;
#2145 = FACE_BOUND ( 'NONE', #1739, .T. ) ;
#2146 = CIRCLE ( 'NONE', #962, 49.99999999999999289 ) ;
#2147 = DIRECTION ( 'NONE',  ( 1.000000000000000000, 0.000000000000000000, 0.000000000000000000 ) ) ;
#2148 = DIRECTION ( 'NONE',  ( 0.7071067811865426878, 0.000000000000000000, 0.7071067811865523467 ) ) ;
#2149 = EDGE_CURVE ( 'NONE', #610, #372, #1961, .T. ) ;
#2150 = AXIS2_PLACEMENT_3D ( 'NONE', #325, #502, #2117 ) ;
#2151 = DIRECTION ( 'NONE',  ( 1.000000000000000000, 0.000000000000000000, 0.000000000000000000 ) ) ;
#2152 = ORIENTED_EDGE ( 'NONE', *, *, #1184, .T. ) ;
#2153 = CYLINDRICAL_SURFACE ( 'NONE', #672, 0.6999999942639972828 ) ;
#2154 = CARTESIAN_POINT ( 'NONE',  ( 53.04230130916199215, 0.04330999182739999481, 7.500000000000000000 ) ) ;
#2155 = VERTEX_POINT ( 'NONE', #1299 ) ;
#2156 = ORIENTED_EDGE ( 'NONE', *, *, #1852, .T. ) ;
#2157 = CARTESIAN_POINT ( 'NONE',  ( 53.03888764915900111, 105.9601459312399925, 7.500000000000000000 ) ) ;
#2158 = DIRECTION ( 'NONE',  ( 1.000000000000000000, 0.000000000000000000, 0.000000000000000000 ) ) ;
#2159 = AXIS2_PLACEMENT_3D ( 'NONE', #1832, #33, #381 ) ;
#2160 = CARTESIAN_POINT ( 'NONE',  ( 105.9601459312399925, 53.03888764915900111, -1.600000000000000089 ) ) ;
#2161 = EDGE_CURVE ( 'NONE', #926, #1412, #1880, .T. ) ;
#2162 = VECTOR ( 'NONE', #2171, 1000.000000000000114 ) ;
#2163 = CIRCLE ( 'NONE', #332, 52.95827939944611984 ) ;
#2164 = ORIENTED_EDGE ( 'NONE', *, *, #1626, .T. ) ;
#2165 = APPROVAL_PERSON_ORGANIZATION ( #2001, #2274, #387 ) ;
#2166 = DIRECTION ( 'NONE',  ( 1.000000000000000000, 0.000000000000000000, 0.000000000000000000 ) ) ;
#2167 = LINE ( 'NONE', #563, #1990 ) ;
#2168 = CYLINDRICAL_SURFACE ( 'NONE', #1828, 2.956992594712500200 ) ;
#2169 = EDGE_LOOP ( 'NONE', ( #1297, #688 ) ) ;
#2170 = ORIENTED_EDGE ( 'NONE', *, *, #494, .T. ) ;
#2171 = DIRECTION ( 'NONE',  ( 0.7071067811865474617, -0.7071067811865474617, 0.000000000000000000 ) ) ;
#2172 = DIRECTION ( 'NONE',  ( -0.000000000000000000, 0.000000000000000000, 1.000000000000000000 ) ) ;
#2173 = SECURITY_CLASSIFICATION_LEVEL ( 'unclassified' ) ;
#2174 = CARTESIAN_POINT ( 'NONE',  ( 84.31635135986758200, 91.97837688634395192, 4.516641947883123898 ) ) ;
#2175 = CARTESIAN_POINT ( 'NONE',  ( 53.04230130916199215, 0.04330999182739999481, 7.500000000000000000 ) ) ;
#2176 = B_SPLINE_CURVE_WITH_KNOTS ( 'NONE', 3,
 ( #1458, #747, #763, #1887 ),
 .UNSPECIFIED., .F., .F.,
 ( 4, 4 ),
 ( 0.000000000000000000, 1.000000000000000000 ),
 .UNSPECIFIED. ) ;
#2177 = ORIENTED_EDGE ( 'NONE', *, *, #773, .F. ) ;
#2178 = CARTESIAN_POINT ( 'NONE',  ( 53.03888764915900111, 105.9601459312399925, 0.000000000000000000 ) ) ;
#2179 = EDGE_CURVE ( 'NONE', #1843, #1726, #1699, .T. ) ;
#2180 = CARTESIAN_POINT ( 'NONE',  ( 52.99842878151299885, 53.00157121848699404, 7.500000000000000000 ) ) ;
#2181 = ORIENTED_EDGE ( 'NONE', *, *, #685, .T. ) ;
#2182 = CARTESIAN_POINT ( 'NONE',  ( 0.04330999182739999481, 52.95769869083799364, -1.600000000000000089 ) ) ;
#2183 = CARTESIAN_POINT ( 'NONE',  ( 14.11173230703773740, 21.57189038488589716, 0.000000000000000000 ) ) ;
#2184 = PERSON_AND_ORGANIZATION_ROLE ( 'classification_officer' ) ;
#2185 = FACE_OUTER_BOUND ( 'NONE', #31, .T. ) ;
#2186 = CARTESIAN_POINT ( 'NONE',  ( 2.998600259357721676, 53.13252065552847370, 0.000000000000000000 ) ) ;
#2187 = CIRCLE ( 'NONE', #778, 2.199999999999993516 ) ;
#2188 = ORIENTED_EDGE ( 'NONE', *, *, #1522, .F. ) ;
#2189 = VERTEX_POINT ( 'NONE', #1837 ) ;
#2190 = CARTESIAN_POINT ( 'NONE',  ( 19.44938140005691452, 12.02547115092793284, 7.500000000000000000 ) ) ;
#2191 = DIRECTION ( 'NONE',  ( -0.000000000000000000, 0.000000000000000000, 1.000000000000000000 ) ) ;
#2192 = EDGE_CURVE ( 'NONE', #1014, #1599, #1101, .T. ) ;
#2193 = CARTESIAN_POINT ( 'NONE',  ( 52.99842878151299885, 53.00157121848699404, 7.500000000000000000 ) ) ;
#2194 = DIRECTION ( 'NONE',  ( 1.000000000000000000, 0.000000000000000000, 0.000000000000000000 ) ) ;
#2195 = LINE ( 'NONE', #1343, #430 ) ;
#2196 = DIRECTION ( 'NONE',  ( 1.000000000000000000, 0.000000000000000000, 0.000000000000000000 ) ) ;
#2197 = ORIENTED_EDGE ( 'NONE', *, *, #1098, .T. ) ;
#2198 = EDGE_LOOP ( 'NONE', ( #1106, #2216, #458, #240 ) ) ;
#2199 = EDGE_CURVE ( 'NONE', #486, #1420, #2272, .T. ) ;
#2200 = CARTESIAN_POINT ( 'NONE',  ( 91.87212541549885714, 84.44732943813937709, 7.500000000000000000 ) ) ;
#2201 = CARTESIAN_POINT ( 'NONE',  ( 3.000302586539914440, 52.95769869083799364, 5.500000000000000000 ) ) ;
#2202 = VECTOR ( 'NONE', #1114, 1000.000000000000000 ) ;
#2203 = EDGE_CURVE ( 'NONE', #850, #1055, #635, .T. ) ;
#2204 = VECTOR ( 'NONE', #2244, 1000.000000000000000 ) ;
#2205 = DIRECTION ( 'NONE',  ( 0.000000000000000000, 0.000000000000000000, -1.000000000000000000 ) ) ;
#2206 = CIRCLE ( 'NONE', #1551, 2.956992594712500200 ) ;
#2207 = CARTESIAN_POINT ( 'NONE',  ( 53.04230130916199215, 0.04330999182739999481, 0.000000000000000000 ) ) ;
#2208 = VERTEX_POINT ( 'NONE', #128 ) ;
#2209 = VERTEX_POINT ( 'NONE', #2222 ) ;
#2210 = ORIENTED_EDGE ( 'NONE', *, *, #2008, .T. ) ;
#2211 = DIRECTION ( 'NONE',  ( 0.000000000000000000, 0.000000000000000000, -1.000000000000000000 ) ) ;
#2212 = DIRECTION ( 'NONE',  ( -0.7071067811865475727, 0.7071067811865475727, 0.000000000000000000 ) ) ;
#2213 = APPROVAL ( #2118, '未指定' ) ;
#2214 = DIRECTION ( 'NONE',  ( 1.000000000000000000, 0.000000000000000000, 0.000000000000000000 ) ) ;
#2215 = DIRECTION ( 'NONE',  ( -1.000000000000000000, 0.000000000000000000, 0.000000000000000000 ) ) ;
#2216 = ORIENTED_EDGE ( 'NONE', *, *, #646, .T. ) ;
#2217 = EDGE_CURVE ( 'NONE', #2239, #553, #1144, .T. ) ;
#2218 = ORIENTED_EDGE ( 'NONE', *, *, #1013, .T. ) ;
#2219 = AXIS2_PLACEMENT_3D ( 'NONE', #1118, #1634, #744 ) ;
#2220 = AXIS2_PLACEMENT_3D ( 'NONE', #874, #1620, #1231 ) ;
#2221 = FACE_OUTER_BOUND ( 'NONE', #812, .T. ) ;
#2222 = CARTESIAN_POINT ( 'NONE',  ( 50.08530871444949639, 0.04330999182739999481, 7.500000000000000000 ) ) ;
#2223 = DIRECTION ( 'NONE',  ( -0.000000000000000000, -0.000000000000000000, -1.000000000000000000 ) ) ;
#2224 = FACE_OUTER_BOUND ( 'NONE', #537, .T. ) ;
#2225 = ORIENTED_EDGE ( 'NONE', *, *, #2149, .F. ) ;
#2226 = VERTEX_POINT ( 'NONE', #1219 ) ;
#2227 = EDGE_CURVE ( 'NONE', #322, #377, #117, .T. ) ;
#2228 = DIRECTION ( 'NONE',  ( 0.7071067811865474617, 0.7071067811865474617, 0.000000000000000000 ) ) ;
#2229 = VERTEX_POINT ( 'NONE', #1542 ) ;
#2230 = ORIENTED_EDGE ( 'NONE', *, *, #534, .F. ) ;
#2231 = CARTESIAN_POINT ( 'NONE',  ( -1.156690008172599926, 52.95769869083799364, 7.500000000000000000 ) ) ;
#2232 =( NAMED_UNIT ( * ) SI_UNIT ( $, .STERADIAN. ) SOLID_ANGLE_UNIT ( ) );
#2233 = CIRCLE ( 'NONE', #1357, 1.199999999999999734 ) ;
#2234 = DIRECTION ( 'NONE',  ( 1.000000000000000000, 0.000000000000000000, 0.000000000000000000 ) ) ;
#2235 = CARTESIAN_POINT ( 'NONE',  ( 105.8718682856381292, 55.99802778473634390, 7.500000000000000000 ) ) ;
#2236 = ORIENTED_EDGE ( 'NONE', *, *, #1083, .T. ) ;
#2237 = CIRCLE ( 'NONE', #561, 2.960456600711806718 ) ;
#2238 = DIRECTION ( 'NONE',  ( 0.7071067811865474617, 0.7071067811865474617, 0.000000000000000000 ) ) ;
#2239 = VERTEX_POINT ( 'NONE', #1932 ) ;
#2240 = AXIS2_PLACEMENT_3D ( 'NONE', #351, #1092, #2158 ) ;
#2241 = PLANE ( 'NONE',  #1915 ) ;
#2242 = ORIENTED_EDGE ( 'NONE', *, *, #1734, .F. ) ;
#2243 = EDGE_CURVE ( 'NONE', #68, #1037, #1350, .T. ) ;
#2244 = DIRECTION ( 'NONE',  ( -0.000000000000000000, -0.000000000000000000, 1.000000000000000000 ) ) ;
#2245 = DIRECTION ( 'NONE',  ( -1.000000000000000000, 0.000000000000000000, 0.000000000000000000 ) ) ;
#2246 = FACE_OUTER_BOUND ( 'NONE', #1657, .T. ) ;
#2247 = DIRECTION ( 'NONE',  ( 1.000000000000000000, 0.000000000000000000, 0.000000000000000000 ) ) ;
#2248 = DIRECTION ( 'NONE',  ( -0.000000000000000000, 0.000000000000000000, 1.000000000000000000 ) ) ;
#2249 = ORIENTED_EDGE ( 'NONE', *, *, #547, .T. ) ;
#2250 = CYLINDRICAL_SURFACE ( 'NONE', #1273, 49.99999999999998579 ) ;
#2251 = VERTEX_POINT ( 'NONE', #1390 ) ;
#2252 = AXIS2_PLACEMENT_3D ( 'NONE', #1872, #410, #261 ) ;
#2253 = CIRCLE ( 'NONE', #1646, 2.956992594712514855 ) ;
#2254 = VERTEX_POINT ( 'NONE', #1718 ) ;
#2255 = AXIS2_PLACEMENT_3D ( 'NONE', #21, #532, #1275 ) ;
#2256 = DIRECTION ( 'NONE',  ( -0.000000000000000000, -0.000000000000000000, 1.000000000000000000 ) ) ;
#2257 = EDGE_CURVE ( 'NONE', #1528, #1651, #1377, .T. ) ;
#2258 = CARTESIAN_POINT ( 'NONE',  ( 52.99842878151299885, 53.00157121848699404, 7.500000000000000000 ) ) ;
#2259 = ORIENTED_EDGE ( 'NONE', *, *, #2060, .F. ) ;
#2260 = AXIS2_PLACEMENT_3D ( 'NONE', #185, #216, #1252 ) ;
#2261 = VECTOR ( 'NONE', #1462, 1000.000000000000114 ) ;
#2262 = CARTESIAN_POINT ( 'NONE',  ( 105.9566950353780612, 53.03888521768355702, 7.500000000000000000 ) ) ;
#2263 = EDGE_CURVE ( 'NONE', #126, #162, #448, .T. ) ;
#2264 = DIRECTION ( 'NONE',  ( 1.000000000000000000, 0.000000000000000000, 0.000000000000000000 ) ) ;
#2265 = ORIENTED_EDGE ( 'NONE', *, *, #223, .F. ) ;
#2266 = DIRECTION ( 'NONE',  ( -0.000000000000000000, 0.000000000000000000, 1.000000000000000000 ) ) ;
#2267 = ORIENTED_EDGE ( 'NONE', *, *, #1968, .F. ) ;
#2268 = DIRECTION ( 'NONE',  ( -0.000000000000000000, -0.000000000000000000, -1.000000000000000000 ) ) ;
#2269 = EDGE_LOOP ( 'NONE', ( #1072, #930, #1588, #1040 ) ) ;
#2270 = CYLINDRICAL_SURFACE ( 'NONE', #2051, 2.960456600711792952 ) ;
#2271 = CARTESIAN_POINT ( 'NONE',  ( 0.04330999182739999481, 52.95769869083799364, -1.600000000000000089 ) ) ;
#2272 = LINE ( 'NONE', #475, #1844 ) ;
#2273 = EDGE_LOOP ( 'NONE', ( #1745, #401, #511, #2267 ) ) ;
#2274 = APPROVAL ( #201, '未指定' ) ;
#2275 = DIRECTION ( 'NONE',  ( 1.000000000000000000, 0.000000000000000000, 0.000000000000000000 ) ) ;
#2276 = CARTESIAN_POINT ( 'NONE',  ( 53.04230130916199215, 0.04330999182739999481, 7.500000000000000000 ) ) ;
#2277 = EDGE_LOOP ( 'NONE', ( #1192, #187, #1659, #1057 ) ) ;
#2278 = EDGE_CURVE ( 'NONE', #1159, #2026, #944, .T. ) ;
#2279 = DIRECTION ( 'NONE',  ( 1.000000000000000000, 0.000000000000000000, 0.000000000000000000 ) ) ;
#2280 = ORIENTED_EDGE ( 'NONE', *, *, #1606, .F. ) ;
#2281 = CIRCLE ( 'NONE', #1929, 2.960456600711792952 ) ;
#2282 = CARTESIAN_POINT ( 'NONE',  ( 53.04230130916199215, 0.04330999182739999481, 7.500000000000000000 ) ) ;
#2283 = AXIS2_PLACEMENT_3D ( 'NONE', #1331, #77, #805 ) ;
#2284 = EDGE_LOOP ( 'NONE', ( #1127, #226, #677, #284 ) ) ;
#2285 = CARTESIAN_POINT ( 'NONE',  ( 55.23888764915900396, 105.9601459312399925, 7.500000000000000000 ) ) ;
#2286 = PERSON_AND_ORGANIZATION_ROLE ( 'design_owner' ) ;
#2287 = ORIENTED_EDGE ( 'NONE', *, *, #1283, .T. ) ;
#2288 = DIRECTION ( 'NONE',  ( 0.000000000000000000, 0.000000000000000000, -1.000000000000000000 ) ) ;
#2289 = UNCERTAINTY_MEASURE_WITH_UNIT (LENGTH_MEASURE( 1.000000000000000082E-05 ), #1741, 'distance_accuracy_value', 'NONE');
#2290 = CARTESIAN_POINT ( 'NONE',  ( 23.08020634922227643, 15.65629487586875435, 4.649998006364000069 ) ) ;
#2291 = CARTESIAN_POINT ( 'NONE',  ( 52.99842878151299885, 53.00157121848699404, 7.500000000000000000 ) ) ;
#2292 = DIRECTION ( 'NONE',  ( 1.000000000000000000, 0.000000000000000000, 0.000000000000000000 ) ) ;
#2293 = EDGE_CURVE ( 'NONE', #1843, #630, #452, .T. ) ;
#2294 = ORIENTED_EDGE ( 'NONE', *, *, #1629, .F. ) ;
#2295 = ORIENTED_EDGE ( 'NONE', *, *, #1877, .T. ) ;
#2296 = CARTESIAN_POINT ( 'NONE',  ( 50.08530871444949639, 0.04330999182739999481, 7.500000000000000000 ) ) ;
#2297 = DIRECTION ( 'NONE',  ( -1.000000000000000000, 0.000000000000000000, 0.000000000000000000 ) ) ;
#2298 = AXIS2_PLACEMENT_3D ( 'NONE', #1882, #1133, #237 ) ;
#2299 = ORIENTED_EDGE ( 'NONE', *, *, #349, .F. ) ;
#2300 = CIRCLE ( 'NONE', #2219, 52.95827939944611984 ) ;
#2301 = CYLINDRICAL_SURFACE ( 'NONE', #982, 52.95827939944611984 ) ;
#2302 = DIRECTION ( 'NONE',  ( -0.000000000000000000, -0.000000000000000000, -1.000000000000000000 ) ) ;
#2303 = AXIS2_PLACEMENT_3D ( 'NONE', #1074, #1443, #908 ) ;
#2304 = CYLINDRICAL_SURFACE ( 'NONE', #2069, 1.199999999999999734 ) ;
#2305 = EDGE_CURVE ( 'NONE', #2007, #1401, #2233, .T. ) ;
ENDSEC;
END-ISO-10303-21;
