ISO-10303-21;
HEADER;
FILE_DESCRIPTION (( 'STEP AP203' ),
    '1' );
FILE_NAME ('底座^磁悬浮-上.STEP',
    '2025-07-23T13:33:21',
    ( '' ),
    ( '' ),
    'SwSTEP 2.0',
    'SolidWorks 2022',
    '' );
FILE_SCHEMA (( 'CONFIG_CONTROL_DESIGN' ));
ENDSEC;

DATA;
#1 = DIRECTION ( 'NONE',  ( -1.000000000000000000, 0.000000000000000000, 0.000000000000000000 ) ) ;
#2 = ORIENTED_EDGE ( 'NONE', *, *, #395, .F. ) ;
#3 = DIRECTION ( 'NONE',  ( -0.9860111304113156061, -0.1666794849554069369, 0.000000000000000000 ) ) ;
#4 = FACE_OUTER_BOUND ( 'NONE', #955, .T. ) ;
#5 = DIRECTION ( 'NONE',  ( -0.000000000000000000, -0.000000000000000000, -1.000000000000000000 ) ) ;
#6 = CARTESIAN_POINT ( 'NONE',  ( 52.99842878151299885, 53.00157121848699404, -6.099999999999997868 ) ) ;
#7 = ORIENTED_EDGE ( 'NONE', *, *, #873, .F. ) ;
#8 = EDGE_CURVE ( 'NONE', #1319, #3901, #2692, .T. ) ;
#9 = CARTESIAN_POINT ( 'NONE',  ( 61.55421513790538768, 61.32984371579905769, -14.09999999999998721 ) ) ;
#10 = FACE_OUTER_BOUND ( 'NONE', #3772, .T. ) ;
#11 = VECTOR ( 'NONE', #3449, 1000.000000000000000 ) ;
#12 = CARTESIAN_POINT ( 'NONE',  ( 32.88431522185697986, 46.58143135395914669, -14.09999999999998721 ) ) ;
#13 = B_SPLINE_SURFACE_WITH_KNOTS ( 'NONE', 3, 1, ( 
 ( #728, #3941 ),
 ( #1354, #2824 ),
 ( #4886, #6003 ),
 ( #6409, #1764 ),
 ( #694, #213 ) ),
 .UNSPECIFIED., .F., .F., .F.,
 ( 4, 1, 4 ),
 ( 2, 2 ),
 ( 0.000000000000000000, 0.5752325325929393829, 1.000000000000000000 ),
 ( 0.000000000000000000, 1.000000000000000000 ),
 .UNSPECIFIED. ) ;
#14 = LINE ( 'NONE', #5341, #4248 ) ;
#15 = ORIENTED_EDGE ( 'NONE', *, *, #2407, .T. ) ;
#16 = VECTOR ( 'NONE', #1205, 1000.000000000000000 ) ;
#17 = EDGE_CURVE ( 'NONE', #2514, #2337, #831, .T. ) ;
#18 = DIRECTION ( 'NONE',  ( -0.9582959828548685000, -0.2857775520299342120, 0.000000000000000000 ) ) ;
#19 = EDGE_CURVE ( 'NONE', #3437, #5670, #2377, .T. ) ;
#20 = VERTEX_POINT ( 'NONE', #1382 ) ;
#21 = ORIENTED_EDGE ( 'NONE', *, *, #4159, .T. ) ;
#22 = CARTESIAN_POINT ( 'NONE',  ( 74.08219175160945724, 51.66181256240100339, -16.09999999999999787 ) ) ;
#23 = APPROVAL_PERSON_ORGANIZATION ( #4020, #6534, #4837 ) ;
#24 = CARTESIAN_POINT ( 'NONE',  ( 38.22457925587903560, 60.20839870030847862, -16.09999999999999076 ) ) ;
#25 = B_SPLINE_CURVE_WITH_KNOTS ( 'NONE', 3,
 ( #5813, #640, #4838, #3283, #5349, #5882, #4871 ),
 .UNSPECIFIED., .F., .F.,
 ( 4, 1, 1, 1, 4 ),
 ( 0.000000000000000000, 0.2838934833689656934, 0.5309679183147403281, 0.7641352268554387761, 0.9999999999999998890 ),
 .UNSPECIFIED. ) ;
#26 = CARTESIAN_POINT ( 'NONE',  ( 62.57352238880109496, 61.43947266375454319, -14.09999999999998721 ) ) ;
#27 = ADVANCED_FACE ( 'NONE', ( #3842 ), #5899, .T. ) ;
#28 = CARTESIAN_POINT ( 'NONE',  ( 57.41884476958838945, 61.50068666244150251, -14.09999999999999076 ) ) ;
#29 = EDGE_CURVE ( 'NONE', #6126, #2675, #5908, .T. ) ;
#30 = LINE ( 'NONE', #3655, #5101 ) ;
#31 = CARTESIAN_POINT ( 'NONE',  ( 26.05890599440851929, 61.23052214885655786, -14.09999999999996945 ) ) ;
#32 = CARTESIAN_POINT ( 'NONE',  ( 69.14080836463045898, 61.46378346349150235, -16.10000000000000142 ) ) ;
#33 = ORIENTED_EDGE ( 'NONE', *, *, #3825, .F. ) ;
#34 = LINE ( 'NONE', #3250, #5240 ) ;
#35 = ORIENTED_EDGE ( 'NONE', *, *, #3488, .T. ) ;
#36 = CARTESIAN_POINT ( 'NONE',  ( 32.82599288533464232, 66.09859791877003943, -14.09999999999999432 ) ) ;
#37 = CARTESIAN_POINT ( 'NONE',  ( 40.34656676739326997, 47.97978865821855976, -14.09999999999998366 ) ) ;
#38 = EDGE_LOOP ( 'NONE', ( #1158, #4110, #4699, #2349 ) ) ;
#39 = FACE_OUTER_BOUND ( 'NONE', #5608, .T. ) ;
#40 = ORIENTED_EDGE ( 'NONE', *, *, #3388, .F. ) ;
#41 = DIRECTION ( 'NONE',  ( -0.7123933378326325894, 0.7017804017010452755, 0.000000000000000000 ) ) ;
#42 = ORIENTED_EDGE ( 'NONE', *, *, #4325, .F. ) ;
#43 = ORIENTED_EDGE ( 'NONE', *, *, #3326, .F. ) ;
#44 = CARTESIAN_POINT ( 'NONE',  ( 66.54591943018088784, 48.36661166954386459, -16.09999999999999787 ) ) ;
#45 = PLANE ( 'NONE',  #2173 ) ;
#46 = CARTESIAN_POINT ( 'NONE',  ( 32.72166902089162477, 46.57745706067679947, -14.09999999999998721 ) ) ;
#47 = CARTESIAN_POINT ( 'NONE',  ( 43.36548320809378509, 47.70207196080882994, -16.09999999999998721 ) ) ;
#48 = EDGE_CURVE ( 'NONE', #3445, #1128, #5804, .T. ) ;
#49 = ORIENTED_EDGE ( 'NONE', *, *, #4478, .T. ) ;
#50 = CARTESIAN_POINT ( 'NONE',  ( 71.91701318018088784, 55.43134381240100339, -16.09999999999999787 ) ) ;
#51 = VERTEX_POINT ( 'NONE', #1659 ) ;
#52 = EDGE_LOOP ( 'NONE', ( #5787, #5370, #579, #881 ) ) ;
#53 = DIRECTION ( 'NONE',  ( 0.7919140746849536727, 0.6106325395160937530, 0.000000000000000000 ) ) ;
#54 = EDGE_CURVE ( 'NONE', #894, #879, #4353, .T. ) ;
#55 = CARTESIAN_POINT ( 'NONE',  ( 39.61791245057145261, 60.44729077854557886, -16.09999999999999076 ) ) ;
#56 = CARTESIAN_POINT ( 'NONE',  ( 32.26158985500124743, 46.68105021993461179, -14.09999999999997655 ) ) ;
#57 = CARTESIAN_POINT ( 'NONE',  ( 40.44379889446660314, 48.03179024097243399, -14.09999999999997300 ) ) ;
#58 = CARTESIAN_POINT ( 'NONE',  ( 57.69826318018088784, 61.09261613382957989, 7.499999999999996447 ) ) ;
#59 = EDGE_CURVE ( 'NONE', #63, #5823, #2174, .T. ) ;
#60 = DIRECTION ( 'NONE',  ( -0.000000000000000000, -0.000000000000000000, -1.000000000000000000 ) ) ;
#61 = ADVANCED_FACE ( 'NONE', ( #3746 ), #5337, .T. ) ;
#62 = CARTESIAN_POINT ( 'NONE',  ( 48.34089586420994777, 61.38786541851523992, -14.09999999999997300 ) ) ;
#63 = VERTEX_POINT ( 'NONE', #77 ) ;
#64 = DIRECTION ( 'NONE',  ( -1.000000000000000000, 0.000000000000000000, 0.000000000000000000 ) ) ;
#65 = ORIENTED_EDGE ( 'NONE', *, *, #1113, .T. ) ;
#66 = ORIENTED_EDGE ( 'NONE', *, *, #2086, .F. ) ;
#67 = CARTESIAN_POINT ( 'NONE',  ( 72.51411139446661025, 59.38223666954386459, -16.09999999999999787 ) ) ;
#68 = B_SPLINE_CURVE_WITH_KNOTS ( 'NONE', 3,
 ( #4829, #46, #12, #2119, #1145 ),
 .UNSPECIFIED., .F., .F.,
 ( 4, 1, 4 ),
 ( 0.000000000000000000, 0.5384690655777928381, 1.000000000000000000 ),
 .UNSPECIFIED. ) ;
#69 = CARTESIAN_POINT ( 'NONE',  ( 43.12795068018088784, 61.05355363382957279, -14.09999999999996945 ) ) ;
#70 = VERTEX_POINT ( 'NONE', #5800 ) ;
#71 = CARTESIAN_POINT ( 'NONE',  ( 74.66498066772820152, 46.57707682090696011, -16.09999999999999432 ) ) ;
#72 = FACE_OUTER_BOUND ( 'NONE', #3890, .T. ) ;
#73 = ORIENTED_EDGE ( 'NONE', *, *, #4229, .F. ) ;
#74 = ORIENTED_EDGE ( 'NONE', *, *, #1026, .F. ) ;
#75 = PLANE ( 'NONE',  #6736 ) ;
#76 = CARTESIAN_POINT ( 'NONE',  ( 46.55708014446660314, 59.99886613382957989, 7.500000000000000000 ) ) ;
#77 = CARTESIAN_POINT ( 'NONE',  ( 50.07843104844721438, 105.9601459312399925, -6.099999999999997868 ) ) ;
#78 = VECTOR ( 'NONE', #1187, 1000.000000000000114 ) ;
#79 = DIRECTION ( 'NONE',  ( -0.000000000000000000, -0.000000000000000000, -1.000000000000000000 ) ) ;
#80 = DIRECTION ( 'NONE',  ( 0.8938896758213661364, -0.4482870146011066481, 0.000000000000000000 ) ) ;
#81 = VECTOR ( 'NONE', #3438, 1000.000000000000114 ) ;
#82 = ORIENTED_EDGE ( 'NONE', *, *, #474, .F. ) ;
#83 = VECTOR ( 'NONE', #235, 1000.000000000000000 ) ;
#84 = LINE ( 'NONE', #3381, #4558 ) ;
#85 = VERTEX_POINT ( 'NONE', #663 ) ;
#86 = VECTOR ( 'NONE', #956, 1000.000000000000000 ) ;
#87 = ORIENTED_EDGE ( 'NONE', *, *, #5807, .T. ) ;
#88 = VECTOR ( 'NONE', #1041, 1000.000000000000000 ) ;
#89 = DIRECTION ( 'NONE',  ( -1.000000000000000000, 0.000000000000000000, 0.000000000000000000 ) ) ;
#90 = CARTESIAN_POINT ( 'NONE',  ( 66.03810693018088784, 51.02286166954385749, -14.09999999999998721 ) ) ;
#91 = VECTOR ( 'NONE', #3295, 1000.000000000000000 ) ;
#92 = CARTESIAN_POINT ( 'NONE',  ( 32.26158985500124743, 46.68105021993461179, -16.09999999999999787 ) ) ;
#93 = VECTOR ( 'NONE', #6344, 1000.000000000000000 ) ;
#94 = CARTESIAN_POINT ( 'NONE',  ( 56.10228103732374194, 60.23603131240100339, -16.09999999999999787 ) ) ;
#95 = ORIENTED_EDGE ( 'NONE', *, *, #3682, .T. ) ;
#96 = ADVANCED_FACE ( 'NONE', ( #4856 ), #2485, .T. ) ;
#97 = CARTESIAN_POINT ( 'NONE',  ( 66.03810693018088784, 51.02286166954385749, -16.09999999999999787 ) ) ;
#98 = CARTESIAN_POINT ( 'NONE',  ( 62.44947715681995248, 61.51780941854363505, -16.09999999999999076 ) ) ;
#99 = CARTESIAN_POINT ( 'NONE',  ( 68.91107939728760812, 61.53724345215887581, -16.09999999999999787 ) ) ;
#100 = ORIENTED_EDGE ( 'NONE', *, *, #653, .T. ) ;
#101 = CARTESIAN_POINT ( 'NONE',  ( 43.94347239658969073, 60.37344443850036413, -14.09999999999997300 ) ) ;
#102 = ORIENTED_EDGE ( 'NONE', *, *, #2695, .F. ) ;
#103 = EDGE_CURVE ( 'NONE', #6690, #3251, #1770, .T. ) ;
#104 = ORIENTED_EDGE ( 'NONE', *, *, #5647, .F. ) ;
#105 = CARTESIAN_POINT ( 'NONE',  ( 68.56600871589517965, 60.32531702668671869, 7.500000000000000000 ) ) ;
#106 = EDGE_CURVE ( 'NONE', #3003, #1475, #5406, .T. ) ;
#107 = DIRECTION ( 'NONE',  ( 0.6957952158270134246, -0.7182402227891723223, 0.000000000000000000 ) ) ;
#108 = ORIENTED_EDGE ( 'NONE', *, *, #5755, .T. ) ;
#109 = LINE ( 'NONE', #6340, #6743 ) ;
#110 = ORIENTED_EDGE ( 'NONE', *, *, #1850, .T. ) ;
#111 = CARTESIAN_POINT ( 'NONE',  ( 52.34112032303803375, 60.37275006240100339, 7.500000000000000000 ) ) ;
#112 = ORIENTED_EDGE ( 'NONE', *, *, #5144, .T. ) ;
#113 = ORIENTED_EDGE ( 'NONE', *, *, #2841, .F. ) ;
#114 = LINE ( 'NONE', #1768, #93 ) ;
#115 = CARTESIAN_POINT ( 'NONE',  ( 57.22114264446660314, 60.38391077668671159, -16.09999999999999787 ) ) ;
#116 = CARTESIAN_POINT ( 'NONE',  ( 43.53142413465818805, 60.45894951237595194, -14.09999999999996945 ) ) ;
#117 = ADVANCED_FACE ( 'NONE', ( #4531 ), #267, .F. ) ;
#118 = CARTESIAN_POINT ( 'NONE',  ( 42.75964710875231845, 47.70812952668671869, -16.09999999999999787 ) ) ;
#119 = CARTESIAN_POINT ( 'NONE',  ( 43.19770514446660314, 47.70812952668671869, -14.09999999999996945 ) ) ;
#120 = ORIENTED_EDGE ( 'NONE', *, *, #5987, .T. ) ;
#121 = CARTESIAN_POINT ( 'NONE',  ( 47.77638818018088784, 60.36995988382957279, -14.09999999999998010 ) ) ;
#122 = AXIS2_PLACEMENT_3D ( 'NONE', #4836, #2879, #1231 ) ;
#123 = ORIENTED_EDGE ( 'NONE', *, *, #444, .F. ) ;
#124 = VERTEX_POINT ( 'NONE', #3993 ) ;
#125 = CARTESIAN_POINT ( 'NONE',  ( 73.33818216842078641, 51.28700646653406636, -16.10000000000000142 ) ) ;
#126 = B_SPLINE_CURVE_WITH_KNOTS ( 'NONE', 3,
 ( #6079, #3542, #4016, #3001, #6626, #2524, #5603, #5028, #6586, #4589, #3063 ),
 .UNSPECIFIED., .F., .F.,
 ( 4, 1, 1, 1, 1, 1, 1, 1, 4 ),
 ( 0.000000000000000000, 0.08954781583207162277, 0.1890453889788171749, 0.2984997858011221861, 0.4179033511080942898, 0.5484998382034987907, 0.6890456633498932559, 0.8395408819840500803, 1.000000000000000000 ),
 .UNSPECIFIED. ) ;
#127 = AXIS2_PLACEMENT_3D ( 'NONE', #5223, #5765, #1137 ) ;
#128 = CARTESIAN_POINT ( 'NONE',  ( 62.05863968800183983, 61.55752520064093147, -16.09999999999998366 ) ) ;
#129 = CARTESIAN_POINT ( 'NONE',  ( 38.72504889446660314, 61.57531702668671869, -16.09999999999999787 ) ) ;
#130 = CARTESIAN_POINT ( 'NONE',  ( 27.26857568018088784, 60.36995988382957279, -16.09999999999999787 ) ) ;
#131 = VECTOR ( 'NONE', #4037, 1000.000000000000000 ) ;
#132 = CARTESIAN_POINT ( 'NONE',  ( 73.03587478732374905, 47.28123220525814219, 7.500000000000000000 ) ) ;
#133 = CARTESIAN_POINT ( 'NONE',  ( 39.20495960875231845, 60.36995988382957279, -14.09999999999998010 ) ) ;
#134 = CARTESIAN_POINT ( 'NONE',  ( 52.05233684089519386, 60.36995988382958700, 7.499999999999992895 ) ) ;
#135 = ORIENTED_EDGE ( 'NONE', *, *, #5072, .F. ) ;
#136 = DIRECTION ( 'NONE',  ( -0.000000000000000000, -0.000000000000000000, -1.000000000000000000 ) ) ;
#137 = EDGE_LOOP ( 'NONE', ( #5986, #6701, #3838, #4585 ) ) ;
#138 = CARTESIAN_POINT ( 'NONE',  ( 57.72046226605213093, 60.85476726807956283, -16.09999999999998721 ) ) ;
#139 = FACE_OUTER_BOUND ( 'NONE', #5668, .T. ) ;
#140 = ORIENTED_EDGE ( 'NONE', *, *, #5190, .F. ) ;
#141 = CARTESIAN_POINT ( 'NONE',  ( 39.93787630325660132, 60.92594399281244222, -14.09999999999998366 ) ) ;
#142 = EDGE_CURVE ( 'NONE', #473, #1826, #2399, .T. ) ;
#143 = DIRECTION ( 'NONE',  ( 0.000000000000000000, 0.000000000000000000, -1.000000000000000000 ) ) ;
#144 = VERTEX_POINT ( 'NONE', #1370 ) ;
#145 = EDGE_LOOP ( 'NONE', ( #6006, #2104, #170, #2947, #5280, #4312, #3312, #5884 ) ) ;
#146 = CARTESIAN_POINT ( 'NONE',  ( 72.53106448208377799, -1.080249896542226917, -14.09999999999999432 ) ) ;
#147 = CARTESIAN_POINT ( 'NONE',  ( 64.49792835875231845, 59.75891077668671159, -16.09999999999999787 ) ) ;
#148 = CARTESIAN_POINT ( 'NONE',  ( 67.91589710875231845, 46.57531702668671869, 7.500000000000000000 ) ) ;
#149 = LINE ( 'NONE', #4316, #2509 ) ;
#150 = DIRECTION ( 'NONE',  ( 0.5517356694377030246, 0.8340190351965174331, -0.000000000000000000 ) ) ;
#151 = CARTESIAN_POINT ( 'NONE',  ( 51.12181228732374194, 61.21817416954385749, 7.500000000000000000 ) ) ;
#152 = CARTESIAN_POINT ( 'NONE',  ( 69.99178996589516544, 56.73993756240100339, -16.09999999999999787 ) ) ;
#153 = EDGE_CURVE ( 'NONE', #5605, #5890, #6054, .T. ) ;
#154 = EDGE_CURVE ( 'NONE', #5237, #6604, #1437, .T. ) ;
#155 = VERTEX_POINT ( 'NONE', #394 ) ;
#156 = LINE ( 'NONE', #4292, #1311 ) ;
#157 = ORIENTED_EDGE ( 'NONE', *, *, #1291, .F. ) ;
#158 = ORIENTED_EDGE ( 'NONE', *, *, #3544, .T. ) ;
#159 = B_SPLINE_CURVE_WITH_KNOTS ( 'NONE', 3,
 ( #5744, #5346, #3207, #3754, #6354, #3719, #4700 ),
 .UNSPECIFIED., .F., .F.,
 ( 4, 1, 1, 1, 4 ),
 ( 0.000000000000000000, 0.2384334365235107334, 0.4679193469423800766, 0.7147732665689326970, 1.000000000000000000 ),
 .UNSPECIFIED. ) ;
#160 = FACE_OUTER_BOUND ( 'NONE', #4493, .T. ) ;
#161 = CARTESIAN_POINT ( 'NONE',  ( 70.94882654737253347, 60.88057748795399249, -16.09999999999998721 ) ) ;
#162 = MECHANICAL_CONTEXT ( 'NONE', #1268, 'mechanical' ) ;
#163 = LINE ( 'NONE', #2849, #2845 ) ;
#164 = DIRECTION ( 'NONE',  ( -0.9999757922540611910, -0.006958082053458792930, 0.000000000000000000 ) ) ;
#165 = LINE ( 'NONE', #3243, #752 ) ;
#166 = CARTESIAN_POINT ( 'NONE',  ( 43.25642071488005769, 47.70600962240276743, -14.09999999999999076 ) ) ;
#167 = PLANE ( 'NONE',  #5006 ) ;
#168 = ORIENTED_EDGE ( 'NONE', *, *, #6382, .T. ) ;
#169 = CARTESIAN_POINT ( 'NONE',  ( 33.28978103732374905, 46.87665631240100339, -16.09999999999999787 ) ) ;
#170 = ORIENTED_EDGE ( 'NONE', *, *, #59, .T. ) ;
#171 = DIRECTION ( 'NONE',  ( -0.000000000000000000, -0.000000000000000000, -1.000000000000000000 ) ) ;
#172 = EDGE_CURVE ( 'NONE', #4067, #1044, #1954, .T. ) ;
#173 = CARTESIAN_POINT ( 'NONE',  ( 53.93888764915899969, 105.9601459312399925, -16.09999999999999787 ) ) ;
#174 = ORIENTED_EDGE ( 'NONE', *, *, #3285, .T. ) ;
#175 = DIRECTION ( 'NONE',  ( 0.000000000000000000, -1.000000000000000000, 0.000000000000000000 ) ) ;
#176 = ORIENTED_EDGE ( 'NONE', *, *, #3862, .T. ) ;
#177 = CARTESIAN_POINT ( 'NONE',  ( 62.65641050160945724, 61.32420095525814929, -16.09999999999999787 ) ) ;
#178 = ORIENTED_EDGE ( 'NONE', *, *, #6605, .T. ) ;
#179 = EDGE_LOOP ( 'NONE', ( #3569, #711, #157, #1136 ) ) ;
#180 = LINE ( 'NONE', #146, #1191 ) ;
#181 = DIRECTION ( 'NONE',  ( 0.000000000000000000, 0.000000000000000000, -1.000000000000000000 ) ) ;
#182 = CARTESIAN_POINT ( 'NONE',  ( 63.89524978732374905, 51.84596434811528809, 7.500000000000000000 ) ) ;
#183 = EDGE_CURVE ( 'NONE', #1865, #4760, #2617, .T. ) ;
#184 = CARTESIAN_POINT ( 'NONE',  ( 30.22058460875231489, 60.36995988382957279, -14.09999999999998721 ) ) ;
#185 = CARTESIAN_POINT ( 'NONE',  ( 64.66812925160945724, 48.17687952668671869, 7.500000000000000000 ) ) ;
#186 = CARTESIAN_POINT ( 'NONE',  ( 51.75117919201014871, 60.37249365527298295, -14.09999999999996589 ) ) ;
#187 = ORIENTED_EDGE ( 'NONE', *, *, #1708, .F. ) ;
#188 = CARTESIAN_POINT ( 'NONE',  ( 44.00406675160945724, 60.36995988382957279, -16.09999999999999787 ) ) ;
#189 = ORIENTED_EDGE ( 'NONE', *, *, #1301, .F. ) ;
#190 = B_SPLINE_SURFACE_WITH_KNOTS ( 'NONE', 3, 1, ( 
 ( #1969, #5689 ),
 ( #4172, #1640 ),
 ( #6230, #996 ),
 ( #4678, #3725 ),
 ( #31, #575 ),
 ( #4707, #5154 ),
 ( #3142, #3180 ) ),
 .UNSPECIFIED., .F., .F., .F.,
 ( 4, 1, 1, 1, 4 ),
 ( 2, 2 ),
 ( 0.000000000000000000, 0.3261631261545659410, 0.5868059191059555868, 0.7990061949277679210, 1.000000000000000000 ),
 ( 0.000000000000000000, 1.000000000000000000 ),
 .UNSPECIFIED. ) ;
#191 = EDGE_CURVE ( 'NONE', #2876, #4304, #2397, .T. ) ;
#192 = ADVANCED_FACE ( 'NONE', ( #3515 ), #5578, .F. ) ;
#193 = VERTEX_POINT ( 'NONE', #5062 ) ;
#194 = CARTESIAN_POINT ( 'NONE',  ( 72.63417266813976880, 58.12014530828189152, -14.09999999999997300 ) ) ;
#195 = DIRECTION ( 'NONE',  ( 0.000000000000000000, -0.000000000000000000, -1.000000000000000000 ) ) ;
#196 = APPROVAL_DATE_TIME ( #5509, #6534 ) ;
#197 = CARTESIAN_POINT ( 'NONE',  ( 52.29368728732374194, 60.38949113382957279, -14.09999999999997300 ) ) ;
#198 = AXIS2_PLACEMENT_3D ( 'NONE', #2521, #424, #4487 ) ;
#199 = CIRCLE ( 'NONE', #4883, 0.8999999999999980238 ) ;
#200 = EDGE_CURVE ( 'NONE', #6136, #2971, #2586, .T. ) ;
#201 = CARTESIAN_POINT ( 'NONE',  ( 62.92230339107207726, 56.42353455431508991, -16.09999999999999787 ) ) ;
#202 = DIRECTION ( 'NONE',  ( -0.000000000000000000, -0.000000000000000000, -1.000000000000000000 ) ) ;
#203 = VECTOR ( 'NONE', #3736, 1000.000000000000114 ) ;
#204 = DIRECTION ( 'NONE',  ( -0.1666794849554069091, 0.9860111304113154951, 0.000000000000000000 ) ) ;
#205 = ORIENTED_EDGE ( 'NONE', *, *, #1948, .T. ) ;
#206 = DIRECTION ( 'NONE',  ( -0.000000000000000000, -0.000000000000000000, 1.000000000000000000 ) ) ;
#207 = ORIENTED_EDGE ( 'NONE', *, *, #6596, .F. ) ;
#208 = ORIENTED_EDGE ( 'NONE', *, *, #1034, .F. ) ;
#209 = CARTESIAN_POINT ( 'NONE',  ( 39.94156675160945724, 60.96147774097243399, -14.09999999999998010 ) ) ;
#210 = AXIS2_PLACEMENT_3D ( 'NONE', #1043, #471, #3616 ) ;
#211 = CARTESIAN_POINT ( 'NONE',  ( 39.90347190675824862, 61.19469349240278433, -14.09999999999997655 ) ) ;
#212 = ORIENTED_EDGE ( 'NONE', *, *, #5519, .T. ) ;
#213 = CARTESIAN_POINT ( 'NONE',  ( 31.27806228732374194, 61.27397774097242689, -16.09999999999999076 ) ) ;
#214 = VECTOR ( 'NONE', #2163, 1000.000000000000000 ) ;
#215 = CARTESIAN_POINT ( 'NONE',  ( 48.91492323699430500, 48.44766874358349185, -16.09999999999999432 ) ) ;
#216 = ORIENTED_EDGE ( 'NONE', *, *, #2432, .T. ) ;
#217 = CARTESIAN_POINT ( 'NONE',  ( 62.70288116508543652, 56.44531918396728543, -16.09999999999999787 ) ) ;
#218 = CARTESIAN_POINT ( 'NONE',  ( 29.43933460875231845, 59.99607595525814929, -16.09999999999999076 ) ) ;
#219 = CARTESIAN_POINT ( 'NONE',  ( 49.71835246589517965, 49.49942416954385749, 7.500000000000000000 ) ) ;
#220 = CARTESIAN_POINT ( 'NONE',  ( 29.82607991034230821, 60.17861698699847040, -14.09999999999998721 ) ) ;
#221 = FACE_OUTER_BOUND ( 'NONE', #3359, .T. ) ;
#222 = CARTESIAN_POINT ( 'NONE',  ( 51.56753528688566490, 60.40369277362127320, -14.09999999999996589 ) ) ;
#223 = CARTESIAN_POINT ( 'NONE',  ( 51.27502441098638997, 61.37525239769569652, -14.09999999999997300 ) ) ;
#224 = ORIENTED_EDGE ( 'NONE', *, *, #1466, .T. ) ;
#225 = EDGE_CURVE ( 'NONE', #1655, #556, #1300, .T. ) ;
#226 = FACE_OUTER_BOUND ( 'NONE', #1765, .T. ) ;
#227 = ORIENTED_EDGE ( 'NONE', *, *, #4868, .F. ) ;
#228 = ORIENTED_EDGE ( 'NONE', *, *, #1210, .T. ) ;
#229 = CARTESIAN_POINT ( 'NONE',  ( 38.81154443018088784, 60.36995988382957279, -16.09999999999999787 ) ) ;
#230 = CARTESIAN_POINT ( 'NONE',  ( 48.44882121589517254, 48.93022774097242689, -14.09999999999998010 ) ) ;
#231 = EDGE_CURVE ( 'NONE', #5546, #292, #1984, .T. ) ;
#232 = VECTOR ( 'NONE', #2320, 1000.000000000000000 ) ;
#233 = EDGE_CURVE ( 'NONE', #2337, #3289, #5921, .T. ) ;
#234 = CARTESIAN_POINT ( 'NONE',  ( 55.99929390387449502, 0.04330999182739963399, -24.09999999999999787 ) ) ;
#235 = DIRECTION ( 'NONE',  ( 1.000000000000000000, -0.000000000000000000, 0.000000000000000000 ) ) ;
#236 = ORIENTED_EDGE ( 'NONE', *, *, #3461, .T. ) ;
#237 = LINE ( 'NONE', #5520, #3377 ) ;
#238 = AXIS2_PLACEMENT_3D ( 'NONE', #4346, #5257, #3667 ) ;
#239 = DIRECTION ( 'NONE',  ( -1.000000000000000000, 2.664535259100669532E-13, 0.000000000000000000 ) ) ;
#240 = EDGE_LOOP ( 'NONE', ( #687, #4064, #6057, #963 ) ) ;
#241 = EDGE_CURVE ( 'NONE', #4595, #1922, #4804, .T. ) ;
#242 = FACE_OUTER_BOUND ( 'NONE', #4059, .T. ) ;
#243 = ADVANCED_FACE ( 'NONE', ( #751 ), #2335, .T. ) ;
#244 = DIRECTION ( 'NONE',  ( 1.000000000000000000, -0.000000000000000000, 0.000000000000000000 ) ) ;
#245 = VECTOR ( 'NONE', #2344, 1000.000000000000000 ) ;
#246 = VERTEX_POINT ( 'NONE', #4402 ) ;
#247 = CARTESIAN_POINT ( 'NONE',  ( 73.30931228732374905, 51.17353131240100339, -16.09999999999999787 ) ) ;
#248 = DIRECTION ( 'NONE',  ( -0.6935383637797361001, 0.7204196957091931752, 0.000000000000000000 ) ) ;
#249 = ORIENTED_EDGE ( 'NONE', *, *, #1757, .F. ) ;
#250 = CARTESIAN_POINT ( 'NONE',  ( 31.27806228732374194, 61.27397774097242689, -14.09999999999998366 ) ) ;
#251 = VERTEX_POINT ( 'NONE', #1821 ) ;
#252 = CARTESIAN_POINT ( 'NONE',  ( 48.42091943018088784, 60.73268309811529519, -16.09999999999999432 ) ) ;
#253 = VERTEX_POINT ( 'NONE', #680 ) ;
#254 = CARTESIAN_POINT ( 'NONE',  ( 39.94156675160945724, 60.96147774097243399, -14.09999999999998010 ) ) ;
#255 = DIRECTION ( 'NONE',  ( -1.000000000000000000, 0.000000000000000000, 0.000000000000000000 ) ) ;
#256 = FACE_OUTER_BOUND ( 'NONE', #4844, .T. ) ;
#257 = DIRECTION ( 'NONE',  ( 0.9486832980505137680, -0.3162277660168379412, 0.000000000000000000 ) ) ;
#258 = CARTESIAN_POINT ( 'NONE',  ( 26.15051141290486925, 60.68105338696633311, -14.09999999999997300 ) ) ;
#259 = LINE ( 'NONE', #3951, #1317 ) ;
#260 = CARTESIAN_POINT ( 'NONE',  ( 38.81154443018088784, 60.36995988382957279, -16.09999999999999787 ) ) ;
#261 = VERTEX_POINT ( 'NONE', #3895 ) ;
#262 = CARTESIAN_POINT ( 'NONE',  ( 26.15051141290486925, 60.68105338696633311, -16.09999999999999787 ) ) ;
#263 = EDGE_LOOP ( 'NONE', ( #3765, #1314, #1356, #5288 ) ) ;
#264 = EDGE_CURVE ( 'NONE', #2371, #3030, #2776, .T. ) ;
#265 = CARTESIAN_POINT ( 'NONE',  ( 56.53357820826649771, 60.35379301899976667, -14.09999999999996945 ) ) ;
#266 = CARTESIAN_POINT ( 'NONE',  ( 70.80849120870962565, 60.92739094040808112, -16.09999999999999076 ) ) ;
#267 = CYLINDRICAL_SURFACE ( 'NONE', #3044, 0.8999999999999992450 ) ;
#268 = DIRECTION ( 'NONE',  ( -1.000000000000000000, 0.000000000000000000, 0.000000000000000000 ) ) ;
#269 = EDGE_CURVE ( 'NONE', #5064, #3003, #6506, .T. ) ;
#270 = CARTESIAN_POINT ( 'NONE',  ( 73.28978103732373484, 49.86214738382957279, 7.500000000000000000 ) ) ;
#271 = CARTESIAN_POINT ( 'NONE',  ( 52.34112032303803375, 60.37275006240100339, -14.09999999999998721 ) ) ;
#272 = VERTEX_POINT ( 'NONE', #3392 ) ;
#273 = CARTESIAN_POINT ( 'NONE',  ( 33.10562925160946435, 46.66739291954386459, -16.09999999999999432 ) ) ;
#274 = CARTESIAN_POINT ( 'NONE',  ( 48.32992256162073375, 60.56732234218866751, -16.09999999999999076 ) ) ;
#275 = EDGE_LOOP ( 'NONE', ( #2683, #3799, #2364, #1514 ) ) ;
#276 = FACE_OUTER_BOUND ( 'NONE', #5615, .T. ) ;
#277 = EDGE_CURVE ( 'NONE', #5391, #1083, #3829, .T. ) ;
#278 = EDGE_CURVE ( 'NONE', #1280, #5947, #3419, .T. ) ;
#279 = CARTESIAN_POINT ( 'NONE',  ( 39.90347190675824862, 61.19469349240278433, -16.09999999999999432 ) ) ;
#280 = ORIENTED_EDGE ( 'NONE', *, *, #4868, .T. ) ;
#281 = CARTESIAN_POINT ( 'NONE',  ( 48.91492323699430500, 48.44766874358349185, -16.10000000000000142 ) ) ;
#282 = CARTESIAN_POINT ( 'NONE',  ( 48.42091943018088784, 60.73268309811529519, -16.10000000000000142 ) ) ;
#283 = ORIENTED_EDGE ( 'NONE', *, *, #2732, .F. ) ;
#284 = CARTESIAN_POINT ( 'NONE',  ( 57.66328717154959804, 61.17865326882748178, -14.09999999999996945 ) ) ;
#285 = B_SPLINE_CURVE_WITH_KNOTS ( 'NONE', 3,
 ( #645, #3481, #6361, #5037, #1917 ),
 .UNSPECIFIED., .F., .F.,
 ( 4, 1, 4 ),
 ( 0.000000000000000000, 0.5115682097396148098, 1.000000000000000000 ),
 .UNSPECIFIED. ) ;
#286 = CARTESIAN_POINT ( 'NONE',  ( 30.22058460875231489, 60.36995988382957279, -16.09999999999999076 ) ) ;
#287 = DIRECTION ( 'NONE',  ( -0.000000000000000000, -0.000000000000000000, -1.000000000000000000 ) ) ;
#288 = CARTESIAN_POINT ( 'NONE',  ( 32.01745960875231845, 46.94641077668671869, 7.500000000000000000 ) ) ;
#289 = DIRECTION ( 'NONE',  ( -0.9522418039129092460, -0.3053449637388644389, 0.000000000000000000 ) ) ;
#290 = LINE ( 'NONE', #6044, #1975 ) ;
#291 = CARTESIAN_POINT ( 'NONE',  ( 57.85877037923934552, 17.11027133147753432, -14.09999999999999432 ) ) ;
#292 = VERTEX_POINT ( 'NONE', #2050 ) ;
#293 = DIRECTION ( 'NONE',  ( -0.6106325395160937530, 0.7919140746849536727, 0.000000000000000000 ) ) ;
#294 = ORIENTED_EDGE ( 'NONE', *, *, #2037, .T. ) ;
#295 = DIRECTION ( 'NONE',  ( -1.000000000000000000, 0.000000000000000000, 0.000000000000000000 ) ) ;
#296 = CARTESIAN_POINT ( 'NONE',  ( 61.55421513790538768, 61.32984371579905769, -16.09999999999998721 ) ) ;
#297 = CARTESIAN_POINT ( 'NONE',  ( 43.80846197394327390, 60.38120838282624447, -16.09999999999999787 ) ) ;
#298 = AXIS2_PLACEMENT_3D ( 'NONE', #2975, #4934, #3004 ) ;
#299 = DIRECTION ( 'NONE',  ( 0.000000000000000000, 1.000000000000000000, 0.000000000000000000 ) ) ;
#300 = CARTESIAN_POINT ( 'NONE',  ( -7.337823941124526961, 23.55827686361030970, -14.09999999999999432 ) ) ;
#301 = ORIENTED_EDGE ( 'NONE', *, *, #6568, .T. ) ;
#302 = CARTESIAN_POINT ( 'NONE',  ( 65.98509353732374905, 61.55578577668671869, 7.500000000000000000 ) ) ;
#303 = VECTOR ( 'NONE', #6262, 1000.000000000000114 ) ;
#304 = DIRECTION ( 'NONE',  ( 0.3035347156267031443, 0.9528203799297202403, 0.000000000000000000 ) ) ;
#305 = VECTOR ( 'NONE', #917, 1000.000000000000114 ) ;
#306 = EDGE_CURVE ( 'NONE', #2353, #3396, #5166, .T. ) ;
#307 = CARTESIAN_POINT ( 'NONE',  ( 73.54987347029235423, 51.54394516301835694, -14.09999999999996945 ) ) ;
#308 = VECTOR ( 'NONE', #2522, 999.9999999999998863 ) ;
#309 = VECTOR ( 'NONE', #4103, 1000.000000000000000 ) ;
#310 = CARTESIAN_POINT ( 'NONE',  ( 39.41502772361543805, 61.56967410235707661, -16.09999999999999076 ) ) ;
#311 = ORIENTED_EDGE ( 'NONE', *, *, #789, .T. ) ;
#312 = CARTESIAN_POINT ( 'NONE',  ( 72.63135505918243950, 57.82810631833017112, -16.09999999999999787 ) ) ;
#313 = ORIENTED_EDGE ( 'NONE', *, *, #172, .F. ) ;
#314 = CARTESIAN_POINT ( 'NONE',  ( 106.8601459312400124, 53.03888764915900111, -6.099999999999997868 ) ) ;
#315 = EDGE_CURVE ( 'NONE', #4957, #4250, #5641, .T. ) ;
#316 = ADVANCED_FACE ( 'NONE', ( #6730 ), #3127, .T. ) ;
#317 = ORIENTED_EDGE ( 'NONE', *, *, #4413, .T. ) ;
#318 = VECTOR ( 'NONE', #202, 1000.000000000000000 ) ;
#319 = CARTESIAN_POINT ( 'NONE',  ( 48.91492323699430500, 48.44766874358349185, -14.09999999999999076 ) ) ;
#320 = CARTESIAN_POINT ( 'NONE',  ( 30.73296463829048619, 60.37299079924871137, -16.09999999999999076 ) ) ;
#321 = CARTESIAN_POINT ( 'NONE',  ( 38.91611069239093013, 47.63297594396316015, -14.09999999999999076 ) ) ;
#322 = CARTESIAN_POINT ( 'NONE',  ( 38.87013818018088784, 46.69529470525814929, -14.09999999999998721 ) ) ;
#323 = VECTOR ( 'NONE', #204, 1000.000000000000114 ) ;
#324 = CARTESIAN_POINT ( 'NONE',  ( 51.10550413295052152, 60.71439353680205642, -14.09999999999996412 ) ) ;
#325 = DIRECTION ( 'NONE',  ( -1.000000000000000000, 0.000000000000000000, -0.000000000000000000 ) ) ;
#326 = APPROVAL_STATUS ( 'not_yet_approved' ) ;
#327 = ADVANCED_FACE ( 'NONE', ( #1587 ), #1012, .T. ) ;
#328 = DIRECTION ( 'NONE',  ( 0.8340190351965174331, -0.5517356694377030246, 0.000000000000000000 ) ) ;
#329 = ORIENTED_EDGE ( 'NONE', *, *, #5315, .F. ) ;
#330 = CARTESIAN_POINT ( 'NONE',  ( 72.64524978732374905, 59.12554024097243399, -16.09999999999999076 ) ) ;
#331 = DIRECTION ( 'NONE',  ( -0.000000000000000000, -0.000000000000000000, 1.000000000000000000 ) ) ;
#332 = DIRECTION ( 'NONE',  ( -0.000000000000000000, -0.000000000000000000, 1.000000000000000000 ) ) ;
#333 = CARTESIAN_POINT ( 'NONE',  ( 50.07843104844721438, 105.9601459312399925, -1.599999999999998979 ) ) ;
#334 = VERTEX_POINT ( 'NONE', #2560 ) ;
#335 = ORIENTED_EDGE ( 'NONE', *, *, #2128, .T. ) ;
#336 = CARTESIAN_POINT ( 'NONE',  ( 0.1202771075562505954, 55.91368943309024786, -24.09999999999999787 ) ) ;
#337 = CARTESIAN_POINT ( 'NONE',  ( 52.38576318018088784, 46.57531702668671869, 7.500000000000000000 ) ) ;
#338 = ORIENTED_EDGE ( 'NONE', *, *, #3308, .T. ) ;
#339 = FACE_OUTER_BOUND ( 'NONE', #1668, .T. ) ;
#340 = B_SPLINE_SURFACE_WITH_KNOTS ( 'NONE', 3, 1, ( 
 ( #5712, #540 ),
 ( #1088, #24 ),
 ( #3136, #6195 ),
 ( #4764, #1635 ),
 ( #4729, #4264 ),
 ( #3108, #5173 ),
 ( #3624, #1543 ) ),
 .UNSPECIFIED., .F., .F., .F.,
 ( 4, 1, 1, 1, 4 ),
 ( 2, 2 ),
 ( 0.000000000000000000, 0.1873988105559856732, 0.4127422862092121614, 0.6875932791423946533, 1.000000000000000000 ),
 ( 0.000000000000000000, 1.000000000000000000 ),
 .UNSPECIFIED. ) ;
#341 = CARTESIAN_POINT ( 'NONE',  ( 57.69826318018088784, 61.09261613382957989, -16.10000000000000142 ) ) ;
#342 = ORIENTED_EDGE ( 'NONE', *, *, #6390, .F. ) ;
#343 = B_SPLINE_CURVE_WITH_KNOTS ( 'NONE', 3,
 ( #4147, #3570, #488, #6691, #1520, #2579, #2075 ),
 .UNSPECIFIED., .F., .F.,
 ( 4, 1, 1, 1, 4 ),
 ( 0.000000000000000000, 0.2919549195686680920, 0.5456857322257750997, 0.7775984603223666802, 1.000000000000000000 ),
 .UNSPECIFIED. ) ;
#344 = CARTESIAN_POINT ( 'NONE',  ( 73.30931228732374905, 51.17353131240100339, -14.09999999999996945 ) ) ;
#345 = VECTOR ( 'NONE', #1257, 999.9999999999998863 ) ;
#346 = B_SPLINE_CURVE_WITH_KNOTS ( 'NONE', 3,
 ( #341, #2444, #6289, #6251, #2598, #6326, #4703 ),
 .UNSPECIFIED., .F., .F.,
 ( 4, 1, 1, 1, 4 ),
 ( 0.000000000000000000, 0.05024162472995571255, 0.2356937995791573703, 0.5559225806950739424, 1.000000000000000000 ),
 .UNSPECIFIED. ) ;
#347 = ADVANCED_FACE ( 'NONE', ( #1986 ), #4691, .T. ) ;
#348 = CARTESIAN_POINT ( 'NONE',  ( 66.13018282303804085, 54.81750452668671869, -16.09999999999999787 ) ) ;
#349 = ORIENTED_EDGE ( 'NONE', *, *, #1948, .F. ) ;
#350 = CARTESIAN_POINT ( 'NONE',  ( 1.498428781513010177, 53.00157121848700115, -14.10000000000000142 ) ) ;
#351 = VECTOR ( 'NONE', #64, 1000.000000000000000 ) ;
#352 = CARTESIAN_POINT ( 'NONE',  ( 29.52289303749534710, 59.24662208204915714, -14.09999999999999432 ) ) ;
#353 = ORIENTED_EDGE ( 'NONE', *, *, #1651, .T. ) ;
#354 = DIRECTION ( 'NONE',  ( -1.000000000000000000, 0.000000000000000000, 0.000000000000000000 ) ) ;
#355 = CARTESIAN_POINT ( 'NONE',  ( 31.27236699966277911, 60.67670038691743173, -14.09999999999996945 ) ) ;
#356 = VECTOR ( 'NONE', #378, 999.9999999999998863 ) ;
#357 = CARTESIAN_POINT ( 'NONE',  ( 63.89524978732374905, 49.68915631240100339, 7.500000000000000000 ) ) ;
#358 = EDGE_CURVE ( 'NONE', #2202, #697, #4629, .T. ) ;
#359 = DIRECTION ( 'NONE',  ( -0.000000000000000000, -0.000000000000000000, -1.000000000000000000 ) ) ;
#360 = CARTESIAN_POINT ( 'NONE',  ( 52.99842878151299885, 53.00157121848699404, -6.099999999999997868 ) ) ;
#361 = CARTESIAN_POINT ( 'NONE',  ( 71.01578550160945724, 60.85824113382957279, -16.09999999999999787 ) ) ;
#362 = EDGE_LOOP ( 'NONE', ( #1614, #100, #6165, #1002 ) ) ;
#363 = CARTESIAN_POINT ( 'NONE',  ( -2.913682602885094841, 52.95769869083799364, -24.09999999999999787 ) ) ;
#364 = VERTEX_POINT ( 'NONE', #4091 ) ;
#365 = EDGE_CURVE ( 'NONE', #2549, #5890, #2987, .T. ) ;
#366 = CARTESIAN_POINT ( 'NONE',  ( 26.51243728732374194, 60.42018309811528809, -14.09999999999998010 ) ) ;
#367 = EDGE_CURVE ( 'NONE', #4715, #253, #5098, .T. ) ;
#368 = CARTESIAN_POINT ( 'NONE',  ( 43.81013582601147505, 47.44087890532853180, -14.09999999999998721 ) ) ;
#369 = CARTESIAN_POINT ( 'NONE',  ( 105.9567081809591258, 53.00157121848698694, -24.09999999999999787 ) ) ;
#370 = CARTESIAN_POINT ( 'NONE',  ( 63.89524978732374905, 51.84596434811528809, 7.500000000000000000 ) ) ;
#371 = ORIENTED_EDGE ( 'NONE', *, *, #3248, .F. ) ;
#372 = EDGE_LOOP ( 'NONE', ( #4183, #3131, #3866, #849 ) ) ;
#373 = B_SPLINE_CURVE_WITH_KNOTS ( 'NONE', 3,
 ( #1926, #6536, #6029, #5555, #2916, #4574, #1893, #4102, #6131, #1478, #1374 ),
 .UNSPECIFIED., .F., .F.,
 ( 4, 1, 1, 1, 1, 1, 1, 1, 4 ),
 ( 0.000000000000000000, 0.1752250181123758688, 0.3261467021328368077, 0.4593989018059582152, 0.5779097559557525576, 0.6821195799892347811, 0.7825267332147866073, 0.8858193418869440006, 1.000000000000000000 ),
 .UNSPECIFIED. ) ;
#374 = CARTESIAN_POINT ( 'NONE',  ( 64.01522746589517965, 59.27341970525814219, 7.500000000000000000 ) ) ;
#375 = EDGE_CURVE ( 'NONE', #1097, #3437, #4058, .T. ) ;
#376 = CARTESIAN_POINT ( 'NONE',  ( 52.41366496589516544, 60.36995988382957279, 7.500000000000000000 ) ) ;
#377 = ORIENTED_EDGE ( 'NONE', *, *, #5709, .T. ) ;
#378 = DIRECTION ( 'NONE',  ( -0.2901183712691673966, 0.9569907683212652838, 0.000000000000000000 ) ) ;
#379 = CARTESIAN_POINT ( 'NONE',  ( 52.29368728732374194, 60.38949113382957279, -14.09999999999998010 ) ) ;
#380 = CYLINDRICAL_SURFACE ( 'NONE', #2299, 2.956992594712494871 ) ;
#381 = EDGE_LOOP ( 'NONE', ( #112, #301, #1585, #6234 ) ) ;
#382 = CARTESIAN_POINT ( 'NONE',  ( 71.01578550160945724, 60.85824113382957279, -14.09999999999998721 ) ) ;
#383 = ORIENTED_EDGE ( 'NONE', *, *, #4939, .F. ) ;
#384 = DIRECTION ( 'NONE',  ( -0.2558925603162831575, 0.9667052278615116956, 0.000000000000000000 ) ) ;
#385 = CARTESIAN_POINT ( 'NONE',  ( 48.40929959087673495, 61.23522481258653727, -16.09999999999999076 ) ) ;
#386 = VERTEX_POINT ( 'NONE', #3643 ) ;
#387 = ADVANCED_FACE ( 'NONE', ( #5732 ), #6122, .T. ) ;
#388 = CARTESIAN_POINT ( 'NONE',  ( 29.82607991034230821, 60.17861698699847040, -16.09999999999999076 ) ) ;
#389 = LINE ( 'NONE', #5089, #3594 ) ;
#390 = CARTESIAN_POINT ( 'NONE',  ( 16.66529463372742370, -5.308970687483394180, -14.09999999999999432 ) ) ;
#391 = DIRECTION ( 'NONE',  ( 0.9580759574886759111, 0.2865143271847973017, -0.000000000000000000 ) ) ;
#392 = PLANE ( 'NONE',  #565 ) ;
#393 = ORIENTED_EDGE ( 'NONE', *, *, #4631, .T. ) ;
#394 = CARTESIAN_POINT ( 'NONE',  ( 70.83442389446661025, 46.57531702668671869, -16.09999999999999787 ) ) ;
#395 = EDGE_CURVE ( 'NONE', #253, #193, #1075, .T. ) ;
#396 = DIRECTION ( 'NONE',  ( 0.6606278948920231153, 0.7507135169227566740, 0.000000000000000000 ) ) ;
#397 = CARTESIAN_POINT ( 'NONE',  ( 38.81433460875230423, 61.57531702668671159, -16.09999999999999787 ) ) ;
#398 = VERTEX_POINT ( 'NONE', #1531 ) ;
#399 = FACE_OUTER_BOUND ( 'NONE', #1209, .T. ) ;
#400 = B_SPLINE_SURFACE_WITH_KNOTS ( 'NONE', 3, 1, ( 
 ( #2013, #2041 ),
 ( #4992, #320 ),
 ( #2420, #4486 ),
 ( #1906, #3470 ),
 ( #3979, #2966 ),
 ( #355, #6583 ),
 ( #4013, #592 ) ),
 .UNSPECIFIED., .F., .F., .F.,
 ( 4, 1, 1, 1, 4 ),
 ( 2, 2 ),
 ( 0.000000000000000000, 0.2826927617233480627, 0.5273111742167956306, 0.7580647735485548377, 1.000000000000000000 ),
 ( 0.000000000000000000, 1.000000000000000000 ),
 .UNSPECIFIED. ) ;
#401 = DIRECTION ( 'NONE',  ( -0.7051597336342276812, -0.7090484821652924818, 0.000000000000000000 ) ) ;
#402 = ORIENTED_EDGE ( 'NONE', *, *, #2689, .T. ) ;
#403 = ADVANCED_FACE ( 'NONE', ( #10 ), #6538, .T. ) ;
#404 = FACE_OUTER_BOUND ( 'NONE', #1517, .T. ) ;
#405 = ADVANCED_FACE ( 'NONE', ( #4594 ), #3836, .T. ) ;
#406 = ORIENTED_EDGE ( 'NONE', *, *, #6605, .F. ) ;
#407 = ORIENTED_EDGE ( 'NONE', *, *, #990, .T. ) ;
#408 = LINE ( 'NONE', #1477, #970 ) ;
#409 = CARTESIAN_POINT ( 'NONE',  ( 73.54987347029235423, 51.54394516301835694, -14.09999999999998721 ) ) ;
#410 = CARTESIAN_POINT ( 'NONE',  ( 44.36120960875231845, 60.36995988382957279, -16.09999999999999787 ) ) ;
#411 = CARTESIAN_POINT ( 'NONE',  ( 27.26857568018088784, 60.36995988382957279, 7.500000000000000000 ) ) ;
#412 = VECTOR ( 'NONE', #3879, 1000.000000000000000 ) ;
#413 = CARTESIAN_POINT ( 'NONE',  ( 39.31581170911694301, 61.57337022917437963, -14.09999999999997655 ) ) ;
#414 = ORIENTED_EDGE ( 'NONE', *, *, #487, .T. ) ;
#415 = CIRCLE ( 'NONE', #3913, 52.95827939944611984 ) ;
#416 = CARTESIAN_POINT ( 'NONE',  ( 68.97745488328402530, 61.51601869106109888, -14.09999999999999432 ) ) ;
#417 = ORIENTED_EDGE ( 'NONE', *, *, #4374, .F. ) ;
#418 = AXIS2_PLACEMENT_3D ( 'NONE', #4184, #523, #3547 ) ;
#419 = CARTESIAN_POINT ( 'NONE',  ( 49.94874363917161020, 47.43162983982129077, -16.09999999999999076 ) ) ;
#420 = ORIENTED_EDGE ( 'NONE', *, *, #3947, .T. ) ;
#421 = LINE ( 'NONE', #4649, #4982 ) ;
#422 = VECTOR ( 'NONE', #6535, 1000.000000000000000 ) ;
#423 = AXIS2_PLACEMENT_3D ( 'NONE', #5705, #3466, #384 ) ;
#424 = DIRECTION ( 'NONE',  ( -0.000000000000000000, -0.000000000000000000, 1.000000000000000000 ) ) ;
#425 = DIRECTION ( 'NONE',  ( 0.3035347156267031443, 0.9528203799297202403, 0.000000000000000000 ) ) ;
#426 = FACE_OUTER_BOUND ( 'NONE', #807, .T. ) ;
#427 = VECTOR ( 'NONE', #4847, 1000.000000000000000 ) ;
#428 = CARTESIAN_POINT ( 'NONE',  ( 33.10562925160946435, 46.66739291954386459, -14.09999999999998721 ) ) ;
#429 = VERTEX_POINT ( 'NONE', #1756 ) ;
#430 = VECTOR ( 'NONE', #1324, 1000.000000000000000 ) ;
#431 = CARTESIAN_POINT ( 'NONE',  ( 62.05863968800183983, 61.55752520064093147, -14.09999999999998366 ) ) ;
#432 = DIRECTION ( 'NONE',  ( 1.000000000000000000, 0.000000000000000000, -0.000000000000000000 ) ) ;
#433 = ORIENTED_EDGE ( 'NONE', *, *, #5629, .F. ) ;
#434 = CIRCLE ( 'NONE', #4468, 2.960456600711792952 ) ;
#435 = DIRECTION ( 'NONE',  ( -0.000000000000000000, -0.000000000000000000, -1.000000000000000000 ) ) ;
#436 = CARTESIAN_POINT ( 'NONE',  ( 52.99842878151299885, 53.00157121848699404, -14.10000000000000142 ) ) ;
#437 = ADVANCED_FACE ( 'NONE', ( #5891 ), #1937, .T. ) ;
#438 = EDGE_LOOP ( 'NONE', ( #2452, #3874, #3566, #1813 ) ) ;
#439 = VECTOR ( 'NONE', #1056, 1000.000000000000000 ) ;
#440 = DIRECTION ( 'NONE',  ( 0.000000000000000000, -0.000000000000000000, 1.000000000000000000 ) ) ;
#441 = ORIENTED_EDGE ( 'NONE', *, *, #4866, .F. ) ;
#442 = ORIENTED_EDGE ( 'NONE', *, *, #2921, .F. ) ;
#443 = LINE ( 'NONE', #3526, #6727 ) ;
#444 = EDGE_CURVE ( 'NONE', #5598, #1083, #4975, .T. ) ;
#445 = CARTESIAN_POINT ( 'NONE',  ( 39.93479315608104940, 61.08043398272046431, -16.10000000000000142 ) ) ;
#446 = CARTESIAN_POINT ( 'NONE',  ( 74.74067389446662446, 46.57531702668672580, -14.09999999999998366 ) ) ;
#447 = DIRECTION ( 'NONE',  ( -1.000000000000000000, 0.000000000000000000, 0.000000000000000000 ) ) ;
#448 = LINE ( 'NONE', #5438, #430 ) ;
#449 = ORIENTED_EDGE ( 'NONE', *, *, #5231, .F. ) ;
#450 = ADVANCED_FACE ( 'NONE', ( #339 ), #458, .T. ) ;
#451 = FACE_OUTER_BOUND ( 'NONE', #372, .T. ) ;
#452 = ORIENTED_EDGE ( 'NONE', *, *, #4566, .F. ) ;
#453 = DIRECTION ( 'NONE',  ( -0.2809561335979381402, 0.9597206109038700639, 0.000000000000000000 ) ) ;
#454 = CARTESIAN_POINT ( 'NONE',  ( 57.41884476958838945, 61.50068666244150251, -14.09999999999997300 ) ) ;
#455 = VECTOR ( 'NONE', #2933, 1000.000000000000000 ) ;
#456 = EDGE_LOOP ( 'NONE', ( #1174, #5109, #329, #537 ) ) ;
#457 = DIRECTION ( 'NONE',  ( 0.8958063958694404416, -0.4444444859815490645, 0.000000000000000000 ) ) ;
#458 = B_SPLINE_SURFACE_WITH_KNOTS ( 'NONE', 3, 1, ( 
 ( #3899, #1377 ),
 ( #1928, #5523 ),
 ( #5995, #4001 ),
 ( #4511, #2952 ),
 ( #1408, #273 ) ),
 .UNSPECIFIED., .F., .F., .F.,
 ( 4, 1, 4 ),
 ( 2, 2 ),
 ( 0.000000000000000000, 0.5384690655777928381, 1.000000000000000000 ),
 ( 0.000000000000000000, 1.000000000000000000 ),
 .UNSPECIFIED. ) ;
#459 = LINE ( 'NONE', #6043, #1525 ) ;
#460 = B_SPLINE_CURVE_WITH_KNOTS ( 'NONE', 3,
 ( #5697, #3222, #2612, #1555, #5289, #2715, #1102 ),
 .UNSPECIFIED., .F., .F.,
 ( 4, 1, 1, 1, 4 ),
 ( 0.000000000000000000, 0.2005391517638917820, 0.4247066699754329933, 0.6847454015251058790, 1.000000000000000000 ),
 .UNSPECIFIED. ) ;
#461 = CIRCLE ( 'NONE', #791, 0.8999999999999992450 ) ;
#462 = EDGE_CURVE ( 'NONE', #4880, #2876, #4341, .T. ) ;
#463 = DIRECTION ( 'NONE',  ( 0.2888164602330751674, -0.9573844850938605378, 0.000000000000000000 ) ) ;
#464 = DIRECTION ( 'NONE',  ( 0.000000000000000000, 1.000000000000000000, 0.000000000000000000 ) ) ;
#465 = CARTESIAN_POINT ( 'NONE',  ( 0.04330999182739999481, 52.95769869083799364, -6.099999999999997868 ) ) ;
#466 = DIRECTION ( 'NONE',  ( 0.2809561335979381402, -0.9597206109038700639, 0.000000000000000000 ) ) ;
#467 = AXIS2_PLACEMENT_3D ( 'NONE', #3561, #927, #2508 ) ;
#468 = DIRECTION ( 'NONE',  ( 0.000000000000000000, 0.000000000000000000, -1.000000000000000000 ) ) ;
#469 = VERTEX_POINT ( 'NONE', #2475 ) ;
#470 = DIRECTION ( 'NONE',  ( 0.000000000000000000, -0.000000000000000000, -1.000000000000000000 ) ) ;
#471 = DIRECTION ( 'NONE',  ( 0.000000000000000000, 0.000000000000000000, -1.000000000000000000 ) ) ;
#472 = CARTESIAN_POINT ( 'NONE',  ( 48.44882121589517254, 48.93022774097242689, -16.09999999999999787 ) ) ;
#473 = VERTEX_POINT ( 'NONE', #827 ) ;
#474 = EDGE_CURVE ( 'NONE', #1473, #3384, #5463, .T. ) ;
#475 = ORIENTED_EDGE ( 'NONE', *, *, #1569, .F. ) ;
#476 = CARTESIAN_POINT ( 'NONE',  ( 43.89524978732374194, 47.05243756240100339, -16.09999999999999076 ) ) ;
#477 = CARTESIAN_POINT ( 'NONE',  ( 71.01578550160945724, 60.85824113382957279, -14.09999999999999076 ) ) ;
#478 = CARTESIAN_POINT ( 'NONE',  ( 44.36120960875231845, 60.36995988382957279, 7.500000000000000000 ) ) ;
#479 = CARTESIAN_POINT ( 'NONE',  ( 39.79368728732374194, 47.70812952668671869, -14.09999999999997300 ) ) ;
#480 = EDGE_CURVE ( 'NONE', #6437, #5143, #2443, .T. ) ;
#481 = CARTESIAN_POINT ( 'NONE',  ( 56.00183460875231134, 60.06304024097243399, -14.09999999999998721 ) ) ;
#482 = ORIENTED_EDGE ( 'NONE', *, *, #6525, .T. ) ;
#483 = CARTESIAN_POINT ( 'NONE',  ( 49.01243728732374194, 51.61158934811528809, -16.09999999999999787 ) ) ;
#484 = EDGE_LOOP ( 'NONE', ( #1915, #224, #5051, #6140 ) ) ;
#485 = CARTESIAN_POINT ( 'NONE',  ( 0.04330999182739999481, 52.95769869083799364, -16.09999999999999787 ) ) ;
#486 = ORIENTED_EDGE ( 'NONE', *, *, #1701, .F. ) ;
#487 = EDGE_CURVE ( 'NONE', #4145, #4789, #1827, .T. ) ;
#488 = CARTESIAN_POINT ( 'NONE',  ( 61.91136104050680444, 61.52948599171536870, -16.10000000000000142 ) ) ;
#489 = EDGE_CURVE ( 'NONE', #2138, #3030, #5557, .T. ) ;
#490 = DIRECTION ( 'NONE',  ( 0.000000000000000000, 0.000000000000000000, -1.000000000000000000 ) ) ;
#491 = LINE ( 'NONE', #3473, #870 ) ;
#492 = CARTESIAN_POINT ( 'NONE',  ( 35.38094005101135764, 61.32294003667997373, -16.09999999999999432 ) ) ;
#493 = EDGE_LOOP ( 'NONE', ( #5511, #2959, #5754, #793, #2450, #5587, #5224, #208, #6463, #42, #649, #1250, #1817, #2674, #3968, #5081, #4321, #2898, #3803, #1911, #6363, #797, #4281, #3400, #1118, #1616, #4798, #3807, #475, #1470, #104, #1103, #656, #5543, #5200, #1413, #5596, #2205, #3669, #2791, #4410, #5365, #1598, #632, #2448, #4933, #757, #4451 ) ) ;
#494 = DIRECTION ( 'NONE',  ( -0.000000000000000000, -0.000000000000000000, 1.000000000000000000 ) ) ;
#495 = CARTESIAN_POINT ( 'NONE',  ( 31.30317389446660314, 60.73268309811528809, -14.09999999999997655 ) ) ;
#496 = CARTESIAN_POINT ( 'NONE',  ( 35.71173958575848673, 61.54539464141767269, -16.09999999999998366 ) ) ;
#497 = DIRECTION ( 'NONE',  ( -1.000000000000000000, 0.000000000000000000, 0.000000000000000000 ) ) ;
#498 = DIRECTION ( 'NONE',  ( -1.000000000000000000, 0.000000000000000000, 0.000000000000000000 ) ) ;
#499 = ORIENTED_EDGE ( 'NONE', *, *, #5313, .F. ) ;
#500 = CARTESIAN_POINT ( 'NONE',  ( 48.42091943018088784, 60.73268309811529519, -14.09999999999997655 ) ) ;
#501 = ORIENTED_EDGE ( 'NONE', *, *, #4944, .T. ) ;
#502 = ORIENTED_EDGE ( 'NONE', *, *, #4041, .T. ) ;
#503 = DIRECTION ( 'NONE',  ( 0.9589472647698649155, 0.2835844554808930607, -0.000000000000000000 ) ) ;
#504 = DIRECTION ( 'NONE',  ( 0.7051597336342276812, 0.7090484821652924818, 0.000000000000000000 ) ) ;
#505 = B_SPLINE_SURFACE_WITH_KNOTS ( 'NONE', 3, 1, ( 
 ( #6286, #4193 ),
 ( #4728, #2629 ),
 ( #6249, #1742 ),
 ( #2262, #636 ),
 ( #3237, #3785 ) ),
 .UNSPECIFIED., .F., .F., .F.,
 ( 4, 1, 4 ),
 ( 2, 2 ),
 ( 0.000000000000000000, 0.4044095493906807448, 1.000000000000000000 ),
 ( 0.000000000000000000, 1.000000000000000000 ),
 .UNSPECIFIED. ) ;
#506 = PLANE ( 'NONE',  #4175 ) ;
#507 = FACE_OUTER_BOUND ( 'NONE', #1263, .T. ) ;
#508 = CARTESIAN_POINT ( 'NONE',  ( 62.13743728732374194, 61.57252684811528809, -16.09999999999999076 ) ) ;
#509 = ORIENTED_EDGE ( 'NONE', *, *, #4692, .T. ) ;
#510 = CARTESIAN_POINT ( 'NONE',  ( 69.47418475532928994, 61.35612898223447331, -16.09999999999999787 ) ) ;
#511 = EDGE_CURVE ( 'NONE', #2418, #778, #1793, .T. ) ;
#512 = CARTESIAN_POINT ( 'NONE',  ( 48.44953043147427252, 61.04761095196477783, -16.09999999999999432 ) ) ;
#513 = EDGE_LOOP ( 'NONE', ( #3203, #2627, #4377, #5553 ) ) ;
#514 = CARTESIAN_POINT ( 'NONE',  ( 39.94156675160945724, 60.96147774097243399, -16.09999999999999787 ) ) ;
#515 = CARTESIAN_POINT ( 'NONE',  ( 43.28082554247790625, 61.38105942959558092, -14.09999999999997300 ) ) ;
#516 = LINE ( 'NONE', #4686, #5119 ) ;
#517 = ADVANCED_FACE ( 'NONE', ( #242 ), #4408, .T. ) ;
#518 = EDGE_CURVE ( 'NONE', #3702, #5877, #1312, .T. ) ;
#519 = CARTESIAN_POINT ( 'NONE',  ( 64.66812925160945724, 48.17687952668671869, -16.09999999999999787 ) ) ;
#520 = EDGE_LOOP ( 'NONE', ( #3839, #3302, #2656, #40 ) ) ;
#521 = ORIENTED_EDGE ( 'NONE', *, *, #4398, .T. ) ;
#522 = VECTOR ( 'NONE', #1860, 1000.000000000000000 ) ;
#523 = DIRECTION ( 'NONE',  ( 0.000000000000000000, 0.000000000000000000, -1.000000000000000000 ) ) ;
#524 = AXIS2_PLACEMENT_3D ( 'NONE', #5228, #6180, #2118 ) ;
#525 = B_SPLINE_CURVE_WITH_KNOTS ( 'NONE', 3,
 ( #1711, #4372, #1791, #4841, #756 ),
 .UNSPECIFIED., .F., .F.,
 ( 4, 1, 4 ),
 ( 0.000000000000000000, 0.5752325325929393829, 1.000000000000000000 ),
 .UNSPECIFIED. ) ;
#526 = CARTESIAN_POINT ( 'NONE',  ( 30.87159860116412347, 60.37864441258800952, -14.09999999999998721 ) ) ;
#527 = CARTESIAN_POINT ( 'NONE',  ( 35.92928996589517254, 61.55578577668671869, -16.09999999999998721 ) ) ;
#528 = CARTESIAN_POINT ( 'NONE',  ( 52.29368728732374194, 60.38949113382957279, -14.09999999999998010 ) ) ;
#529 = VECTOR ( 'NONE', #1112, 1000.000000000000000 ) ;
#530 = CARTESIAN_POINT ( 'NONE',  ( 43.25642071488005769, 47.70600962240276743, -16.09999999999999076 ) ) ;
#531 = AXIS2_PLACEMENT_3D ( 'NONE', #6674, #4665, #2026 ) ;
#532 = ADVANCED_FACE ( 'NONE', ( #958 ), #3652, .T. ) ;
#533 = EDGE_CURVE ( 'NONE', #5567, #879, #1959, .T. ) ;
#534 = PLANE ( 'NONE',  #1079 ) ;
#535 = ORIENTED_EDGE ( 'NONE', *, *, #29, .F. ) ;
#536 = AXIS2_PLACEMENT_3D ( 'NONE', #5583, #4660, #5102 ) ;
#537 = ORIENTED_EDGE ( 'NONE', *, *, #1540, .F. ) ;
#538 = CARTESIAN_POINT ( 'NONE',  ( 105.9567081809591258, 53.00157121848698694, -16.09999999999999787 ) ) ;
#539 = VECTOR ( 'NONE', #6653, 1000.000000000000000 ) ;
#540 = CARTESIAN_POINT ( 'NONE',  ( 38.18654443018088784, 60.19417863382957279, -16.09999999999999076 ) ) ;
#541 = CARTESIAN_POINT ( 'NONE',  ( 32.43699128771915241, 46.60413937651448890, -14.09999999999996412 ) ) ;
#542 = PLANE ( 'NONE',  #6609 ) ;
#543 = CARTESIAN_POINT ( 'NONE',  ( 38.57287158734785493, 47.10109782041629245, -14.09999999999997655 ) ) ;
#544 = CARTESIAN_POINT ( 'NONE',  ( 55.27917835875231845, 46.57531702668671869, 7.500000000000000000 ) ) ;
#545 = CARTESIAN_POINT ( 'NONE',  ( 62.86567389446659604, 56.41627684811528809, -14.09999999999998010 ) ) ;
#546 = EDGE_LOOP ( 'NONE', ( #4974, #2169, #5009, #4234, #3349, #6082 ) ) ;
#547 = CARTESIAN_POINT ( 'NONE',  ( 59.60404135668022718, 19.92050523545611895, -14.09999999999999432 ) ) ;
#548 = ORIENTED_EDGE ( 'NONE', *, *, #5733, .T. ) ;
#549 = CARTESIAN_POINT ( 'NONE',  ( 26.51243728732374194, 60.42018309811528809, -14.09999999999998010 ) ) ;
#550 = CARTESIAN_POINT ( 'NONE',  ( 43.13475720169746808, 61.11146681646633994, -14.09999999999996945 ) ) ;
#551 = VERTEX_POINT ( 'NONE', #446 ) ;
#552 = DIRECTION ( 'NONE',  ( -0.000000000000000000, -0.000000000000000000, -1.000000000000000000 ) ) ;
#553 = DIRECTION ( 'NONE',  ( -0.000000000000000000, -0.000000000000000000, 1.000000000000000000 ) ) ;
#554 = ORIENTED_EDGE ( 'NONE', *, *, #2129, .F. ) ;
#555 = ORIENTED_EDGE ( 'NONE', *, *, #4081, .T. ) ;
#556 = VERTEX_POINT ( 'NONE', #6646 ) ;
#557 = DIRECTION ( 'NONE',  ( -1.000000000000000000, 0.000000000000000000, 0.000000000000000000 ) ) ;
#558 = DIRECTION ( 'NONE',  ( 0.1693912155993329283, -0.9855488907597534931, 0.000000000000000000 ) ) ;
#559 = CARTESIAN_POINT ( 'NONE',  ( 35.38094005101135764, 61.32294003667997373, -16.09999999999998366 ) ) ;
#560 = EDGE_CURVE ( 'NONE', #469, #1675, #5655, .T. ) ;
#561 = AXIS2_PLACEMENT_3D ( 'NONE', #4911, #4333, #5424 ) ;
#562 = CARTESIAN_POINT ( 'NONE',  ( 26.63520514446659959, 61.57531702668671869, -16.09999999999999787 ) ) ;
#563 = CARTESIAN_POINT ( 'NONE',  ( 43.81013582601147505, 47.44087890532853180, -16.09999999999998721 ) ) ;
#564 = VERTEX_POINT ( 'NONE', #2597 ) ;
#565 = AXIS2_PLACEMENT_3D ( 'NONE', #912, #4150, #4181 ) ;
#566 = CARTESIAN_POINT ( 'NONE',  ( 28.68450317666136229, -13.59857928375058833, -14.09999999999999432 ) ) ;
#567 = ORIENTED_EDGE ( 'NONE', *, *, #1336, .T. ) ;
#568 = EDGE_CURVE ( 'NONE', #3074, #3262, #1998, .T. ) ;
#569 = EDGE_CURVE ( 'NONE', #5484, #6168, #6133, .T. ) ;
#570 = ORIENTED_EDGE ( 'NONE', *, *, #3071, .T. ) ;
#571 = CARTESIAN_POINT ( 'NONE',  ( 56.10228103732374194, 60.23603131240100339, -14.09999999999997300 ) ) ;
#572 = FACE_OUTER_BOUND ( 'NONE', #1831, .T. ) ;
#573 = DIRECTION ( 'NONE',  ( -0.000000000000000000, -0.000000000000000000, -1.000000000000000000 ) ) ;
#574 = DIRECTION ( 'NONE',  ( 1.000000000000000000, 0.000000000000000000, 0.000000000000000000 ) ) ;
#575 = CARTESIAN_POINT ( 'NONE',  ( 26.05890599440851929, 61.23052214885655786, -16.09999999999999432 ) ) ;
#576 = CARTESIAN_POINT ( 'NONE',  ( 48.01152170587302237, 61.56372305344223861, -14.09999999999997300 ) ) ;
#577 = EDGE_LOOP ( 'NONE', ( #5522, #3506, #3020, #4092, #2817, #1239 ) ) ;
#578 = DIRECTION ( 'NONE',  ( -0.4444444859815490645, -0.8958063958694404416, 0.000000000000000000 ) ) ;
#579 = ORIENTED_EDGE ( 'NONE', *, *, #2789, .T. ) ;
#580 = EDGE_LOOP ( 'NONE', ( #3201, #110, #2855, #1350 ) ) ;
#581 = LINE ( 'NONE', #2709, #5309 ) ;
#582 = CARTESIAN_POINT ( 'NONE',  ( 62.92230339107207726, 56.42353455431508991, -14.09999999999997655 ) ) ;
#583 = ORIENTED_EDGE ( 'NONE', *, *, #4325, .T. ) ;
#584 = CARTESIAN_POINT ( 'NONE',  ( 74.74067389446662446, 46.57531702668672580, -16.09999999999999432 ) ) ;
#585 = ORIENTED_EDGE ( 'NONE', *, *, #2340, .T. ) ;
#586 = CARTESIAN_POINT ( 'NONE',  ( 75.27917835875231845, 46.85712506240100339, -14.09999999999998010 ) ) ;
#587 = ORIENTED_EDGE ( 'NONE', *, *, #6059, .T. ) ;
#588 = ORIENTED_EDGE ( 'NONE', *, *, #2665, .T. ) ;
#589 = CARTESIAN_POINT ( 'NONE',  ( 53.04230130916199215, 0.04330999182739999481, -24.09999999999999787 ) ) ;
#590 = CARTESIAN_POINT ( 'NONE',  ( 66.13018282303804085, 54.81750452668671869, 7.500000000000000000 ) ) ;
#591 = CARTESIAN_POINT ( 'NONE',  ( 44.00406675160945724, 60.36995988382957279, -14.09999999999998721 ) ) ;
#592 = CARTESIAN_POINT ( 'NONE',  ( 31.30317389446660314, 60.73268309811528809, -16.09999999999998721 ) ) ;
#593 = FACE_OUTER_BOUND ( 'NONE', #3153, .T. ) ;
#594 = LINE ( 'NONE', #4289, #3817 ) ;
#595 = EDGE_CURVE ( 'NONE', #5094, #2153, #1479, .T. ) ;
#596 = CARTESIAN_POINT ( 'NONE',  ( 64.49792835875231845, 59.75891077668671159, -16.09999999999999787 ) ) ;
#597 = ORIENTED_EDGE ( 'NONE', *, *, #395, .T. ) ;
#598 = ORIENTED_EDGE ( 'NONE', *, *, #4498, .T. ) ;
#599 = CARTESIAN_POINT ( 'NONE',  ( 53.37069621589517254, 59.80076345525814219, 7.500000000000000000 ) ) ;
#600 = DIRECTION ( 'NONE',  ( -1.000000000000000000, 0.000000000000000000, -0.000000000000000000 ) ) ;
#601 = EDGE_CURVE ( 'NONE', #5792, #1044, #1735, .T. ) ;
#602 = ADVANCED_FACE ( 'NONE', ( #4135 ), #6197, .T. ) ;
#603 = FACE_OUTER_BOUND ( 'NONE', #179, .T. ) ;
#604 = DIRECTION ( 'NONE',  ( -0.000000000000000000, -0.000000000000000000, 1.000000000000000000 ) ) ;
#605 = DIRECTION ( 'NONE',  ( -0.000000000000000000, -0.000000000000000000, -1.000000000000000000 ) ) ;
#606 = CARTESIAN_POINT ( 'NONE',  ( 39.24762860204325676, 47.70519372216161713, -14.09999999999997300 ) ) ;
#607 = LINE ( 'NONE', #1641, #4903 ) ;
#608 = ORIENTED_EDGE ( 'NONE', *, *, #1850, .F. ) ;
#609 = CARTESIAN_POINT ( 'NONE',  ( 26.58570010380315196, 60.40633410964733230, -14.09999999999997655 ) ) ;
#610 = ADVANCED_FACE ( 'NONE', ( #6679 ), #2031, .T. ) ;
#611 = CARTESIAN_POINT ( 'NONE',  ( 49.01243728732374194, 51.61158934811528809, -14.09999999999998721 ) ) ;
#612 = ORIENTED_EDGE ( 'NONE', *, *, #5987, .F. ) ;
#613 = ORIENTED_EDGE ( 'NONE', *, *, #6649, .T. ) ;
#614 = LINE ( 'NONE', #67, #5846 ) ;
#615 = PRODUCT_DEFINITION_SHAPE ( 'NONE', 'NONE',  #5919 ) ;
#616 = CARTESIAN_POINT ( 'NONE',  ( 56.00183460875231134, 60.06304024097243399, 7.500000000000000000 ) ) ;
#617 = ORIENTED_EDGE ( 'NONE', *, *, #2651, .T. ) ;
#618 = CARTESIAN_POINT ( 'NONE',  ( 50.03643282303804085, 47.34819649097244110, -14.09999999999997655 ) ) ;
#619 = EDGE_LOOP ( 'NONE', ( #4213, #6266 ) ) ;
#620 = CARTESIAN_POINT ( 'NONE',  ( 50.85395514446659604, 48.37498220525814929, 7.500000000000000000 ) ) ;
#621 = ORIENTED_EDGE ( 'NONE', *, *, #4413, .F. ) ;
#622 = ORIENTED_EDGE ( 'NONE', *, *, #689, .F. ) ;
#623 = PLANE ( 'NONE',  #2823 ) ;
#624 = FACE_OUTER_BOUND ( 'NONE', #6642, .T. ) ;
#625 = CARTESIAN_POINT ( 'NONE',  ( 43.39866442721537965, 60.53158347776597026, -14.09999999999996945 ) ) ;
#626 = VECTOR ( 'NONE', #4901, 1000.000000000000000 ) ;
#627 = CARTESIAN_POINT ( 'NONE',  ( 64.49792835875231845, 59.75891077668671159, -14.09999999999998721 ) ) ;
#628 = CARTESIAN_POINT ( 'NONE',  ( 74.66498066772820152, 46.57707682090696011, -14.09999999999999076 ) ) ;
#629 = VECTOR ( 'NONE', #2472, 1000.000000000000000 ) ;
#630 = VERTEX_POINT ( 'NONE', #1544 ) ;
#631 = DIRECTION ( 'NONE',  ( -0.000000000000000000, -0.000000000000000000, -1.000000000000000000 ) ) ;
#632 = ORIENTED_EDGE ( 'NONE', *, *, #3285, .F. ) ;
#633 = CIRCLE ( 'NONE', #6283, 0.8999999999999992450 ) ;
#634 = ORIENTED_EDGE ( 'NONE', *, *, #4698, .T. ) ;
#635 = ADVANCED_FACE ( 'NONE', ( #2098 ), #4165, .T. ) ;
#636 = CARTESIAN_POINT ( 'NONE',  ( 31.33670606613485887, 60.93966854192218108, -16.09999999999999076 ) ) ;
#637 = CARTESIAN_POINT ( 'NONE',  ( 55.99811458700737177, 105.8748276154417312, -1.599999999999998979 ) ) ;
#638 = AXIS2_PLACEMENT_3D ( 'NONE', #6491, #1847, #4356 ) ;
#639 = CARTESIAN_POINT ( 'NONE',  ( 52.41366496589516544, 60.36995988382957279, -14.09999999999998721 ) ) ;
#640 = CARTESIAN_POINT ( 'NONE',  ( 39.28092902679153298, 60.37363250693206851, -16.09999999999999787 ) ) ;
#641 = ORIENTED_EDGE ( 'NONE', *, *, #1841, .T. ) ;
#642 = EDGE_CURVE ( 'NONE', #3904, #6560, #199, .T. ) ;
#643 = CARTESIAN_POINT ( 'NONE',  ( 48.24148494808215304, 61.47726389958332049, -14.09999999999998721 ) ) ;
#644 = VECTOR ( 'NONE', #401, 1000.000000000000000 ) ;
#645 = CARTESIAN_POINT ( 'NONE',  ( 50.03643282303804085, 47.34819649097244110, -16.10000000000000142 ) ) ;
#646 = DIRECTION ( 'NONE',  ( -1.000000000000000000, 0.000000000000000000, 0.000000000000000000 ) ) ;
#647 = ORIENTED_EDGE ( 'NONE', *, *, #665, .F. ) ;
#648 = CARTESIAN_POINT ( 'NONE',  ( 48.34089586420994777, 61.38786541851523992, -16.09999999999999787 ) ) ;
#649 = ORIENTED_EDGE ( 'NONE', *, *, #5722, .F. ) ;
#650 = APPLICATION_CONTEXT ( 'configuration controlled 3d designs of mechanical parts and assemblies' ) ;
#651 = ORIENTED_EDGE ( 'NONE', *, *, #4990, .T. ) ;
#652 = CARTESIAN_POINT ( 'NONE',  ( 57.72046226605213093, 60.85476726807956283, -14.09999999999996412 ) ) ;
#653 = EDGE_CURVE ( 'NONE', #6690, #6268, #3914, .T. ) ;
#654 = EDGE_CURVE ( 'NONE', #3399, #5984, #4354, .T. ) ;
#655 = CARTESIAN_POINT ( 'NONE',  ( 57.48842978793436487, 60.50453060066703159, -14.09999999999998721 ) ) ;
#656 = ORIENTED_EDGE ( 'NONE', *, *, #6309, .F. ) ;
#657 = CARTESIAN_POINT ( 'NONE',  ( 63.89524978732374905, 49.68915631240100339, -16.09999999999999787 ) ) ;
#658 = DIRECTION ( 'NONE',  ( 0.000000000000000000, 0.000000000000000000, -1.000000000000000000 ) ) ;
#659 = ORIENTED_EDGE ( 'NONE', *, *, #1447, .F. ) ;
#660 = ORIENTED_EDGE ( 'NONE', *, *, #2255, .F. ) ;
#661 = CARTESIAN_POINT ( 'NONE',  ( 52.99842878151299885, 53.00157121848699404, -1.599999999999998979 ) ) ;
#662 = CARTESIAN_POINT ( 'NONE',  ( 62.21494370055980738, 56.64215256128153442, -14.09999999999997300 ) ) ;
#663 = CARTESIAN_POINT ( 'NONE',  ( 105.0601459312399868, 53.03888764915900111, -1.599999999999998979 ) ) ;
#664 = LINE ( 'NONE', #773, #3050 ) ;
#665 = EDGE_CURVE ( 'NONE', #3463, #6138, #2796, .T. ) ;
#666 = CARTESIAN_POINT ( 'NONE',  ( 43.47114264446660314, 46.57531702668671869, -14.09999999999998010 ) ) ;
#667 = LINE ( 'NONE', #2764, #4775 ) ;
#668 = DIRECTION ( 'NONE',  ( -0.9999923193465235505, -0.003919342796991468619, 0.000000000000000000 ) ) ;
#669 = CARTESIAN_POINT ( 'NONE',  ( 43.73983670360281195, 47.53899221541335862, -16.09999999999998721 ) ) ;
#670 = B_SPLINE_CURVE_WITH_KNOTS ( 'NONE', 3,
 ( #4463, #4495, #3987, #2873, #5579, #6559, #6591 ),
 .UNSPECIFIED., .F., .F.,
 ( 4, 1, 1, 1, 4 ),
 ( 0.000000000000000000, 0.2826927617233480627, 0.5273111742167956306, 0.7580647735485548377, 1.000000000000000000 ),
 .UNSPECIFIED. ) ;
#671 = CARTESIAN_POINT ( 'NONE',  ( 48.32992256162073375, 60.56732234218866751, -14.09999999999998721 ) ) ;
#672 = AXIS2_PLACEMENT_3D ( 'NONE', #134, #2235, #239 ) ;
#673 = VERTEX_POINT ( 'NONE', #1326 ) ;
#674 = VERTEX_POINT ( 'NONE', #4857 ) ;
#675 = CARTESIAN_POINT ( 'NONE',  ( 73.78416819505713420, 51.63544494102692539, -16.10000000000000142 ) ) ;
#676 = VECTOR ( 'NONE', #2073, 1000.000000000000000 ) ;
#677 = CARTESIAN_POINT ( 'NONE',  ( 70.80849120870962565, 60.92739094040808112, -14.09999999999999076 ) ) ;
#678 = PERSON_AND_ORGANIZATION ( #1833, #1116 ) ;
#679 = DIRECTION ( 'NONE',  ( 0.5021355173865238442, 0.8647889466100778799, 0.000000000000000000 ) ) ;
#680 = CARTESIAN_POINT ( 'NONE',  ( 54.77973639446660314, 47.82531702668671159, -14.09999999999998721 ) ) ;
#681 = VECTOR ( 'NONE', #893, 1000.000000000000000 ) ;
#682 = ORIENTED_EDGE ( 'NONE', *, *, #6275, .T. ) ;
#683 = DIRECTION ( 'NONE',  ( -0.8870177740734512817, 0.4617352796546738691, 0.000000000000000000 ) ) ;
#684 = CARTESIAN_POINT ( 'NONE',  ( 39.88855335875231134, 60.71036166954386459, 7.500000000000000000 ) ) ;
#685 = B_SPLINE_CURVE_WITH_KNOTS ( 'NONE', 3,
 ( #5488, #3039, #2467, #1474, #4029, #6024, #4533 ),
 .UNSPECIFIED., .F., .F.,
 ( 4, 1, 1, 1, 4 ),
 ( 0.000000000000000000, 0.2422568541122011310, 0.4780042978743958004, 0.7266281105510933314, 1.000000000000000000 ),
 .UNSPECIFIED. ) ;
#686 = DIRECTION ( 'NONE',  ( -0.9547580632462130401, -0.2973836590439025707, 0.000000000000000000 ) ) ;
#687 = ORIENTED_EDGE ( 'NONE', *, *, #17, .T. ) ;
#688 = DIRECTION ( 'NONE',  ( -0.000000000000000000, -0.000000000000000000, -1.000000000000000000 ) ) ;
#689 = EDGE_CURVE ( 'NONE', #2039, #2059, #5442, .T. ) ;
#690 = ORIENTED_EDGE ( 'NONE', *, *, #3326, .T. ) ;
#691 = CARTESIAN_POINT ( 'NONE',  ( 68.79201318018088784, 61.57531702668671869, -16.09999999999999787 ) ) ;
#692 = LINE ( 'NONE', #3903, #4031 ) ;
#693 = ORIENTED_EDGE ( 'NONE', *, *, #5526, .F. ) ;
#694 = CARTESIAN_POINT ( 'NONE',  ( 31.27806228732374194, 61.27397774097242689, -14.09999999999997300 ) ) ;
#695 = ORIENTED_EDGE ( 'NONE', *, *, #4724, .T. ) ;
#696 = CARTESIAN_POINT ( 'NONE',  ( 56.50127657303802664, 61.57531702668671869, -16.09999999999999787 ) ) ;
#697 = VERTEX_POINT ( 'NONE', #6417 ) ;
#698 = EDGE_CURVE ( 'NONE', #5327, #5796, #664, .T. ) ;
#699 = EDGE_CURVE ( 'NONE', #2176, #364, #4928, .T. ) ;
#700 = ORIENTED_EDGE ( 'NONE', *, *, #2714, .T. ) ;
#701 = CARTESIAN_POINT ( 'NONE',  ( 62.79250437975536414, 56.42466820338489697, -14.09999999999998366 ) ) ;
#702 = DIRECTION ( 'NONE',  ( -0.4278097831437973619, 0.9038687899504314061, 0.000000000000000000 ) ) ;
#703 = CARTESIAN_POINT ( 'NONE',  ( 51.21286953930442110, 46.93660240098677860, -16.09999999999999432 ) ) ;
#704 = CARTESIAN_POINT ( 'NONE',  ( 68.15027210875230423, 47.82531702668671159, -16.09999999999999787 ) ) ;
#705 = CARTESIAN_POINT ( 'NONE',  ( 70.83442389446661025, 46.57531702668671869, 7.500000000000000000 ) ) ;
#706 = CARTESIAN_POINT ( 'NONE',  ( 53.03888764915900111, 105.9601459312399925, -6.099999999999997868 ) ) ;
#707 = EDGE_LOOP ( 'NONE', ( #6707, #3348, #6517, #1795 ) ) ;
#708 = ADVANCED_FACE ( 'NONE', ( #256 ), #2283, .T. ) ;
#709 = CARTESIAN_POINT ( 'NONE',  ( 31.22315032849568084, 61.38786541851526835, -16.10000000000000142 ) ) ;
#710 = VERTEX_POINT ( 'NONE', #2251 ) ;
#711 = ORIENTED_EDGE ( 'NONE', *, *, #3038, .T. ) ;
#712 = CARTESIAN_POINT ( 'NONE',  ( 72.63135505918243950, 57.82810631833017112, -14.09999999999997300 ) ) ;
#713 = CC_DESIGN_DATE_AND_TIME_ASSIGNMENT ( #4494, #4329, ( #5919 ) ) ;
#714 = FACE_OUTER_BOUND ( 'NONE', #5283, .T. ) ;
#715 = APPROVAL_DATE_TIME ( #3954, #2357 ) ;
#716 = DIRECTION ( 'NONE',  ( 0.000000000000000000, 0.000000000000000000, -1.000000000000000000 ) ) ;
#717 = CARTESIAN_POINT ( 'NONE',  ( 43.89524978732374194, 47.05243756240100339, 7.500000000000000000 ) ) ;
#718 = CARTESIAN_POINT ( 'NONE',  ( 62.13743728732374194, 61.57252684811528809, 7.500000000000000000 ) ) ;
#719 = CARTESIAN_POINT ( 'NONE',  ( 52.34112032303803375, 60.37275006240100339, 7.500000000000000000 ) ) ;
#720 = ORIENTED_EDGE ( 'NONE', *, *, #3448, .T. ) ;
#721 = CARTESIAN_POINT ( 'NONE',  ( 26.71861822394327390, 60.38120838282624447, -14.09999999999997300 ) ) ;
#722 = DIRECTION ( 'NONE',  ( -0.000000000000000000, -0.000000000000000000, -1.000000000000000000 ) ) ;
#723 = ORIENTED_EDGE ( 'NONE', *, *, #1234, .T. ) ;
#724 = CARTESIAN_POINT ( 'NONE',  ( 73.33818216842078641, 51.28700646653406636, -16.09999999999999076 ) ) ;
#725 = EDGE_CURVE ( 'NONE', #879, #6126, #1219, .T. ) ;
#726 = FACE_OUTER_BOUND ( 'NONE', #4326, .T. ) ;
#727 = VERTEX_POINT ( 'NONE', #4388 ) ;
#728 = CARTESIAN_POINT ( 'NONE',  ( 31.33665603732374549, 60.99216970525814219, -14.09999999999997300 ) ) ;
#729 = CARTESIAN_POINT ( 'NONE',  ( 38.87013818018088784, 46.69529470525814929, -14.09999999999998721 ) ) ;
#730 = ORIENTED_EDGE ( 'NONE', *, *, #241, .T. ) ;
#731 = CARTESIAN_POINT ( 'NONE',  ( 56.10228103732374194, 60.23603131240100339, -14.09999999999998010 ) ) ;
#732 = FACE_OUTER_BOUND ( 'NONE', #4727, .T. ) ;
#733 = CARTESIAN_POINT ( 'NONE',  ( 52.00087584805926610, 46.69387352576109151, -16.09999999999999076 ) ) ;
#734 = CARTESIAN_POINT ( 'NONE',  ( 27.26857568018088784, 60.36995988382957279, 7.500000000000000000 ) ) ;
#735 = DIRECTION ( 'NONE',  ( 0.9504448598378767432, -0.3108931784516331676, 0.000000000000000000 ) ) ;
#736 = EDGE_CURVE ( 'NONE', #1691, #272, #2605, .T. ) ;
#737 = CARTESIAN_POINT ( 'NONE',  ( 52.15138818018088784, 60.36995988382957279, -16.09999999999999787 ) ) ;
#738 = EDGE_CURVE ( 'NONE', #5924, #20, #1845, .T. ) ;
#739 = CARTESIAN_POINT ( 'NONE',  ( 51.27882621528475937, 60.51579908536656660, -14.09999999999997300 ) ) ;
#740 = CARTESIAN_POINT ( 'NONE',  ( 51.14184100871580085, 61.24183341626882537, -16.09999999999999076 ) ) ;
#741 = ORIENTED_EDGE ( 'NONE', *, *, #511, .F. ) ;
#742 = VECTOR ( 'NONE', #788, 1000.000000000000000 ) ;
#743 = CARTESIAN_POINT ( 'NONE',  ( 30.84000425160946079, 61.57531702668671869, -16.09999999999999787 ) ) ;
#744 = ORIENTED_EDGE ( 'NONE', *, *, #6486, .T. ) ;
#745 = ORIENTED_EDGE ( 'NONE', *, *, #1025, .F. ) ;
#746 = ADVANCED_FACE ( 'NONE', ( #5407 ), #1388, .T. ) ;
#747 = CARTESIAN_POINT ( 'NONE',  ( 75.27917835875231845, 46.85712506240100339, -16.09999999999999076 ) ) ;
#748 = VECTOR ( 'NONE', #2185, 1000.000000000000000 ) ;
#749 = CARTESIAN_POINT ( 'NONE',  ( 70.07544723458038050, 61.16501008368893366, -16.09999999999999432 ) ) ;
#750 = DIRECTION ( 'NONE',  ( 0.8950331698085475240, -0.4459995795317118206, 0.000000000000000000 ) ) ;
#751 = FACE_OUTER_BOUND ( 'NONE', #6446, .T. ) ;
#752 = VECTOR ( 'NONE', #3723, 1000.000000000000000 ) ;
#753 = VECTOR ( 'NONE', #6700, 1000.000000000000114 ) ;
#754 = DIRECTION ( 'NONE',  ( -0.000000000000000000, -0.000000000000000000, -1.000000000000000000 ) ) ;
#755 = AXIS2_PLACEMENT_3D ( 'NONE', #2286, #5409, #1878 ) ;
#756 = CARTESIAN_POINT ( 'NONE',  ( 31.27806228732374194, 61.27397774097242689, -16.09999999999999787 ) ) ;
#757 = ORIENTED_EDGE ( 'NONE', *, *, #5696, .F. ) ;
#758 = VECTOR ( 'NONE', #2980, 1000.000000000000000 ) ;
#759 = CARTESIAN_POINT ( 'NONE',  ( 48.42091943018088784, 60.73268309811529519, -16.09999999999999432 ) ) ;
#760 = B_SPLINE_CURVE_WITH_KNOTS ( 'NONE', 3,
 ( #836, #2419, #1874, #3370, #319, #5441, #6550, #6041, #809, #905, #6007 ),
 .UNSPECIFIED., .F., .F.,
 ( 4, 1, 1, 1, 1, 1, 1, 1, 4 ),
 ( 0.000000000000000000, 0.08808573639073195849, 0.1866786466866670879, 0.2958176834783229348, 0.4155185625401417449, 0.5457812838721192161, 0.6866168489635621208, 0.8380134888332255727, 1.000000000000000000 ),
 .UNSPECIFIED. ) ;
#761 = ORIENTED_EDGE ( 'NONE', *, *, #5773, .T. ) ;
#762 = CARTESIAN_POINT ( 'NONE',  ( 73.46013757566188929, 51.47508221046921761, -16.09999999999999076 ) ) ;
#763 = VECTOR ( 'NONE', #1331, 1000.000000000000000 ) ;
#764 = CARTESIAN_POINT ( 'NONE',  ( 57.36508962962993508, 60.41961820541699524, -14.09999999999998721 ) ) ;
#765 = ORIENTED_EDGE ( 'NONE', *, *, #4990, .F. ) ;
#766 = CARTESIAN_POINT ( 'NONE',  ( 51.05484800160946435, 60.98379916954385749, -16.09999999999999787 ) ) ;
#767 = VECTOR ( 'NONE', #5279, 1000.000000000000000 ) ;
#768 = CARTESIAN_POINT ( 'NONE',  ( 49.31022360371346025, 48.05053628339268812, -14.09999999999998010 ) ) ;
#769 = VERTEX_POINT ( 'NONE', #3883 ) ;
#770 = CYLINDRICAL_SURFACE ( 'NONE', #1851, 2.956992594712500200 ) ;
#771 = EDGE_CURVE ( 'NONE', #3768, #3252, #4894, .T. ) ;
#772 = CARTESIAN_POINT ( 'NONE',  ( 43.19770514446660314, 47.70812952668671869, -16.09999999999999787 ) ) ;
#773 = CARTESIAN_POINT ( 'NONE',  ( 39.79368728732374194, 47.70812952668671869, -16.09999999999999787 ) ) ;
#774 = CARTESIAN_POINT ( 'NONE',  ( 53.04230130916199215, 0.04330999182739999481, -6.099999999999997868 ) ) ;
#775 = CARTESIAN_POINT ( 'NONE',  ( 57.68871326065556815, 60.79668268572266498, -16.09999999999999432 ) ) ;
#776 = DIRECTION ( 'NONE',  ( -0.000000000000000000, -0.000000000000000000, -1.000000000000000000 ) ) ;
#777 = CARTESIAN_POINT ( 'NONE',  ( 52.34112032303803375, 60.37275006240100339, -16.09999999999999787 ) ) ;
#778 = VERTEX_POINT ( 'NONE', #2386 ) ;
#779 = B_SPLINE_CURVE_WITH_KNOTS ( 'NONE', 3,
 ( #3492, #2405, #3528, #4473, #3015, #409, #6572, #6678, #5045, #2504, #6061 ),
 .UNSPECIFIED., .F., .F.,
 ( 4, 1, 1, 1, 1, 1, 1, 1, 4 ),
 ( 0.000000000000000000, 0.1587551611877039137, 0.3023374658423012562, 0.4334144958913300205, 0.5515800555969037067, 0.6606209103062498089, 0.7692352672089317611, 0.8811815869300051451, 1.000000000000000000 ),
 .UNSPECIFIED. ) ;
#780 = ADVANCED_FACE ( 'NONE', ( #1286 ), #6520, .T. ) ;
#781 = DIRECTION ( 'NONE',  ( 0.000000000000000000, 0.000000000000000000, 1.000000000000000000 ) ) ;
#782 = VERTEX_POINT ( 'NONE', #4827 ) ;
#783 = ORIENTED_EDGE ( 'NONE', *, *, #1755, .T. ) ;
#784 = CARTESIAN_POINT ( 'NONE',  ( 53.03888764915900111, 105.9601459312399925, -6.099999999999997868 ) ) ;
#785 = CARTESIAN_POINT ( 'NONE',  ( 70.58657045401045593, 61.00107196781920749, -14.09999999999999432 ) ) ;
#786 = VECTOR ( 'NONE', #3079, 1000.000000000000000 ) ;
#787 = EDGE_CURVE ( 'NONE', #5817, #6138, #149, .T. ) ;
#788 = DIRECTION ( 'NONE',  ( -0.000000000000000000, -0.000000000000000000, -1.000000000000000000 ) ) ;
#789 = EDGE_CURVE ( 'NONE', #778, #5852, #6377, .T. ) ;
#790 = CARTESIAN_POINT ( 'NONE',  ( 26.71861822394327390, 60.38120838282624447, -16.09999999999999787 ) ) ;
#791 = AXIS2_PLACEMENT_3D ( 'NONE', #1973, #1129, #1 ) ;
#792 = CARTESIAN_POINT ( 'NONE',  ( 39.20495960875231845, 60.36995988382957279, -16.09999999999999787 ) ) ;
#793 = ORIENTED_EDGE ( 'NONE', *, *, #3147, .F. ) ;
#794 = DIRECTION ( 'NONE',  ( 0.4550821126781784409, -0.8904494767926846022, 0.000000000000000000 ) ) ;
#795 = CARTESIAN_POINT ( 'NONE',  ( 47.98934413687841527, 60.37864441258799530, -16.09999999999999076 ) ) ;
#796 = AXIS2_PLACEMENT_3D ( 'NONE', #2919, #4409, #2783 ) ;
#797 = ORIENTED_EDGE ( 'NONE', *, *, #48, .F. ) ;
#798 = ORIENTED_EDGE ( 'NONE', *, *, #3076, .F. ) ;
#799 = DIRECTION ( 'NONE',  ( -0.000000000000000000, -0.000000000000000000, 1.000000000000000000 ) ) ;
#800 = B_SPLINE_CURVE_WITH_KNOTS ( 'NONE', 3,
 ( #3531, #929, #1451, #1352, #830, #2513, #6543 ),
 .UNSPECIFIED., .F., .F.,
 ( 4, 1, 1, 1, 4 ),
 ( 0.000000000000000000, 0.3261631261545659410, 0.5868059191059555868, 0.7990061949277679210, 1.000000000000000000 ),
 .UNSPECIFIED. ) ;
#801 = CARTESIAN_POINT ( 'NONE',  ( 74.79422786859755945, 46.57801286948176767, -14.09999999999997300 ) ) ;
#802 = ORIENTED_EDGE ( 'NONE', *, *, #1397, .F. ) ;
#803 = PLANE ( 'NONE',  #423 ) ;
#804 = CARTESIAN_POINT ( 'NONE',  ( 72.62889130769796964, 57.55931711467511747, -16.09999999999999787 ) ) ;
#805 = DIRECTION ( 'NONE',  ( 0.000000000000000000, 0.000000000000000000, 1.000000000000000000 ) ) ;
#806 = ORIENTED_EDGE ( 'NONE', *, *, #3071, .F. ) ;
#807 = EDGE_LOOP ( 'NONE', ( #3301, #3276, #4750, #2190 ) ) ;
#808 = CARTESIAN_POINT ( 'NONE',  ( 71.91701318018088784, 55.43134381240100339, -14.09999999999998721 ) ) ;
#809 = CARTESIAN_POINT ( 'NONE',  ( 49.77909795352819344, 47.59304208072604325, -14.09999999999998721 ) ) ;
#810 = DIRECTION ( 'NONE',  ( -1.000000000000000000, 0.000000000000000000, 0.000000000000000000 ) ) ;
#811 = CARTESIAN_POINT ( 'NONE',  ( 43.63527314126913836, 46.63650891411452903, -14.09999999999999076 ) ) ;
#812 = CARTESIAN_POINT ( 'NONE',  ( 74.63435021221803822, 51.32543628315492867, -14.09999999999996589 ) ) ;
#813 = CARTESIAN_POINT ( 'NONE',  ( 51.05484800160947145, 60.98379916954386459, -14.09999999999996945 ) ) ;
#814 = CARTESIAN_POINT ( 'NONE',  ( 51.38700375603154669, 61.46446569515378400, -14.09999999999998721 ) ) ;
#815 = DIRECTION ( 'NONE',  ( -0.000000000000000000, -0.000000000000000000, -1.000000000000000000 ) ) ;
#816 = DIRECTION ( 'NONE',  ( -1.000000000000000000, -1.963341769863017714E-13, 0.000000000000000000 ) ) ;
#817 = EDGE_LOOP ( 'NONE', ( #2242, #4212, #4345, #5462 ) ) ;
#818 = CARTESIAN_POINT ( 'NONE',  ( 57.22114264446660314, 60.38391077668671159, -16.09999999999999076 ) ) ;
#819 = ADVANCED_FACE ( 'NONE', ( #2486 ), #400, .T. ) ;
#820 = CYLINDRICAL_SURFACE ( 'NONE', #5467, 52.95827939944611984 ) ;
#821 = CARTESIAN_POINT ( 'NONE',  ( 30.84000425160946079, 61.57531702668671869, -16.09999999999999787 ) ) ;
#822 = CARTESIAN_POINT ( 'NONE',  ( 38.56879889446660314, 47.14172327668672580, -16.10000000000000142 ) ) ;
#823 = EDGE_CURVE ( 'NONE', #253, #4203, #4755, .T. ) ;
#824 = EDGE_CURVE ( 'NONE', #5018, #4746, #667, .T. ) ;
#825 = CARTESIAN_POINT ( 'NONE',  ( 70.00574085875231845, 59.84540631240100339, -16.09999999999999787 ) ) ;
#826 = ORIENTED_EDGE ( 'NONE', *, *, #4133, .F. ) ;
#827 = CARTESIAN_POINT ( 'NONE',  ( 26.51243728732374194, 60.42018309811528809, -14.09999999999998010 ) ) ;
#828 = CARTESIAN_POINT ( 'NONE',  ( 47.77638818018088784, 60.36995988382957279, -16.09999999999999076 ) ) ;
#829 = CARTESIAN_POINT ( 'NONE',  ( 39.41502772361543805, 61.56967410235707661, -14.09999999999998721 ) ) ;
#830 = CARTESIAN_POINT ( 'NONE',  ( 43.14874974440851929, 61.23052214885655786, -16.09999999999999787 ) ) ;
#831 = LINE ( 'NONE', #1763, #6728 ) ;
#832 = ADVANCED_FACE ( 'NONE', ( #6276 ), #803, .T. ) ;
#833 = CARTESIAN_POINT ( 'NONE',  ( 72.62576864645842534, 56.94920066622695032, -16.09999999999999787 ) ) ;
#834 = CARTESIAN_POINT ( 'NONE',  ( 48.43059944147695006, 60.76690266027245002, -16.10000000000000142 ) ) ;
#835 = VERTEX_POINT ( 'NONE', #6616 ) ;
#836 = CARTESIAN_POINT ( 'NONE',  ( 48.44882121589517254, 48.93022774097242689, -14.09999999999998010 ) ) ;
#837 = CARTESIAN_POINT ( 'NONE',  ( 43.52766961443654026, 46.59639167186492159, -16.09999999999999432 ) ) ;
#838 = CARTESIAN_POINT ( 'NONE',  ( 74.27326732376575080, 51.64907491628551384, -14.09999999999997300 ) ) ;
#839 = DIRECTION ( 'NONE',  ( -0.000000000000000000, -0.000000000000000000, -1.000000000000000000 ) ) ;
#840 = PLANE ( 'NONE',  #6324 ) ;
#841 = ORIENTED_EDGE ( 'NONE', *, *, #6488, .T. ) ;
#842 = CALENDAR_DATE ( 2025, 23, 7 ) ;
#843 = CARTESIAN_POINT ( 'NONE',  ( 38.81154443018088784, 60.36995988382957279, -14.09999999999998721 ) ) ;
#844 = ORIENTED_EDGE ( 'NONE', *, *, #4449, .T. ) ;
#845 = CARTESIAN_POINT ( 'NONE',  ( 72.62498358225938944, 57.31379381209588786, -16.09999999999999076 ) ) ;
#846 = CARTESIAN_POINT ( 'NONE',  ( 43.47518808418050895, 61.50104826110218426, -14.09999999999998366 ) ) ;
#847 = CARTESIAN_POINT ( 'NONE',  ( 61.48308411722760525, 61.22677631824290501, -16.09999999999999076 ) ) ;
#848 = CARTESIAN_POINT ( 'NONE',  ( 32.56634556104485512, 46.58522341502117570, -14.09999999999997655 ) ) ;
#849 = ORIENTED_EDGE ( 'NONE', *, *, #4943, .F. ) ;
#850 = AXIS2_PLACEMENT_3D ( 'NONE', #4628, #5192, #943 ) ;
#851 = ORIENTED_EDGE ( 'NONE', *, *, #3233, .F. ) ;
#852 = CARTESIAN_POINT ( 'NONE',  ( 63.37448502409612416, 56.69237379460889770, -16.09999999999999787 ) ) ;
#853 = CARTESIAN_POINT ( 'NONE',  ( 53.03888764915900111, 105.9601459312399925, -1.599999999999998979 ) ) ;
#854 = VERTEX_POINT ( 'NONE', #2483 ) ;
#855 = AXIS2_PLACEMENT_3D ( 'NONE', #3187, #4744, #3766 ) ;
#856 = CARTESIAN_POINT ( 'NONE',  ( 75.32382121589517965, 47.35377684811528809, -14.09999999999998721 ) ) ;
#857 = VECTOR ( 'NONE', #5476, 1000.000000000000000 ) ;
#858 = B_SPLINE_CURVE_WITH_KNOTS ( 'NONE', 3,
 ( #4849, #833, #4447, #3843, #804, #312, #4416, #5901, #1247, #4382, #1871 ),
 .UNSPECIFIED., .F., .F.,
 ( 4, 1, 1, 1, 1, 1, 1, 1, 4 ),
 ( 0.000000000000000000, 0.08954781583207162277, 0.1890453889788171749, 0.2984997858011221861, 0.4179033511080942898, 0.5484998382034987907, 0.6890456633498932559, 0.8395408819840500803, 1.000000000000000000 ),
 .UNSPECIFIED. ) ;
#859 = EDGE_LOOP ( 'NONE', ( #5455, #6002, #5121, #2 ) ) ;
#860 = ADVANCED_FACE ( 'NONE', ( #6590 ), #4056, .T. ) ;
#861 = CARTESIAN_POINT ( 'NONE',  ( 73.38864701651877454, 51.38991050916362013, -16.09999999999998366 ) ) ;
#862 = CIRCLE ( 'NONE', #5649, 0.8999999999999992450 ) ;
#863 = AXIS2_PLACEMENT_3D ( 'NONE', #5493, #3356, #5925 ) ;
#864 = CARTESIAN_POINT ( 'NONE',  ( 51.27882621528475937, 60.51579908536656660, -14.09999999999999432 ) ) ;
#865 = ORIENTED_EDGE ( 'NONE', *, *, #1563, .T. ) ;
#866 = CARTESIAN_POINT ( 'NONE',  ( 43.51771979265841139, 47.67311908094514905, -16.09999999999999432 ) ) ;
#867 = ORIENTED_EDGE ( 'NONE', *, *, #6182, .T. ) ;
#868 = DIRECTION ( 'NONE',  ( 0.8340190351965174331, -0.5517356694377030246, 0.000000000000000000 ) ) ;
#869 = ORIENTED_EDGE ( 'NONE', *, *, #4157, .F. ) ;
#870 = VECTOR ( 'NONE', #4115, 1000.000000000000000 ) ;
#871 = ADVANCED_FACE ( 'NONE', ( #1620 ), #1657, .T. ) ;
#872 = CARTESIAN_POINT ( 'NONE',  ( 43.47114264446660314, 46.57531702668671869, -16.09999999999999787 ) ) ;
#873 = EDGE_CURVE ( 'NONE', #334, #1884, #2181, .T. ) ;
#874 = LINE ( 'NONE', #1358, #5431 ) ;
#875 = CARTESIAN_POINT ( 'NONE',  ( 52.15138818018088784, 60.36995988382957279, 7.500000000000000000 ) ) ;
#876 = CIRCLE ( 'NONE', #4577, 52.95827939944611984 ) ;
#877 = CARTESIAN_POINT ( 'NONE',  ( 75.24485459512276009, 46.81420247564337700, -14.09999999999999076 ) ) ;
#878 = LINE ( 'NONE', #6081, #455 ) ;
#879 = VERTEX_POINT ( 'NONE', #44 ) ;
#880 = DIRECTION ( 'NONE',  ( 0.3004304962231743592, 0.9538037098581118034, 0.000000000000000000 ) ) ;
#881 = ORIENTED_EDGE ( 'NONE', *, *, #5151, .F. ) ;
#882 = FACE_OUTER_BOUND ( 'NONE', #240, .T. ) ;
#883 = LINE ( 'NONE', #2590, #5751 ) ;
#884 = CARTESIAN_POINT ( 'NONE',  ( 73.28978103732373484, 49.86214738382957279, -16.09999999999999787 ) ) ;
#885 = CARTESIAN_POINT ( 'NONE',  ( 43.60228103732374194, 60.42018309811528809, -16.09999999999999787 ) ) ;
#886 = ORIENTED_EDGE ( 'NONE', *, *, #4662, .T. ) ;
#887 = EDGE_LOOP ( 'NONE', ( #5730, #4656, #1094, #2573 ) ) ;
#888 = DIRECTION ( 'NONE',  ( -0.000000000000000000, -0.000000000000000000, -1.000000000000000000 ) ) ;
#889 = CARTESIAN_POINT ( 'NONE',  ( 39.90347190675824862, 61.19469349240278433, -16.10000000000000142 ) ) ;
#890 = ORIENTED_EDGE ( 'NONE', *, *, #1979, .F. ) ;
#891 = DIRECTION ( 'NONE',  ( 0.8944271909999158554, -0.4472135954999579277, 0.000000000000000000 ) ) ;
#892 = B_SPLINE_SURFACE_WITH_KNOTS ( 'NONE', 3, 1, ( 
 ( #5117, #4612 ),
 ( #4576, #6648 ),
 ( #1448, #6608 ),
 ( #3051, #4958 ),
 ( #284, #3338 ),
 ( #2542, #1963 ),
 ( #6682, #5404 ) ),
 .UNSPECIFIED., .F., .F., .F.,
 ( 4, 1, 1, 1, 4 ),
 ( 2, 2 ),
 ( 0.000000000000000000, 0.05024162472995571255, 0.2356937995791573703, 0.5559225806950739424, 1.000000000000000000 ),
 ( 0.000000000000000000, 1.000000000000000000 ),
 .UNSPECIFIED. ) ;
#893 = DIRECTION ( 'NONE',  ( -0.000000000000000000, -0.000000000000000000, -1.000000000000000000 ) ) ;
#894 = VERTEX_POINT ( 'NONE', #2218 ) ;
#895 = CARTESIAN_POINT ( 'NONE',  ( 52.27505765699678619, 60.38784890353707624, -14.09999999999996945 ) ) ;
#896 = VECTOR ( 'NONE', #4296, 1000.000000000000000 ) ;
#897 = CARTESIAN_POINT ( 'NONE',  ( 26.54594101945656703, 61.54878410874777472, -14.09999999999998010 ) ) ;
#898 = ORIENTED_EDGE ( 'NONE', *, *, #5189, .F. ) ;
#899 = CARTESIAN_POINT ( 'NONE',  ( 43.89524978732374194, 47.05243756240100339, -16.09999999999999787 ) ) ;
#900 = VERTEX_POINT ( 'NONE', #4791 ) ;
#901 = EDGE_CURVE ( 'NONE', #3870, #5237, #2905, .T. ) ;
#902 = CIRCLE ( 'NONE', #1110, 2.956992594712500200 ) ;
#903 = LINE ( 'NONE', #1421, #676 ) ;
#904 = VERTEX_POINT ( 'NONE', #3809 ) ;
#905 = CARTESIAN_POINT ( 'NONE',  ( 49.94874363917161020, 47.43162983982129077, -14.09999999999998721 ) ) ;
#906 = VECTOR ( 'NONE', #6099, 1000.000000000000000 ) ;
#907 = FACE_OUTER_BOUND ( 'NONE', #2633, .T. ) ;
#908 = CARTESIAN_POINT ( 'NONE',  ( 75.28637767698738514, 46.87742536437777829, -16.09999999999999787 ) ) ;
#909 = CARTESIAN_POINT ( 'NONE',  ( 39.88855335875231134, 60.71036166954386459, -14.09999999999998010 ) ) ;
#910 = EDGE_CURVE ( 'NONE', #3924, #5391, #4720, .T. ) ;
#911 = EDGE_CURVE ( 'NONE', #564, #5449, #2183, .T. ) ;
#912 = CARTESIAN_POINT ( 'NONE',  ( 73.54368728732374905, 47.83089738382957989, 7.500000000000000000 ) ) ;
#913 = ORIENTED_EDGE ( 'NONE', *, *, #3626, .T. ) ;
#914 = PERSON_AND_ORGANIZATION_ROLE ( 'creator' ) ;
#915 = DIRECTION ( 'NONE',  ( 0.000000000000000000, 0.000000000000000000, 1.000000000000000000 ) ) ;
#916 = CARTESIAN_POINT ( 'NONE',  ( 38.62117511719885243, 60.32805604176068215, -14.09999999999998010 ) ) ;
#917 = DIRECTION ( 'NONE',  ( 0.5021355173865237331, 0.8647889466100777689, 0.000000000000000000 ) ) ;
#918 = VERTEX_POINT ( 'NONE', #4286 ) ;
#919 = CARTESIAN_POINT ( 'NONE',  ( 74.08219175160945724, 51.66181256240100339, -14.09999999999998010 ) ) ;
#920 = LINE ( 'NONE', #4633, #4357 ) ;
#921 = EDGE_CURVE ( 'NONE', #1346, #3327, #180, .T. ) ;
#922 = CARTESIAN_POINT ( 'NONE',  ( 52.31049714567244280, 60.38090142116218573, -16.09999999999999432 ) ) ;
#923 = EDGE_LOOP ( 'NONE', ( #120, #5928, #6365, #4712 ) ) ;
#924 = ORIENTED_EDGE ( 'NONE', *, *, #1415, .F. ) ;
#925 = PLANE ( 'NONE',  #1409 ) ;
#926 = CARTESIAN_POINT ( 'NONE',  ( 63.44324085875231845, 56.90734827668671869, 7.500000000000000000 ) ) ;
#927 = DIRECTION ( 'NONE',  ( 0.000000000000000000, 0.000000000000000000, -1.000000000000000000 ) ) ;
#928 = CARTESIAN_POINT ( 'NONE',  ( 62.86567389446659604, 56.41627684811528809, -16.09999999999999787 ) ) ;
#929 = CARTESIAN_POINT ( 'NONE',  ( 43.63578476945656348, 61.54878410874777472, -16.09999999999999432 ) ) ;
#930 = VERTEX_POINT ( 'NONE', #3744 ) ;
#931 = CARTESIAN_POINT ( 'NONE',  ( 55.99934424987079495, 105.9601459312399925, -24.09999999999999787 ) ) ;
#932 = VERTEX_POINT ( 'NONE', #1724 ) ;
#933 = CARTESIAN_POINT ( 'NONE',  ( 50.03643282303804085, 47.34819649097244110, -14.09999999999997655 ) ) ;
#934 = ORIENTED_EDGE ( 'NONE', *, *, #474, .T. ) ;
#935 = CARTESIAN_POINT ( 'NONE',  ( 51.06024934489200007, 61.02530854735845622, -16.09999999999999076 ) ) ;
#936 = DIRECTION ( 'NONE',  ( -0.000000000000000000, -0.000000000000000000, -1.000000000000000000 ) ) ;
#937 = ADVANCED_FACE ( 'NONE', ( #5372 ), #2280, .F. ) ;
#938 = CARTESIAN_POINT ( 'NONE',  ( 38.74093000512508667, 46.78928413384564067, -14.09999999999997300 ) ) ;
#939 = CARTESIAN_POINT ( 'NONE',  ( 39.79368728732374194, 47.70812952668671869, -16.09999999999999787 ) ) ;
#940 = CARTESIAN_POINT ( 'NONE',  ( 33.28978103732374905, 46.87665631240100339, -14.09999999999998721 ) ) ;
#941 = CARTESIAN_POINT ( 'NONE',  ( 55.99934424987079495, 105.9601459312399925, -6.099999999999997868 ) ) ;
#942 = ORIENTED_EDGE ( 'NONE', *, *, #5979, .T. ) ;
#943 = DIRECTION ( 'NONE',  ( -1.000000000000000000, 0.000000000000000000, 0.000000000000000000 ) ) ;
#944 = CARTESIAN_POINT ( 'NONE',  ( 35.31266050160945724, 61.13725899097242689, -16.09999999999998721 ) ) ;
#945 = ORIENTED_EDGE ( 'NONE', *, *, #480, .T. ) ;
#946 = EDGE_CURVE ( 'NONE', #5681, #5018, #5261, .T. ) ;
#947 = CARTESIAN_POINT ( 'NONE',  ( 39.94156675160945724, 60.96147774097243399, -14.09999999999996945 ) ) ;
#948 = B_SPLINE_SURFACE_WITH_KNOTS ( 'NONE', 3, 1, ( 
 ( #2786, #6445 ),
 ( #801, #1800 ),
 ( #1245, #2241 ),
 ( #4306, #4920 ),
 ( #6407, #3939 ),
 ( #2348, #3330 ),
 ( #1761, #2893 ) ),
 .UNSPECIFIED., .F., .F., .F.,
 ( 4, 1, 1, 1, 4 ),
 ( 2, 2 ),
 ( 0.000000000000000000, 0.2529665494731413999, 0.4931748093182236614, 0.7404953766132241766, 1.000000000000000000 ),
 ( 0.000000000000000000, 1.000000000000000000 ),
 .UNSPECIFIED. ) ;
#949 = LINE ( 'NONE', #6672, #3390 ) ;
#950 = ORIENTED_EDGE ( 'NONE', *, *, #4907, .F. ) ;
#951 = PLANE ( 'NONE',  #5422 ) ;
#952 = ORIENTED_EDGE ( 'NONE', *, *, #269, .F. ) ;
#953 = ADVANCED_FACE ( 'NONE', ( #3227 ), #75, .T. ) ;
#954 = ADVANCED_FACE ( 'NONE', ( #6312 ), #623, .T. ) ;
#955 = EDGE_LOOP ( 'NONE', ( #501, #6192, #1215, #3059 ) ) ;
#956 = DIRECTION ( 'NONE',  ( -0.000000000000000000, -0.000000000000000000, -1.000000000000000000 ) ) ;
#957 = CARTESIAN_POINT ( 'NONE',  ( 39.93927885292554691, 61.00165726273408495, -16.09999999999999787 ) ) ;
#958 = FACE_OUTER_BOUND ( 'NONE', #923, .T. ) ;
#959 = DIRECTION ( 'NONE',  ( -0.000000000000000000, -0.000000000000000000, -1.000000000000000000 ) ) ;
#960 = CARTESIAN_POINT ( 'NONE',  ( 51.51801764446660314, 61.55578577668671869, -16.09999999999999787 ) ) ;
#961 = AXIS2_PLACEMENT_3D ( 'NONE', #5906, #5226, #557 ) ;
#962 = LINE ( 'NONE', #6067, #1534 ) ;
#963 = ORIENTED_EDGE ( 'NONE', *, *, #3240, .F. ) ;
#964 = AXIS2_PLACEMENT_3D ( 'NONE', #5127, #457, #6658 ) ;
#965 = CARTESIAN_POINT ( 'NONE',  ( 55.68096407303803375, 48.71538399097242689, 7.500000000000000000 ) ) ;
#966 = ORIENTED_EDGE ( 'NONE', *, *, #5219, .F. ) ;
#967 = LINE ( 'NONE', #1934, #2984 ) ;
#968 = EDGE_LOOP ( 'NONE', ( #1992, #1188, #6483, #5046 ) ) ;
#969 = DIRECTION ( 'NONE',  ( -0.000000000000000000, -0.000000000000000000, -1.000000000000000000 ) ) ;
#970 = VECTOR ( 'NONE', #3591, 1000.000000000000000 ) ;
#971 = VECTOR ( 'NONE', #2918, 1000.000000000000000 ) ;
#972 = CARTESIAN_POINT ( 'NONE',  ( 38.64280904264997929, 46.89909439226634191, -14.09999999999998721 ) ) ;
#973 = PLANE ( 'NONE',  #6740 ) ;
#974 = CIRCLE ( 'NONE', #4891, 52.95827939944611984 ) ;
#975 = CARTESIAN_POINT ( 'NONE',  ( 51.05706055643108954, 60.93504932140729125, -16.10000000000000142 ) ) ;
#976 = ORIENTED_EDGE ( 'NONE', *, *, #4900, .F. ) ;
#977 = EDGE_CURVE ( 'NONE', #246, #5817, #114, .T. ) ;
#978 = CARTESIAN_POINT ( 'NONE',  ( 57.69826318018088784, 61.09261613382957989, -14.09999999999997655 ) ) ;
#979 = DIRECTION ( 'NONE',  ( -1.000000000000000000, 0.000000000000000000, -0.000000000000000000 ) ) ;
#980 = ORIENTED_EDGE ( 'NONE', *, *, #1599, .T. ) ;
#981 = VECTOR ( 'NONE', #2779, 1000.000000000000000 ) ;
#982 = DIRECTION ( 'NONE',  ( 0.000000000000000000, -1.000000000000000000, 0.000000000000000000 ) ) ;
#983 = DIRECTION ( 'NONE',  ( -0.7105900021676228029, 0.7036063166426363980, 0.000000000000000000 ) ) ;
#984 = ADVANCED_FACE ( 'NONE', ( #3774 ), #3847, .T. ) ;
#985 = FACE_OUTER_BOUND ( 'NONE', #438, .T. ) ;
#986 = ORIENTED_EDGE ( 'NONE', *, *, #2374, .T. ) ;
#987 = ORIENTED_EDGE ( 'NONE', *, *, #1025, .T. ) ;
#988 = CARTESIAN_POINT ( 'NONE',  ( 43.88296433897939153, 46.99529982635592518, -14.09999999999997655 ) ) ;
#989 = CARTESIAN_POINT ( 'NONE',  ( 33.10562925160946435, 46.66739291954386459, 7.499999999999996447 ) ) ;
#990 = EDGE_CURVE ( 'NONE', #1072, #3103, #5938, .T. ) ;
#991 = DIRECTION ( 'NONE',  ( 0.000000000000000000, -0.000000000000000000, -1.000000000000000000 ) ) ;
#992 = EDGE_CURVE ( 'NONE', #398, #2661, #4590, .T. ) ;
#993 = CARTESIAN_POINT ( 'NONE',  ( 51.95328550160945724, 60.36995988382957279, 7.500000000000000000 ) ) ;
#994 = CARTESIAN_POINT ( 'NONE',  ( 39.94156675160945724, 60.96147774097243399, -16.09999999999999787 ) ) ;
#995 = ORIENTED_EDGE ( 'NONE', *, *, #6681, .T. ) ;
#996 = CARTESIAN_POINT ( 'NONE',  ( 26.38534433418051250, 61.50104826110218426, -16.09999999999999432 ) ) ;
#997 = ORIENTED_EDGE ( 'NONE', *, *, #5935, .F. ) ;
#998 = CARTESIAN_POINT ( 'NONE',  ( 70.07544723458038050, 61.16501008368893366, -16.10000000000000142 ) ) ;
#999 = ORIENTED_EDGE ( 'NONE', *, *, #3662, .T. ) ;
#1000 = CARTESIAN_POINT ( 'NONE',  ( 63.44324085875231845, 58.17687952668671869, 7.500000000000000000 ) ) ;
#1001 = VECTOR ( 'NONE', #3915, 1000.000000000000000 ) ;
#1002 = ORIENTED_EDGE ( 'NONE', *, *, #2689, .F. ) ;
#1003 = CARTESIAN_POINT ( 'NONE',  ( 38.82503896167033730, 46.72810106426538823, -16.09999999999999787 ) ) ;
#1004 = B_SPLINE_SURFACE_WITH_KNOTS ( 'NONE', 3, 1, ( 
 ( #4061, #3519 ),
 ( #5137, #6124 ),
 ( #2052, #3551 ),
 ( #2562, #5643 ),
 ( #947, #1535 ) ),
 .UNSPECIFIED., .F., .F., .F.,
 ( 4, 1, 4 ),
 ( 2, 2 ),
 ( 0.000000000000000000, 0.5842061712145215635, 1.000000000000000000 ),
 ( 0.000000000000000000, 1.000000000000000000 ),
 .UNSPECIFIED. ) ;
#1005 = CARTESIAN_POINT ( 'NONE',  ( 38.82503896167033730, 46.72810106426538823, -14.09999999999999432 ) ) ;
#1006 = AXIS2_PLACEMENT_3D ( 'NONE', #1000, #1030, #3092 ) ;
#1007 = FACE_OUTER_BOUND ( 'NONE', #1688, .T. ) ;
#1008 = CARTESIAN_POINT ( 'NONE',  ( 48.39580782303802664, 61.27397774097242689, -14.09999999999998010 ) ) ;
#1009 = ORIENTED_EDGE ( 'NONE', *, *, #2630, .T. ) ;
#1010 = CARTESIAN_POINT ( 'NONE',  ( 57.67154155373301450, 60.76551674293570215, 7.500000000000000000 ) ) ;
#1011 = LOCAL_TIME ( 21, 33, 21.00000000000000000, #6429 ) ;
#1012 = PLANE ( 'NONE',  #1859 ) ;
#1013 = EDGE_LOOP ( 'NONE', ( #1214, #3940, #4019, #102 ) ) ;
#1014 = DIRECTION ( 'NONE',  ( -0.000000000000000000, -0.000000000000000000, 1.000000000000000000 ) ) ;
#1015 = DIRECTION ( 'NONE',  ( 0.8956342319834457166, -0.4447913246674480847, 0.000000000000000000 ) ) ;
#1016 = ORIENTED_EDGE ( 'NONE', *, *, #6650, .F. ) ;
#1017 = LINE ( 'NONE', #2565, #5953 ) ;
#1018 = ORIENTED_EDGE ( 'NONE', *, *, #5229, .T. ) ;
#1019 = VERTEX_POINT ( 'NONE', #1284 ) ;
#1020 = EDGE_CURVE ( 'NONE', #1675, #4068, #3530, .T. ) ;
#1021 = DIRECTION ( 'NONE',  ( -0.9521008431123272331, -0.3057842123864404349, 0.000000000000000000 ) ) ;
#1022 = CARTESIAN_POINT ( 'NONE',  ( 39.61791245057145261, 60.44729077854557886, -14.09999999999997300 ) ) ;
#1023 = CARTESIAN_POINT ( 'NONE',  ( 32.56634556104485512, 46.58522341502117570, -16.09999999999998366 ) ) ;
#1024 = CARTESIAN_POINT ( 'NONE',  ( 35.31266050160945724, 61.13725899097242689, -14.09999999999998721 ) ) ;
#1025 = EDGE_CURVE ( 'NONE', #124, #4192, #448, .T. ) ;
#1026 = EDGE_CURVE ( 'NONE', #3317, #6604, #3695, .T. ) ;
#1027 = CARTESIAN_POINT ( 'NONE',  ( 62.30211262734024302, 61.56772021035151710, -16.09999999999999787 ) ) ;
#1028 = ORIENTED_EDGE ( 'NONE', *, *, #3880, .F. ) ;
#1029 = CARTESIAN_POINT ( 'NONE',  ( 53.37069621589517254, 59.80076345525814219, -14.09999999999998721 ) ) ;
#1030 = DIRECTION ( 'NONE',  ( -0.8866250694417756595, 0.4624889039072900832, 0.000000000000000000 ) ) ;
#1031 = VERTEX_POINT ( 'NONE', #3562 ) ;
#1032 = CARTESIAN_POINT ( 'NONE',  ( 26.03810693018088784, 61.05355363382957279, -14.09999999999998366 ) ) ;
#1033 = EDGE_CURVE ( 'NONE', #364, #4483, #5080, .T. ) ;
#1034 = EDGE_CURVE ( 'NONE', #5598, #2648, #3943, .T. ) ;
#1035 = CARTESIAN_POINT ( 'NONE',  ( 52.99842878151299885, 53.00157121848699404, -6.099999999999997868 ) ) ;
#1036 = CARTESIAN_POINT ( 'NONE',  ( 51.12181228732374194, 61.21817416954385749, -14.09999999999998010 ) ) ;
#1037 = CARTESIAN_POINT ( 'NONE',  ( 48.44953043147427252, 61.04761095196477783, -14.09999999999999076 ) ) ;
#1038 = VERTEX_POINT ( 'NONE', #4890 ) ;
#1039 = VERTEX_POINT ( 'NONE', #254 ) ;
#1040 = CARTESIAN_POINT ( 'NONE',  ( -0.4282560245618691752, 61.30179094441800913, -14.09999999999999432 ) ) ;
#1041 = DIRECTION ( 'NONE',  ( -0.000000000000000000, -0.000000000000000000, -1.000000000000000000 ) ) ;
#1042 = CARTESIAN_POINT ( 'NONE',  ( -0.2404649915327165544, 61.35292498248062998, -14.09999999999999432 ) ) ;
#1043 = CARTESIAN_POINT ( 'NONE',  ( 105.9601459312399925, 53.03888764915900111, -6.099999999999997868 ) ) ;
#1044 = VERTEX_POINT ( 'NONE', #6163 ) ;
#1045 = CARTESIAN_POINT ( 'NONE',  ( 57.69826318018088784, 61.09261613382957989, -14.09999999999997655 ) ) ;
#1046 = ORIENTED_EDGE ( 'NONE', *, *, #6254, .T. ) ;
#1047 = VERTEX_POINT ( 'NONE', #808 ) ;
#1048 = CARTESIAN_POINT ( 'NONE',  ( 43.76663039720063608, 46.74480227728888337, -14.09999999999996945 ) ) ;
#1049 = CARTESIAN_POINT ( 'NONE',  ( 69.81961666078319695, 12.00024661357213063, -14.09999999999999432 ) ) ;
#1050 = B_SPLINE_SURFACE_WITH_KNOTS ( 'NONE', 3, 1, ( 
 ( #813, #4963 ),
 ( #5379, #2799 ),
 ( #4862, #5410 ),
 ( #324, #4392 ),
 ( #2323, #2932 ),
 ( #739, #1259 ),
 ( #6420, #1811 ),
 ( #222, #4931 ),
 ( #186, #3441 ),
 ( #2389, #1774 ),
 ( #4457, #3344 ) ),
 .UNSPECIFIED., .F., .F., .F.,
 ( 4, 1, 1, 1, 1, 1, 1, 1, 4 ),
 ( 2, 2 ),
 ( 0.000000000000000000, 0.1180855959615057238, 0.2231661953483775052, 0.3259856753779957206, 0.4316723508451211777, 0.5489547079495787907, 0.6790829042109726155, 0.8303305784360541786, 1.000000000000000000 ),
 ( 0.000000000000000000, 1.000000000000000000 ),
 .UNSPECIFIED. ) ;
#1051 = CARTESIAN_POINT ( 'NONE',  ( 62.65641050160945724, 61.32420095525814929, -14.09999999999998010 ) ) ;
#1052 = ADVANCED_FACE ( 'NONE', ( #4926 ), #770, .T. ) ;
#1053 = CARTESIAN_POINT ( 'NONE',  ( 57.56468058945135624, 61.39504321537589249, -14.09999999999999076 ) ) ;
#1054 = CARTESIAN_POINT ( 'NONE',  ( 38.57287158734785493, 47.10109782041629245, -16.09999999999999432 ) ) ;
#1055 = LINE ( 'NONE', #544, #3157 ) ;
#1056 = DIRECTION ( 'NONE',  ( -0.000000000000000000, -0.000000000000000000, -1.000000000000000000 ) ) ;
#1057 = ORIENTED_EDGE ( 'NONE', *, *, #6147, .T. ) ;
#1058 = LINE ( 'NONE', #6260, #2332 ) ;
#1059 = ADVANCED_FACE ( 'NONE', ( #2899 ), #892, .T. ) ;
#1060 = ORIENTED_EDGE ( 'NONE', *, *, #568, .F. ) ;
#1061 = CARTESIAN_POINT ( 'NONE',  ( 51.05484800160946435, 60.98379916954385749, -14.09999999999998010 ) ) ;
#1062 = AXIS2_PLACEMENT_3D ( 'NONE', #3266, #181, #4753 ) ;
#1063 = VECTOR ( 'NONE', #3010, 1000.000000000000000 ) ;
#1064 = B_SPLINE_CURVE_WITH_KNOTS ( 'NONE', 3,
 ( #209, #4477, #5999, #3498, #5496, #2819, #6541, #1351, #829, #2446, #1898 ),
 .UNSPECIFIED., .F., .F.,
 ( 4, 1, 1, 1, 1, 1, 1, 1, 4 ),
 ( 0.000000000000000000, 0.1171352775343414421, 0.2296576105009041635, 0.3424737785816066582, 0.4602354524407369918, 0.5835213642188772365, 0.7108870943938837561, 0.8477205157608099784, 1.000000000000000000 ),
 .UNSPECIFIED. ) ;
#1065 = LINE ( 'NONE', #6723, #6288 ) ;
#1066 = ORIENTED_EDGE ( 'NONE', *, *, #6033, .T. ) ;
#1067 = LINE ( 'NONE', #5222, #2523 ) ;
#1068 = FACE_BOUND ( 'NONE', #2164, .T. ) ;
#1069 = ORIENTED_EDGE ( 'NONE', *, *, #19, .F. ) ;
#1070 = EDGE_CURVE ( 'NONE', #930, #4796, #1840, .T. ) ;
#1071 = ADVANCED_FACE ( 'NONE', ( #1637 ), #2053, .T. ) ;
#1072 = VERTEX_POINT ( 'NONE', #4139 ) ;
#1073 = VECTOR ( 'NONE', #3966, 1000.000000000000000 ) ;
#1074 = CARTESIAN_POINT ( 'NONE',  ( 73.28978103732373484, 49.86214738382957279, -16.09999999999999787 ) ) ;
#1075 = LINE ( 'NONE', #6669, #88 ) ;
#1076 = CARTESIAN_POINT ( 'NONE',  ( 57.67154155373301450, 60.76551674293570215, -16.09999999999999787 ) ) ;
#1077 = CIRCLE ( 'NONE', #3151, 52.95827939944611984 ) ;
#1078 = CARTESIAN_POINT ( 'NONE',  ( 74.12202644789633155, 46.77561710835419717, -14.09999999999998366 ) ) ;
#1079 = AXIS2_PLACEMENT_3D ( 'NONE', #4695, #18, #6281 ) ;
#1080 = VERTEX_POINT ( 'NONE', #2198 ) ;
#1081 = ADVANCED_FACE ( 'NONE', ( #1572 ), #5275, .T. ) ;
#1082 = LINE ( 'NONE', #2123, #4763 ) ;
#1083 = VERTEX_POINT ( 'NONE', #94 ) ;
#1084 = AXIS2_PLACEMENT_3D ( 'NONE', #2102, #2133, #2670 ) ;
#1085 = EDGE_LOOP ( 'NONE', ( #3090, #3753, #4251, #2009, #1495, #2121, #236, #4334, #1310, #6175, #2035, #1386, #1714, #1119, #5333, #4497, #6128, #4645, #3617, #4078, #1498, #6056, #3195, #15, #682, #2593, #2816, #4842, #567, #5323, #2209, #1592, #5473, #6676, #1740, #3717, #6570, #3159, #5763, #6385, #4396, #2910, #723, #216, #5342, #720, #6064, #3907 ) ) ;
#1086 = CARTESIAN_POINT ( 'NONE',  ( 28.09167835875231489, 59.95980363382957989, -16.09999999999999787 ) ) ;
#1087 = CIRCLE ( 'NONE', #4682, 2.960456600711792952 ) ;
#1088 = CARTESIAN_POINT ( 'NONE',  ( 38.22457925587903560, 60.20839870030847862, -14.09999999999996945 ) ) ;
#1089 = DIRECTION ( 'NONE',  ( 0.9855488907597533821, 0.1693912155993329005, -0.000000000000000000 ) ) ;
#1090 = LINE ( 'NONE', #4226, #5650 ) ;
#1091 = CARTESIAN_POINT ( 'NONE',  ( 48.11139894770033720, 61.54218813148447254, -14.09999999999998721 ) ) ;
#1092 = CARTESIAN_POINT ( 'NONE',  ( 63.89524978732374905, 49.68915631240100339, 7.500000000000000000 ) ) ;
#1093 = CARTESIAN_POINT ( 'NONE',  ( 48.37757167326935814, 61.31179960689747332, -16.09999999999999076 ) ) ;
#1094 = ORIENTED_EDGE ( 'NONE', *, *, #1336, .F. ) ;
#1095 = CARTESIAN_POINT ( 'NONE',  ( 26.85362864658967652, 60.37344443850036413, -14.09999999999997300 ) ) ;
#1096 = DIRECTION ( 'NONE',  ( 0.7114986210375731090, 0.7026874926036693614, 0.000000000000000000 ) ) ;
#1097 = VERTEX_POINT ( 'NONE', #1024 ) ;
#1098 = DIRECTION ( 'NONE',  ( 0.8956342319834458277, -0.4447913246674480847, 0.000000000000000000 ) ) ;
#1099 = ADVANCED_FACE ( 'NONE', ( #507 ), #542, .T. ) ;
#1100 = CARTESIAN_POINT ( 'NONE',  ( 72.51411139446661025, 59.38223666954386459, -16.09999999999999787 ) ) ;
#1101 = ORIENTED_EDGE ( 'NONE', *, *, #2160, .F. ) ;
#1102 = CARTESIAN_POINT ( 'NONE',  ( 74.74067389446662446, 46.57531702668672580, -16.10000000000000142 ) ) ;
#1103 = ORIENTED_EDGE ( 'NONE', *, *, #4088, .F. ) ;
#1104 = AXIS2_PLACEMENT_3D ( 'NONE', #2197, #5205, #3174 ) ;
#1105 = PLANE ( 'NONE',  #238 ) ;
#1106 = EDGE_LOOP ( 'NONE', ( #730, #2150, #1632, #5267 ) ) ;
#1107 = ORIENTED_EDGE ( 'NONE', *, *, #1569, .T. ) ;
#1108 = CARTESIAN_POINT ( 'NONE',  ( 105.9601459312399925, 53.03888764915900111, -16.09999999999999787 ) ) ;
#1109 = CARTESIAN_POINT ( 'NONE',  ( 52.53922300160945724, 47.82531702668671159, -16.09999999999999787 ) ) ;
#1110 = AXIS2_PLACEMENT_3D ( 'NONE', #2557, #6119, #1464 ) ;
#1111 = ADVANCED_FACE ( 'NONE', ( #2571 ), #6199, .T. ) ;
#1112 = DIRECTION ( 'NONE',  ( 0.6935383637797361001, -0.7204196957091931752, 0.000000000000000000 ) ) ;
#1113 = EDGE_CURVE ( 'NONE', #1924, #2260, #1165, .T. ) ;
#1114 = CARTESIAN_POINT ( 'NONE',  ( 74.09056228732374905, 46.81248220525814929, -14.09999999999998010 ) ) ;
#1115 = UNCERTAINTY_MEASURE_WITH_UNIT (LENGTH_MEASURE( 1.000000000000000082E-05 ), #2664, 'distance_accuracy_value', 'NONE');
#1116 = ORGANIZATION ( '未指定', '未指定', '' ) ;
#1117 = CARTESIAN_POINT ( 'NONE',  ( 70.50239264446659604, 58.85489291954386459, -16.09999999999999787 ) ) ;
#1118 = ORIENTED_EDGE ( 'NONE', *, *, #6330, .F. ) ;
#1119 = ORIENTED_EDGE ( 'NONE', *, *, #4907, .T. ) ;
#1120 = DIRECTION ( 'NONE',  ( 0.7050660816924828600, 0.7091416081762579315, 0.000000000000000000 ) ) ;
#1121 = ADVANCED_FACE ( 'NONE', ( #4732 ), #3025, .T. ) ;
#1122 = CARTESIAN_POINT ( 'NONE',  ( 39.88855335875231134, 60.71036166954386459, -14.09999999999997655 ) ) ;
#1123 = CARTESIAN_POINT ( 'NONE',  ( 32.05139854595269355, 46.89605398170554196, -14.09999999999996945 ) ) ;
#1124 = CARTESIAN_POINT ( 'NONE',  ( 57.59585381358657230, 60.61517154432095111, -14.09999999999996945 ) ) ;
#1125 = CARTESIAN_POINT ( 'NONE',  ( 30.99365341198607737, 61.54218813148451517, -14.10000000000000142 ) ) ;
#1126 = CARTESIAN_POINT ( 'NONE',  ( 39.37596511235662433, 47.70710348875853413, -14.09999999999996589 ) ) ;
#1127 = LINE ( 'NONE', #3688, #767 ) ;
#1128 = VERTEX_POINT ( 'NONE', #3139 ) ;
#1129 = DIRECTION ( 'NONE',  ( 0.000000000000000000, 0.000000000000000000, -1.000000000000000000 ) ) ;
#1130 = ORIENTED_EDGE ( 'NONE', *, *, #990, .F. ) ;
#1131 = VERTEX_POINT ( 'NONE', #5748 ) ;
#1132 = DIRECTION ( 'NONE',  ( 0.3162277660168379412, 0.9486832980505138790, -0.000000000000000000 ) ) ;
#1133 = LINE ( 'NONE', #4245, #2512 ) ;
#1134 = ORIENTED_EDGE ( 'NONE', *, *, #2255, .T. ) ;
#1135 = CARTESIAN_POINT ( 'NONE',  ( 52.00087584805926610, 46.69387352576109151, -14.09999999999998366 ) ) ;
#1136 = ORIENTED_EDGE ( 'NONE', *, *, #5577, .F. ) ;
#1137 = DIRECTION ( 'NONE',  ( -1.000000000000000000, 0.000000000000000000, -0.000000000000000000 ) ) ;
#1138 = ORIENTED_EDGE ( 'NONE', *, *, #4662, .F. ) ;
#1139 = ORIENTED_EDGE ( 'NONE', *, *, #1971, .F. ) ;
#1140 = CARTESIAN_POINT ( 'NONE',  ( 62.84423064905504930, 56.41873604018581290, -14.09999999999998721 ) ) ;
#1141 = EDGE_CURVE ( 'NONE', #3262, #6168, #1090, .T. ) ;
#1142 = B_SPLINE_CURVE_WITH_KNOTS ( 'NONE', 3,
 ( #2654, #4257, #5230, #2765, #528 ),
 .UNSPECIFIED., .F., .F.,
 ( 4, 1, 4 ),
 ( 0.000000000000000000, 0.6097165098524741644, 0.9999999999999998890 ),
 .UNSPECIFIED. ) ;
#1143 = CARTESIAN_POINT ( 'NONE',  ( 62.12285926261790792, 56.79361592825555505, -14.09999999999997655 ) ) ;
#1144 = CARTESIAN_POINT ( 'NONE',  ( 43.12795068018089495, 61.05355363382957989, -14.09999999999997300 ) ) ;
#1145 = CARTESIAN_POINT ( 'NONE',  ( 33.10562925160946435, 46.66739291954386459, -14.09999999999998721 ) ) ;
#1146 = CARTESIAN_POINT ( 'NONE',  ( 43.51771979265841139, 47.67311908094514905, -14.09999999999996589 ) ) ;
#1147 = ORIENTED_EDGE ( 'NONE', *, *, #5715, .F. ) ;
#1148 = EDGE_CURVE ( 'NONE', #251, #4250, #2632, .T. ) ;
#1149 = DIRECTION ( 'NONE',  ( 0.9504448598378766322, -0.3108931784516331120, 0.000000000000000000 ) ) ;
#1150 = ORIENTED_EDGE ( 'NONE', *, *, #4074, .T. ) ;
#1151 = EDGE_LOOP ( 'NONE', ( #1204, #521, #5042, #3743 ) ) ;
#1152 = CARTESIAN_POINT ( 'NONE',  ( 73.54987347029235423, 51.54394516301835694, -16.09999999999999787 ) ) ;
#1153 = CARTESIAN_POINT ( 'NONE',  ( 68.79201318018088784, 61.57531702668671869, -16.09999999999999076 ) ) ;
#1154 = CARTESIAN_POINT ( 'NONE',  ( 32.01745960875231845, 46.94641077668671869, -14.09999999999996589 ) ) ;
#1155 = ADVANCED_FACE ( 'NONE', ( #3861 ), #4401, .T. ) ;
#1156 = CARTESIAN_POINT ( 'NONE',  ( 52.13891701802830880, 105.9528752296086651, -6.099999999999997868 ) ) ;
#1157 = EDGE_CURVE ( 'NONE', #4483, #3056, #1674, .T. ) ;
#1158 = ORIENTED_EDGE ( 'NONE', *, *, #4088, .T. ) ;
#1159 = DIRECTION ( 'NONE',  ( 1.000000000000000000, -0.000000000000000000, 0.000000000000000000 ) ) ;
#1160 = CARTESIAN_POINT ( 'NONE',  ( 43.89268869699334630, 47.10088105874139330, -14.09999999999998366 ) ) ;
#1161 = PLANE ( 'NONE',  #4256 ) ;
#1162 = EDGE_LOOP ( 'NONE', ( #5518, #3676, #3957, #612, #2381, #1702, #3984, #1780, #1060, #4464, #1682, #6095, #5651, #1987, #449, #2859, #997, #3705, #898, #4885, #765, #4262, #6384, #3517, #3898, #1681, #1619, #5271, #1519, #6372, #1293, #741, #4535, #6412, #869, #2095, #2784, #383, #6205, #433, #5517, #6537, #6240, #5994, #1138, #6014, #4580, #499, #1894, #349, #4617, #5767, #4950 ) ) ;
#1163 = DIRECTION ( 'NONE',  ( 0.7026874926036693614, -0.7114986210375731090, 0.000000000000000000 ) ) ;
#1164 = VERTEX_POINT ( 'NONE', #3828 ) ;
#1165 = B_SPLINE_CURVE_WITH_KNOTS ( 'NONE', 3,
 ( #3653, #4197, #2666, #6747, #994 ),
 .UNSPECIFIED., .F., .F.,
 ( 4, 1, 4 ),
 ( 0.000000000000000000, 0.5842061712145215635, 1.000000000000000000 ),
 .UNSPECIFIED. ) ;
#1166 = VERTEX_POINT ( 'NONE', #6358 ) ;
#1167 = CARTESIAN_POINT ( 'NONE',  ( 57.67154155378376856, 60.76551674290719518, -16.09999999999999432 ) ) ;
#1168 = CARTESIAN_POINT ( 'NONE',  ( 63.44324085875231845, 56.90734827668671869, -14.09999999999997655 ) ) ;
#1169 = ORIENTED_EDGE ( 'NONE', *, *, #5639, .F. ) ;
#1170 = DIRECTION ( 'NONE',  ( -0.000000000000000000, -0.000000000000000000, 1.000000000000000000 ) ) ;
#1171 = EDGE_LOOP ( 'NONE', ( #2502, #4373, #2718, #4834 ) ) ;
#1172 = DIRECTION ( 'NONE',  ( 1.000000000000000000, -0.000000000000000000, 0.000000000000000000 ) ) ;
#1173 = VERTEX_POINT ( 'NONE', #1197 ) ;
#1174 = ORIENTED_EDGE ( 'NONE', *, *, #2702, .T. ) ;
#1175 = CARTESIAN_POINT ( 'NONE',  ( 62.86567389446659604, 56.41627684811528809, -14.09999999999998010 ) ) ;
#1176 = CARTESIAN_POINT ( 'NONE',  ( 52.53922300160945724, 47.82531702668671159, -16.09999999999999787 ) ) ;
#1177 = CARTESIAN_POINT ( 'NONE',  ( 43.94347239658969073, 60.37344443850036413, -14.09999999999998721 ) ) ;
#1178 = AXIS2_PLACEMENT_3D ( 'NONE', #4048, #3, #3605 ) ;
#1179 = DIRECTION ( 'NONE',  ( -1.000000000000000000, 0.000000000000000000, 0.000000000000000000 ) ) ;
#1180 = CARTESIAN_POINT ( 'NONE',  ( 0.000000000000000000, 47.82531702668671159, -14.09999999999999432 ) ) ;
#1181 = CARTESIAN_POINT ( 'NONE',  ( 33.10562925160946435, 46.66739291954386459, -16.10000000000000142 ) ) ;
#1182 = LINE ( 'NONE', #5735, #4897 ) ;
#1183 = EDGE_CURVE ( 'NONE', #3924, #5598, #163, .T. ) ;
#1184 = VECTOR ( 'NONE', #171, 1000.000000000000000 ) ;
#1185 = ORIENTED_EDGE ( 'NONE', *, *, #278, .T. ) ;
#1186 = VECTOR ( 'NONE', #816, 1000.000000000000000 ) ;
#1187 = DIRECTION ( 'NONE',  ( 0.1510758749634225628, 0.9885221697079110692, 0.000000000000000000 ) ) ;
#1188 = ORIENTED_EDGE ( 'NONE', *, *, #2659, .T. ) ;
#1189 = CIRCLE ( 'NONE', #2401, 52.95827939944611984 ) ;
#1190 = ORIENTED_EDGE ( 'NONE', *, *, #1193, .T. ) ;
#1191 = VECTOR ( 'NONE', #4752, 1000.000000000000114 ) ;
#1192 = CARTESIAN_POINT ( 'NONE',  ( 57.03978103732374194, 61.57531702668671869, -16.09999999999999787 ) ) ;
#1193 = EDGE_CURVE ( 'NONE', #5502, #5529, #1706, .T. ) ;
#1194 = LINE ( 'NONE', #5880, #896 ) ;
#1195 = AXIS2_PLACEMENT_3D ( 'NONE', #3376, #6555, #2360 ) ;
#1196 = COORDINATED_UNIVERSAL_TIME_OFFSET ( 8, 0, .AHEAD. ) ;
#1197 = CARTESIAN_POINT ( 'NONE',  ( 63.44324085875231845, 58.17687952668671869, -16.09999999999999787 ) ) ;
#1198 = PLANE ( 'NONE',  #2507 ) ;
#1199 = VECTOR ( 'NONE', #686, 1000.000000000000114 ) ;
#1200 = EDGE_CURVE ( 'NONE', #4813, #673, #3757, .T. ) ;
#1201 = CARTESIAN_POINT ( 'NONE',  ( 39.28092902679153298, 60.37363250693206851, -14.09999999999998721 ) ) ;
#1202 = EDGE_CURVE ( 'NONE', #155, #2691, #5920, .T. ) ;
#1203 = LINE ( 'NONE', #4945, #323 ) ;
#1204 = ORIENTED_EDGE ( 'NONE', *, *, #2657, .T. ) ;
#1205 = DIRECTION ( 'NONE',  ( -0.000000000000000000, -0.000000000000000000, -1.000000000000000000 ) ) ;
#1206 = ORIENTED_EDGE ( 'NONE', *, *, #5229, .F. ) ;
#1207 = DIRECTION ( 'NONE',  ( -0.7123933378326325894, 0.7017804017010452755, 0.000000000000000000 ) ) ;
#1208 = CARTESIAN_POINT ( 'NONE',  ( 53.01076318018088784, 60.17464738382957989, 7.500000000000000000 ) ) ;
#1209 = EDGE_LOOP ( 'NONE', ( #313, #5740 ) ) ;
#1210 = EDGE_CURVE ( 'NONE', #5106, #1924, #25, .T. ) ;
#1211 = CARTESIAN_POINT ( 'NONE',  ( 31.25982613755506989, 61.31179960689748043, -14.09999999999997655 ) ) ;
#1212 = VERTEX_POINT ( 'NONE', #1820 ) ;
#1213 = LINE ( 'NONE', #4211, #3084 ) ;
#1214 = ORIENTED_EDGE ( 'NONE', *, *, #5029, .T. ) ;
#1215 = ORIENTED_EDGE ( 'NONE', *, *, #2842, .F. ) ;
#1216 = DIRECTION ( 'NONE',  ( -0.000000000000000000, -0.000000000000000000, -1.000000000000000000 ) ) ;
#1217 = CARTESIAN_POINT ( 'NONE',  ( 53.03888764915900111, 105.9601459312399925, -6.099999999999997868 ) ) ;
#1218 = DIRECTION ( 'NONE',  ( 0.000000000000000000, 1.000000000000000000, 0.000000000000000000 ) ) ;
#1219 = LINE ( 'NONE', #4422, #2838 ) ;
#1220 = CC_DESIGN_DATE_AND_TIME_ASSIGNMENT ( #1363, #3986, ( #3961 ) ) ;
#1221 = LINE ( 'NONE', #2867, #232 ) ;
#1222 = CARTESIAN_POINT ( 'NONE',  ( 26.30882067721539030, 60.53158347776597026, -16.09999999999998721 ) ) ;
#1223 = CARTESIAN_POINT ( 'NONE',  ( 43.51771979265841139, 47.67311908094514905, -16.09999999999998366 ) ) ;
#1224 = VERTEX_POINT ( 'NONE', #6430 ) ;
#1225 = CARTESIAN_POINT ( 'NONE',  ( 68.15027210875230423, 47.82531702668671159, 7.500000000000000000 ) ) ;
#1226 = AXIS2_PLACEMENT_3D ( 'NONE', #5273, #2596, #5147 ) ;
#1227 = EDGE_LOOP ( 'NONE', ( #5785, #621, #2644, #1403, #5533, #4592, #486, #406, #826, #1557, #2410, #2345, #5968, #3098, #1804, #2728, #3610, #3223, #2259, #1646, #1679, #43, #189, #4790, #3406, #3737, #3117, #5738, #1028, #3546, #6284, #2057, #2115, #5155, #5613, #5256, #2125, #5820, #3988 ) ) ;
#1228 = ORIENTED_EDGE ( 'NONE', *, *, #2610, .T. ) ;
#1229 = CARTESIAN_POINT ( 'NONE',  ( 57.68528827485359045, 61.13452409587087288, -14.09999999999998721 ) ) ;
#1230 = VECTOR ( 'NONE', #2237, 1000.000000000000114 ) ;
#1231 = DIRECTION ( 'NONE',  ( -1.000000000000000000, 0.000000000000000000, 0.000000000000000000 ) ) ;
#1232 = DATE_AND_TIME ( #5881, #4710 ) ;
#1233 = CARTESIAN_POINT ( 'NONE',  ( 56.85207080986886297, 60.38149582604587096, -16.10000000000000142 ) ) ;
#1234 = EDGE_CURVE ( 'NONE', #1083, #1994, #5152, .T. ) ;
#1235 = AXIS2_PLACEMENT_3D ( 'NONE', #2736, #1089, #5175 ) ;
#1236 = CARTESIAN_POINT ( 'NONE',  ( 38.72504889446660314, 61.57531702668671869, -14.09999999999998721 ) ) ;
#1237 = CARTESIAN_POINT ( 'NONE',  ( 43.89524978732374194, 47.05243756240100339, -14.09999999999998010 ) ) ;
#1238 = DIRECTION ( 'NONE',  ( -0.1666794849554069369, 0.9860111304113154951, 0.000000000000000000 ) ) ;
#1239 = ORIENTED_EDGE ( 'NONE', *, *, #191, .T. ) ;
#1240 = DIRECTION ( 'NONE',  ( -0.000000000000000000, -0.000000000000000000, -1.000000000000000000 ) ) ;
#1241 = ADVANCED_FACE ( 'NONE', ( #1748 ), #5387, .T. ) ;
#1242 = ORIENTED_EDGE ( 'NONE', *, *, #6606, .F. ) ;
#1243 = CARTESIAN_POINT ( 'NONE',  ( 42.75964710875231845, 47.70812952668671869, -14.09999999999998721 ) ) ;
#1244 = ADVANCED_FACE ( 'NONE', ( #2810 ), #6594, .T. ) ;
#1245 = CARTESIAN_POINT ( 'NONE',  ( 74.89863483874943029, 46.58326859107489071, -14.09999999999997655 ) ) ;
#1246 = CARTESIAN_POINT ( 'NONE',  ( 74.27326732376575080, 51.64907491628551384, -16.10000000000000142 ) ) ;
#1247 = CARTESIAN_POINT ( 'NONE',  ( 72.63906909313904237, 58.77306583829738429, -16.10000000000000142 ) ) ;
#1248 = CARTESIAN_POINT ( 'NONE',  ( 48.44882121589517254, 48.93022774097242689, -14.09999999999997300 ) ) ;
#1249 = ORIENTED_EDGE ( 'NONE', *, *, #511, .T. ) ;
#1250 = ORIENTED_EDGE ( 'NONE', *, *, #4255, .F. ) ;
#1251 = CARTESIAN_POINT ( 'NONE',  ( 62.45424611635610290, 56.52035997525705113, -14.09999999999998721 ) ) ;
#1252 = EDGE_CURVE ( 'NONE', #3445, #5498, #3391, .T. ) ;
#1253 = FACE_OUTER_BOUND ( 'NONE', #3459, .T. ) ;
#1254 = CARTESIAN_POINT ( 'NONE',  ( 77.01936097839599427, 41.35834178565932007, -14.09999999999999432 ) ) ;
#1255 = EDGE_CURVE ( 'NONE', #6657, #5915, #1418, .T. ) ;
#1256 = DIRECTION ( 'NONE',  ( -1.000000000000000000, 0.000000000000000000, 0.000000000000000000 ) ) ;
#1257 = DIRECTION ( 'NONE',  ( 0.7050660816924828600, 0.7091416081762579315, 0.000000000000000000 ) ) ;
#1258 = PLANE ( 'NONE',  #755 ) ;
#1259 = CARTESIAN_POINT ( 'NONE',  ( 51.27882621528475937, 60.51579908536656660, -16.09999999999998721 ) ) ;
#1260 = ORIENTED_EDGE ( 'NONE', *, *, #4157, .T. ) ;
#1261 = CARTESIAN_POINT ( 'NONE',  ( 48.17593044605315100, 60.45294197436516725, -14.09999999999998721 ) ) ;
#1262 = ORIENTED_EDGE ( 'NONE', *, *, #6191, .T. ) ;
#1263 = EDGE_LOOP ( 'NONE', ( #4516, #4323, #1870, #4441 ) ) ;
#1264 = CARTESIAN_POINT ( 'NONE',  ( 75.32361710296092383, 47.29140213802463677, -14.09999999999997300 ) ) ;
#1265 = DIRECTION ( 'NONE',  ( 0.000000000000000000, -1.000000000000000000, 0.000000000000000000 ) ) ;
#1266 = CARTESIAN_POINT ( 'NONE',  ( 52.31049714567244280, 60.38090142116218573, -14.09999999999996945 ) ) ;
#1267 = CARTESIAN_POINT ( 'NONE',  ( 29.43933460875231845, 59.99607595525814929, -14.09999999999998010 ) ) ;
#1268 = APPLICATION_CONTEXT ( 'configuration controlled 3d designs of mechanical parts and assemblies' ) ;
#1269 = CARTESIAN_POINT ( 'NONE',  ( 63.69156675160945724, 60.81917863382957279, 7.500000000000000000 ) ) ;
#1270 = ORIENTED_EDGE ( 'NONE', *, *, #6256, .F. ) ;
#1271 = ADVANCED_FACE ( 'NONE', ( #2367 ), #6327, .T. ) ;
#1272 = CARTESIAN_POINT ( 'NONE',  ( 32.04924373242514690, 64.09848746485029380, -14.09999999999999432 ) ) ;
#1273 = CARTESIAN_POINT ( 'NONE',  ( 47.77638818018088784, 60.36995988382957279, -14.09999999999997300 ) ) ;
#1274 = VERTEX_POINT ( 'NONE', #821 ) ;
#1275 = EDGE_LOOP ( 'NONE', ( #4785, #5809, #4030, #4403 ) ) ;
#1276 = CARTESIAN_POINT ( 'NONE',  ( 63.89524978732374905, 49.68915631240100339, -14.09999999999998721 ) ) ;
#1277 = CARTESIAN_POINT ( 'NONE',  ( 49.71835246589517965, 49.49942416954385749, -14.09999999999998721 ) ) ;
#1278 = CARTESIAN_POINT ( 'NONE',  ( 74.14806622864190899, 51.65742118067171873, -16.09999999999999787 ) ) ;
#1279 = CARTESIAN_POINT ( 'NONE',  ( 48.49324951490423530, 48.88166418203935848, -16.09999999999999787 ) ) ;
#1280 = VERTEX_POINT ( 'NONE', #4970 ) ;
#1281 = EDGE_CURVE ( 'NONE', #4604, #6690, #5008, .T. ) ;
#1282 = CARTESIAN_POINT ( 'NONE',  ( 51.05484800160946435, 60.98379916954385749, -16.09999999999999787 ) ) ;
#1283 = VERTEX_POINT ( 'NONE', #333 ) ;
#1284 = CARTESIAN_POINT ( 'NONE',  ( 52.13888764915900964, 105.9601459312399925, -6.099999999999997868 ) ) ;
#1285 = DIRECTION ( 'NONE',  ( -0.000000000000000000, -0.000000000000000000, -1.000000000000000000 ) ) ;
#1286 = FACE_OUTER_BOUND ( 'NONE', #362, .T. ) ;
#1287 = CARTESIAN_POINT ( 'NONE',  ( 30.22058460875231489, 60.36995988382957279, -14.09999999999998721 ) ) ;
#1288 = CARTESIAN_POINT ( 'NONE',  ( 43.60228103732374194, 60.42018309811528809, -14.09999999999998010 ) ) ;
#1289 = PLANE ( 'NONE',  #1195 ) ;
#1290 = ADVANCED_FACE ( 'NONE', ( #404 ), #1402, .T. ) ;
#1291 = EDGE_CURVE ( 'NONE', #4719, #2027, #685, .T. ) ;
#1292 = DIRECTION ( 'NONE',  ( 1.000000000000000000, 0.000000000000000000, 0.000000000000000000 ) ) ;
#1293 = ORIENTED_EDGE ( 'NONE', *, *, #3626, .F. ) ;
#1294 = AXIS2_PLACEMENT_3D ( 'NONE', #5269, #4128, #5648 ) ;
#1295 = CARTESIAN_POINT ( 'NONE',  ( 48.39011253537707091, 60.67670038691746015, -14.09999999999999076 ) ) ;
#1296 = ORIENTED_EDGE ( 'NONE', *, *, #6427, .F. ) ;
#1297 = ORIENTED_EDGE ( 'NONE', *, *, #2623, .T. ) ;
#1298 = CARTESIAN_POINT ( 'NONE',  ( 75.28637767698738514, 46.87742536437777829, -16.09999999999999076 ) ) ;
#1299 = CIRCLE ( 'NONE', #298, 2.956992594712500200 ) ;
#1300 = CIRCLE ( 'NONE', #4228, 51.50000000000000000 ) ;
#1301 = EDGE_CURVE ( 'NONE', #2777, #2814, #2080, .T. ) ;
#1302 = CARTESIAN_POINT ( 'NONE',  ( 31.30317389446660314, 60.73268309811528809, -14.09999999999997655 ) ) ;
#1303 = CARTESIAN_POINT ( 'NONE',  ( 52.34112032303803375, 60.37275006240100339, -16.09999999999999076 ) ) ;
#1304 = DIRECTION ( 'NONE',  ( -1.000000000000000000, 0.000000000000000000, 0.000000000000000000 ) ) ;
#1305 = CIRCLE ( 'NONE', #3588, 52.95827939944611984 ) ;
#1306 = VECTOR ( 'NONE', #2866, 1000.000000000000000 ) ;
#1307 = LINE ( 'NONE', #4910, #3048 ) ;
#1308 = AXIS2_PLACEMENT_3D ( 'NONE', #4529, #5067, #3479 ) ;
#1309 = DIRECTION ( 'NONE',  ( -0.4482205491200541014, 0.8939230052675214422, 0.000000000000000000 ) ) ;
#1310 = ORIENTED_EDGE ( 'NONE', *, *, #946, .T. ) ;
#1311 = VECTOR ( 'NONE', #2258, 1000.000000000000114 ) ;
#1312 = LINE ( 'NONE', #3397, #309 ) ;
#1313 = CARTESIAN_POINT ( 'NONE',  ( 55.99807190171697613, 0.1283123998628843410, -1.599999999999998979 ) ) ;
#1314 = ORIENTED_EDGE ( 'NONE', *, *, #4033, .T. ) ;
#1315 = VERTEX_POINT ( 'NONE', #6499 ) ;
#1316 = LINE ( 'NONE', #3401, #3143 ) ;
#1317 = VECTOR ( 'NONE', #4427, 1000.000000000000000 ) ;
#1318 = LINE ( 'NONE', #2312, #427 ) ;
#1319 = VERTEX_POINT ( 'NONE', #6598 ) ;
#1320 = CARTESIAN_POINT ( 'NONE',  ( 31.27806228732374194, 61.27397774097242689, -16.09999999999998721 ) ) ;
#1321 = VECTOR ( 'NONE', #463, 1000.000000000000114 ) ;
#1322 = CARTESIAN_POINT ( 'NONE',  ( 70.42426764446661025, 53.94696881240100339, -16.09999999999999787 ) ) ;
#1323 = ORIENTED_EDGE ( 'NONE', *, *, #4500, .T. ) ;
#1324 = DIRECTION ( 'NONE',  ( -0.000000000000000000, -0.000000000000000000, -1.000000000000000000 ) ) ;
#1325 = PLANE ( 'NONE',  #5530 ) ;
#1326 = CARTESIAN_POINT ( 'NONE',  ( 63.44324085875231845, 56.90734827668671869, -16.09999999999999787 ) ) ;
#1327 = EDGE_CURVE ( 'NONE', #3012, #5681, #2725, .T. ) ;
#1328 = B_SPLINE_CURVE_WITH_KNOTS ( 'NONE', 3,
 ( #2161, #3212, #1676, #643, #1091, #2267, #4770 ),
 .UNSPECIFIED., .F., .F.,
 ( 4, 1, 1, 1, 4 ),
 ( 0.000000000000000000, 0.2244113494442513124, 0.4513270568285693840, 0.7046054108960632112, 1.000000000000000000 ),
 .UNSPECIFIED. ) ;
#1329 = CARTESIAN_POINT ( 'NONE',  ( 65.48286139446659604, 47.38167863382957279, 7.500000000000000000 ) ) ;
#1330 = CARTESIAN_POINT ( 'NONE',  ( 57.64524978732374194, 47.49049559811528809, -14.09999999999998721 ) ) ;
#1331 = DIRECTION ( 'NONE',  ( -0.000000000000000000, -0.000000000000000000, -1.000000000000000000 ) ) ;
#1332 = PLANE ( 'NONE',  #6656 ) ;
#1333 = EDGE_LOOP ( 'NONE', ( #4098, #6496, #5699, #113 ) ) ;
#1334 = CARTESIAN_POINT ( 'NONE',  ( 58.35953550160945724, 48.99719202668671869, 7.500000000000000000 ) ) ;
#1335 = ORIENTED_EDGE ( 'NONE', *, *, #3654, .T. ) ;
#1336 = EDGE_CURVE ( 'NONE', #5498, #6442, #4672, .T. ) ;
#1337 = EDGE_CURVE ( 'NONE', #6268, #3113, #4504, .T. ) ;
#1338 = CARTESIAN_POINT ( 'NONE',  ( 57.22114264446660314, 60.38391077668671159, -14.09999999999997300 ) ) ;
#1339 = DIRECTION ( 'NONE',  ( -0.8850291685332598579, -0.4655355741995736985, 0.000000000000000000 ) ) ;
#1340 = CIRCLE ( 'NONE', #6000, 2.960456600711785846 ) ;
#1341 = CARTESIAN_POINT ( 'NONE',  ( -0.4251051777826636568, 61.09368697847019547, -14.09999999999999432 ) ) ;
#1342 = EDGE_CURVE ( 'NONE', #1353, #1072, #2913, .T. ) ;
#1343 = CARTESIAN_POINT ( 'NONE',  ( 39.05149978732374194, 46.57531702668671869, 7.500000000000000000 ) ) ;
#1344 = AXIS2_PLACEMENT_3D ( 'NONE', #2143, #658, #3741 ) ;
#1345 = CARTESIAN_POINT ( 'NONE',  ( 52.41366496589516544, 60.36995988382957279, -16.09999999999999787 ) ) ;
#1346 = VERTEX_POINT ( 'NONE', #6127 ) ;
#1347 = CARTESIAN_POINT ( 'NONE',  ( 44.00406675160945724, 60.36995988382957279, -16.09999999999999787 ) ) ;
#1348 = VECTOR ( 'NONE', #3081, 1000.000000000000000 ) ;
#1349 = ORIENTED_EDGE ( 'NONE', *, *, #1979, .T. ) ;
#1350 = ORIENTED_EDGE ( 'NONE', *, *, #3008, .F. ) ;
#1351 = CARTESIAN_POINT ( 'NONE',  ( 39.55522600387412524, 61.53672385634425268, -14.09999999999998721 ) ) ;
#1352 = CARTESIAN_POINT ( 'NONE',  ( 43.28082554247790625, 61.38105942959558092, -16.10000000000000142 ) ) ;
#1353 = VERTEX_POINT ( 'NONE', #3555 ) ;
#1354 = CARTESIAN_POINT ( 'NONE',  ( 31.33178489575999492, 61.04761095196477783, -14.09999999999997655 ) ) ;
#1355 = CARTESIAN_POINT ( 'NONE',  ( 48.49324951490423530, 48.88166418203935848, -14.09999999999997300 ) ) ;
#1356 = ORIENTED_EDGE ( 'NONE', *, *, #1210, .F. ) ;
#1357 = CARTESIAN_POINT ( 'NONE',  ( 48.39011253537707091, 60.67670038691746015, -16.10000000000000142 ) ) ;
#1358 = CARTESIAN_POINT ( 'NONE',  ( 48.45440157303802664, 60.99216970525814219, 7.500000000000000000 ) ) ;
#1359 = CARTESIAN_POINT ( 'NONE',  ( 74.58048917979188275, 51.43971310915052442, -14.09999999999996589 ) ) ;
#1360 = CARTESIAN_POINT ( 'NONE',  ( 43.53142413465818805, 60.45894951237595194, -14.09999999999998721 ) ) ;
#1361 = CARTESIAN_POINT ( 'NONE',  ( 52.15138818018088784, 60.36995988382957279, -16.09999999999999787 ) ) ;
#1362 = ORIENTED_EDGE ( 'NONE', *, *, #1034, .T. ) ;
#1363 = DATE_AND_TIME ( #2809, #4818 ) ;
#1364 = CARTESIAN_POINT ( 'NONE',  ( 38.22457925587903560, 60.20839870030847862, -14.09999999999998366 ) ) ;
#1365 = ORIENTED_EDGE ( 'NONE', *, *, #2331, .F. ) ;
#1366 = CARTESIAN_POINT ( 'NONE',  ( 57.69826318018088784, 61.09261613382957989, -14.09999999999997655 ) ) ;
#1367 = CARTESIAN_POINT ( 'NONE',  ( 40.44379889446660314, 48.03179024097243399, -16.09999999999999787 ) ) ;
#1368 = DIRECTION ( 'NONE',  ( 0.4655355741995736429, -0.8850291685332597469, 0.000000000000000000 ) ) ;
#1369 = ADVANCED_FACE ( 'NONE', ( #5614 ), #951, .T. ) ;
#1370 = CARTESIAN_POINT ( 'NONE',  ( 37.15797965785144896, 59.01924920048309531, -14.09999999999998721 ) ) ;
#1371 = CARTESIAN_POINT ( 'NONE',  ( 44.00406675160945724, 60.36995988382957279, 7.500000000000000000 ) ) ;
#1372 = ORIENTED_EDGE ( 'NONE', *, *, #5039, .F. ) ;
#1373 = CARTESIAN_POINT ( 'NONE',  ( 63.30880973947876100, 56.60380429003031111, -16.09999999999999787 ) ) ;
#1374 = CARTESIAN_POINT ( 'NONE',  ( 38.56879889446660314, 47.14172327668672580, -16.10000000000000142 ) ) ;
#1375 = ORIENTED_EDGE ( 'NONE', *, *, #3336, .F. ) ;
#1376 = ADVANCED_FACE ( 'NONE', ( #4435 ), #3450, .T. ) ;
#1377 = CARTESIAN_POINT ( 'NONE',  ( 32.63408907303803375, 46.57531702668671869, -16.09999999999999076 ) ) ;
#1378 = EDGE_CURVE ( 'NONE', #1564, #2138, #5991, .T. ) ;
#1379 = CARTESIAN_POINT ( 'NONE',  ( 47.85071017400476734, 60.37299079924869005, -14.09999999999997300 ) ) ;
#1380 = CARTESIAN_POINT ( 'NONE',  ( 57.64474472473975908, 60.70875901833913701, -16.09999999999999787 ) ) ;
#1381 = CARTESIAN_POINT ( 'NONE',  ( 51.05706055643108954, 60.93504932140729125, -14.09999999999999076 ) ) ;
#1382 = CARTESIAN_POINT ( 'NONE',  ( 75.27917835875231845, 46.85712506240100339, -16.09999999999999787 ) ) ;
#1383 = CARTESIAN_POINT ( 'NONE',  ( 43.25642071488005769, 47.70600962240276743, -16.10000000000000142 ) ) ;
#1384 = EDGE_CURVE ( 'NONE', #2152, #3563, #3484, .T. ) ;
#1385 = LINE ( 'NONE', #3467, #4065 ) ;
#1386 = ORIENTED_EDGE ( 'NONE', *, *, #3833, .T. ) ;
#1387 = CARTESIAN_POINT ( 'NONE',  ( 47.77638818018088784, 60.36995988382957279, -16.09999999999999787 ) ) ;
#1388 = B_SPLINE_SURFACE_WITH_KNOTS ( 'NONE', 3, 1, ( 
 ( #5376, #5940 ),
 ( #4454, #2901 ),
 ( #3409, #703 ),
 ( #1807, #733 ),
 ( #2830, #4960 ) ),
 .UNSPECIFIED., .F., .F., .F.,
 ( 4, 1, 4 ),
 ( 2, 2 ),
 ( 0.000000000000000000, 0.5115682097396148098, 1.000000000000000000 ),
 ( 0.000000000000000000, 1.000000000000000000 ),
 .UNSPECIFIED. ) ;
#1389 = CARTESIAN_POINT ( 'NONE',  ( 31.12373941236784702, 61.47726389958328497, -14.09999999999998010 ) ) ;
#1390 = CARTESIAN_POINT ( 'NONE',  ( 35.52087354132063979, 61.46544411962886301, -14.09999999999999076 ) ) ;
#1391 = LINE ( 'NONE', #1848, #1631 ) ;
#1392 = CARTESIAN_POINT ( 'NONE',  ( 67.25615203904635564, 18.00812516208633696, -14.09999999999999432 ) ) ;
#1393 = ORIENTED_EDGE ( 'NONE', *, *, #901, .T. ) ;
#1394 = PERSON_AND_ORGANIZATION_ROLE ( 'classification_officer' ) ;
#1395 = CARTESIAN_POINT ( 'NONE',  ( 26.04429444116904335, 60.98931422084856990, -16.10000000000000142 ) ) ;
#1396 = VERTEX_POINT ( 'NONE', #5041 ) ;
#1397 = EDGE_CURVE ( 'NONE', #5143, #1537, #1082, .T. ) ;
#1398 = DIRECTION ( 'NONE',  ( 1.000000000000000000, 0.000000000000000000, 0.000000000000000000 ) ) ;
#1399 = DIRECTION ( 'NONE',  ( 0.7090920949651233762, 0.7051158776101786874, 0.000000000000000000 ) ) ;
#1400 = LINE ( 'NONE', #3423, #11 ) ;
#1401 = DIRECTION ( 'NONE',  ( -0.000000000000000000, -0.000000000000000000, 1.000000000000000000 ) ) ;
#1402 = PLANE ( 'NONE',  #3926 ) ;
#1403 = ORIENTED_EDGE ( 'NONE', *, *, #4578, .F. ) ;
#1404 = ADVANCED_FACE ( 'NONE', ( #985 ), #5141, .T. ) ;
#1405 = FACE_OUTER_BOUND ( 'NONE', #1719, .T. ) ;
#1406 = DIRECTION ( 'NONE',  ( 0.000000000000000000, 0.000000000000000000, 1.000000000000000000 ) ) ;
#1407 = ORIENTED_EDGE ( 'NONE', *, *, #1020, .F. ) ;
#1408 = CARTESIAN_POINT ( 'NONE',  ( 33.10562925160946435, 46.66739291954386459, -14.09999999999997655 ) ) ;
#1409 = AXIS2_PLACEMENT_3D ( 'NONE', #374, #1441, #6677 ) ;
#1410 = LINE ( 'NONE', #1446, #4070 ) ;
#1411 = ORIENTED_EDGE ( 'NONE', *, *, #4620, .T. ) ;
#1412 = VECTOR ( 'NONE', #6438, 1000.000000000000000 ) ;
#1413 = ORIENTED_EDGE ( 'NONE', *, *, #823, .F. ) ;
#1414 = CARTESIAN_POINT ( 'NONE',  ( 57.67036139446660314, 60.75779470525814929, -16.09999999999999787 ) ) ;
#1415 = EDGE_CURVE ( 'NONE', #697, #5391, #6219, .T. ) ;
#1416 = EDGE_CURVE ( 'NONE', #5451, #5179, #2058, .T. ) ;
#1417 = VECTOR ( 'NONE', #3310, 1000.000000000000000 ) ;
#1418 = CIRCLE ( 'NONE', #2166, 0.8999999999999980238 ) ;
#1419 = CARTESIAN_POINT ( 'NONE',  ( 0.04330999182739999481, 52.95769869083799364, -1.599999999999998979 ) ) ;
#1420 = CARTESIAN_POINT ( 'NONE',  ( 30.89377617015874478, 61.56372305344224571, -14.09999999999997655 ) ) ;
#1421 = CARTESIAN_POINT ( 'NONE',  ( 73.30931228732374905, 51.17353131240100339, 7.500000000000000000 ) ) ;
#1422 = ORIENTED_EDGE ( 'NONE', *, *, #1921, .F. ) ;
#1423 = VECTOR ( 'NONE', #4063, 1000.000000000000000 ) ;
#1424 = CARTESIAN_POINT ( 'NONE',  ( 66.56824085875231845, 52.04127684811528809, 7.500000000000000000 ) ) ;
#1425 = CARTESIAN_POINT ( 'NONE',  ( 38.87013818018088784, 46.69529470525814929, -16.09999999999999432 ) ) ;
#1426 = CARTESIAN_POINT ( 'NONE',  ( 0.9433099918273991635, 52.95769869083799364, -6.099999999999997868 ) ) ;
#1427 = VECTOR ( 'NONE', #1901, 1000.000000000000114 ) ;
#1428 = LINE ( 'NONE', #1981, #1321 ) ;
#1429 = DIRECTION ( 'NONE',  ( -0.000000000000000000, -0.000000000000000000, 1.000000000000000000 ) ) ;
#1430 = ORIENTED_EDGE ( 'NONE', *, *, #3964, .F. ) ;
#1431 = COORDINATED_UNIVERSAL_TIME_OFFSET ( 8, 0, .AHEAD. ) ;
#1432 = CARTESIAN_POINT ( 'NONE',  ( 47.34112032303802664, 60.36995988382957279, 7.500000000000000000 ) ) ;
#1433 = CARTESIAN_POINT ( 'NONE',  ( 38.87013818018088784, 46.69529470525814929, -16.09999999999999787 ) ) ;
#1434 = ORIENTED_EDGE ( 'NONE', *, *, #5113, .T. ) ;
#1435 = DIRECTION ( 'NONE',  ( -0.000000000000000000, -0.000000000000000000, 1.000000000000000000 ) ) ;
#1436 = CARTESIAN_POINT ( 'NONE',  ( 38.72504889446660314, 61.57531702668671869, 7.500000000000000000 ) ) ;
#1437 = LINE ( 'NONE', #3522, #1063 ) ;
#1438 = DIRECTION ( 'NONE',  ( 0.2978579183979331857, 0.9546102138819018146, -0.000000000000000000 ) ) ;
#1439 = ORIENTED_EDGE ( 'NONE', *, *, #2407, .F. ) ;
#1440 = ORIENTED_EDGE ( 'NONE', *, *, #3293, .T. ) ;
#1441 = DIRECTION ( 'NONE',  ( -0.7091416081762579315, 0.7050660816924828600, 0.000000000000000000 ) ) ;
#1442 = CIRCLE ( 'NONE', #1778, 2.956992594712500200 ) ;
#1443 = DIRECTION ( 'NONE',  ( -0.000000000000000000, -0.000000000000000000, 1.000000000000000000 ) ) ;
#1444 = DIRECTION ( 'NONE',  ( 0.000000000000000000, 0.000000000000000000, -1.000000000000000000 ) ) ;
#1445 = B_SPLINE_SURFACE_WITH_KNOTS ( 'NONE', 3, 1, ( 
 ( #3471, #5211 ),
 ( #543, #1054 ),
 ( #1461, #4014 ),
 ( #5600, #4994 ),
 ( #938, #6077 ),
 ( #5570, #3026 ),
 ( #5538, #1425 ) ),
 .UNSPECIFIED., .F., .F., .F.,
 ( 4, 1, 1, 1, 4 ),
 ( 2, 2 ),
 ( 0.000000000000000000, 0.2170270573702704764, 0.4442759721777730930, 0.7020208026378519373, 1.000000000000000000 ),
 ( 0.000000000000000000, 1.000000000000000000 ),
 .UNSPECIFIED. ) ;
#1446 = CARTESIAN_POINT ( 'NONE',  ( 28.09167835875231489, 59.95980363382957989, 7.500000000000000000 ) ) ;
#1447 = EDGE_CURVE ( 'NONE', #6666, #1837, #3364, .T. ) ;
#1448 = CARTESIAN_POINT ( 'NONE',  ( 57.68693177176776743, 61.10276263745446812, -14.09999999999996412 ) ) ;
#1449 = LINE ( 'NONE', #2990, #4667 ) ;
#1450 = AXIS2_PLACEMENT_3D ( 'NONE', #3351, #2808, #6428 ) ;
#1451 = CARTESIAN_POINT ( 'NONE',  ( 43.47518808418050895, 61.50104826110218426, -16.09999999999999787 ) ) ;
#1452 = VERTEX_POINT ( 'NONE', #50 ) ;
#1453 = CARTESIAN_POINT ( 'NONE',  ( 53.03888764915900111, 105.9601459312399925, -6.099999999999997868 ) ) ;
#1454 = AXIS2_PLACEMENT_3D ( 'NONE', #4237, #6233, #2105 ) ;
#1455 = CARTESIAN_POINT ( 'NONE',  ( 63.89524978732374905, 0.000000000000000000, -14.09999999999999432 ) ) ;
#1456 = EDGE_CURVE ( 'NONE', #2648, #1994, #3675, .T. ) ;
#1457 = ADVANCED_FACE ( 'NONE', ( #2592 ), #2151, .T. ) ;
#1458 = ORIENTED_EDGE ( 'NONE', *, *, #4317, .T. ) ;
#1459 = CARTESIAN_POINT ( 'NONE',  ( 68.79201318018088784, 61.57531702668671869, 7.500000000000000000 ) ) ;
#1460 = APPROVAL_PERSON_ORGANIZATION ( #6389, #5623, #2973 ) ;
#1461 = CARTESIAN_POINT ( 'NONE',  ( 38.58120879475012543, 47.01793347077984464, -14.09999999999998010 ) ) ;
#1462 = CARTESIAN_POINT ( 'NONE',  ( 38.57287158734785493, 47.10109782041629245, -14.09999999999999432 ) ) ;
#1463 = CARTESIAN_POINT ( 'NONE',  ( 74.89863483874943029, 46.58326859107489071, -14.09999999999998721 ) ) ;
#1464 = DIRECTION ( 'NONE',  ( -1.000000000000000000, 6.039529044422930026E-14, 0.000000000000000000 ) ) ;
#1465 = VERTEX_POINT ( 'NONE', #472 ) ;
#1466 = EDGE_CURVE ( 'NONE', #5956, #2678, #1017, .T. ) ;
#1467 = EDGE_CURVE ( 'NONE', #6687, #3160, #6602, .T. ) ;
#1468 = CARTESIAN_POINT ( 'NONE',  ( -4.486968280877473347, 3.948532087172158533, -14.09999999999999432 ) ) ;
#1469 = CARTESIAN_POINT ( 'NONE',  ( 35.33614749844261382, 61.20113009397049098, -16.09999999999998366 ) ) ;
#1470 = ORIENTED_EDGE ( 'NONE', *, *, #2585, .F. ) ;
#1471 = CARTESIAN_POINT ( 'NONE',  ( 70.00574085875231845, 59.84540631240100339, -14.09999999999998721 ) ) ;
#1472 = CARTESIAN_POINT ( 'NONE',  ( 43.72504889446660314, 61.57531702668671869, -14.09999999999997655 ) ) ;
#1473 = VERTEX_POINT ( 'NONE', #500 ) ;
#1474 = CARTESIAN_POINT ( 'NONE',  ( 32.26158985500124743, 46.68105021993461179, -16.10000000000000497 ) ) ;
#1475 = VERTEX_POINT ( 'NONE', #5739 ) ;
#1476 = EDGE_LOOP ( 'NONE', ( #4220, #6246, #4902, #207 ) ) ;
#1477 = CARTESIAN_POINT ( 'NONE',  ( 57.67036139446660314, 60.75779470525814929, 7.500000000000000000 ) ) ;
#1478 = CARTESIAN_POINT ( 'NONE',  ( 38.57102532871969913, 47.18680691405206318, -16.10000000000000142 ) ) ;
#1479 = LINE ( 'NONE', #5619, #4565 ) ;
#1480 = CARTESIAN_POINT ( 'NONE',  ( 0.04014938206688134503, 53.00157121848699404, -24.09999999999999787 ) ) ;
#1481 = B_SPLINE_CURVE_WITH_KNOTS ( 'NONE', 3,
 ( #5833, #3164, #5703, #1076 ),
 .UNSPECIFIED., .F., .F.,
 ( 4, 4 ),
 ( 0.000000000000000000, 0.1491509912027066120 ),
 .UNSPECIFIED. ) ;
#1482 = CARTESIAN_POINT ( 'NONE',  ( 72.72058460875231845, 48.78792863382957279, -16.09999999999999787 ) ) ;
#1483 = EDGE_CURVE ( 'NONE', #6494, #3396, #3487, .T. ) ;
#1484 = CARTESIAN_POINT ( 'NONE',  ( 51.17666201135579485, 60.60516329178470585, -14.09999999999998366 ) ) ;
#1485 = ORIENTED_EDGE ( 'NONE', *, *, #2339, .F. ) ;
#1486 = CARTESIAN_POINT ( 'NONE',  ( 70.64636506167087759, 60.98159610036243095, -14.09999999999999432 ) ) ;
#1487 = CARTESIAN_POINT ( 'NONE',  ( 57.03978103732374194, 61.57531702668671869, -14.09999999999996945 ) ) ;
#1488 = ORIENTED_EDGE ( 'NONE', *, *, #601, .F. ) ;
#1489 = DIRECTION ( 'NONE',  ( -1.000000000000000000, 0.000000000000000000, 0.000000000000000000 ) ) ;
#1490 = EDGE_CURVE ( 'NONE', #5248, #1990, #3716, .T. ) ;
#1491 = B_SPLINE_CURVE_WITH_KNOTS ( 'NONE', 3,
 ( #6047, #1395, #4023, #262, #3923, #6085, #5063 ),
 .UNSPECIFIED., .F., .F.,
 ( 4, 1, 1, 1, 4 ),
 ( 0.000000000000000000, 0.2299342313464998733, 0.4583369283291793272, 0.7109019876121617232, 1.000000000000000000 ),
 .UNSPECIFIED. ) ;
#1492 = CARTESIAN_POINT ( 'NONE',  ( 75.27917835875231845, 46.85712506240100339, -16.09999999999999787 ) ) ;
#1493 = DIRECTION ( 'NONE',  ( -0.000000000000000000, -0.000000000000000000, 1.000000000000000000 ) ) ;
#1494 = DIRECTION ( 'NONE',  ( -0.000000000000000000, -0.000000000000000000, -1.000000000000000000 ) ) ;
#1495 = ORIENTED_EDGE ( 'NONE', *, *, #5910, .T. ) ;
#1496 = FACE_OUTER_BOUND ( 'NONE', #4872, .T. ) ;
#1497 = CARTESIAN_POINT ( 'NONE',  ( 29.56499462873739503, 60.05538659097184251, -16.09999999999999787 ) ) ;
#1498 = ORIENTED_EDGE ( 'NONE', *, *, #2745, .T. ) ;
#1499 = EDGE_CURVE ( 'NONE', #3382, #1863, #6357, .T. ) ;
#1500 = DIRECTION ( 'NONE',  ( -1.000000000000000000, 0.000000000000000000, 0.000000000000000000 ) ) ;
#1501 = ADVANCED_FACE ( 'NONE', ( #3132 ), #534, .T. ) ;
#1502 = B_SPLINE_SURFACE_WITH_KNOTS ( 'NONE', 3, 1, ( 
 ( #6587, #2426 ),
 ( #5448, #1941 ),
 ( #1910, #6045 ),
 ( #223, #5413 ),
 ( #4492, #3983 ),
 ( #2836, #740 ),
 ( #2324, #6459 ) ),
 .UNSPECIFIED., .F., .F., .F.,
 ( 4, 1, 1, 1, 4 ),
 ( 2, 2 ),
 ( 0.000000000000000000, 0.3216803582967180386, 0.5953285353019579507, 0.8220998079098631450, 1.000000000000000000 ),
 ( 0.000000000000000000, 1.000000000000000000 ),
 .UNSPECIFIED. ) ;
#1503 = DIRECTION ( 'NONE',  ( 0.006985857475250264320, -0.9999755985999535524, 0.000000000000000000 ) ) ;
#1504 = CARTESIAN_POINT ( 'NONE',  ( 47.28041611280036705, -7.225867513913839524, -14.09999999999999432 ) ) ;
#1505 = ORIENTED_EDGE ( 'NONE', *, *, #2368, .F. ) ;
#1506 = DIRECTION ( 'NONE',  ( -1.000000000000000000, 0.000000000000000000, 0.000000000000000000 ) ) ;
#1507 = CARTESIAN_POINT ( 'NONE',  ( 39.41502772361543805, 61.56967410235707661, -16.09999999999999787 ) ) ;
#1508 = CARTESIAN_POINT ( 'NONE',  ( 68.15027210875230423, 47.82531702668671159, -16.09999999999999787 ) ) ;
#1509 = CARTESIAN_POINT ( 'NONE',  ( 53.04230130916199215, 0.04330999182739999481, -6.099999999999997868 ) ) ;
#1510 = DIRECTION ( 'NONE',  ( -0.000000000000000000, -0.000000000000000000, 1.000000000000000000 ) ) ;
#1511 = VECTOR ( 'NONE', #5055, 1000.000000000000114 ) ;
#1512 = CC_DESIGN_PERSON_AND_ORGANIZATION_ASSIGNMENT ( #2300, #914, ( #5919 ) ) ;
#1513 = CARTESIAN_POINT ( 'NONE',  ( 38.78862543398395957, 47.57333819283532961, -16.09999999999999076 ) ) ;
#1514 = ORIENTED_EDGE ( 'NONE', *, *, #4081, .F. ) ;
#1515 = AXIS2_PLACEMENT_3D ( 'NONE', #4331, #6395, #1750 ) ;
#1516 = CARTESIAN_POINT ( 'NONE',  ( 70.58657045401045593, 61.00107196781920749, -16.10000000000000142 ) ) ;
#1517 = EDGE_LOOP ( 'NONE', ( #1618, #420, #5123, #622 ) ) ;
#1518 = CARTESIAN_POINT ( 'NONE',  ( 49.94874363917161020, 47.43162983982129077, -14.09999999999997300 ) ) ;
#1519 = ORIENTED_EDGE ( 'NONE', *, *, #2657, .F. ) ;
#1520 = CARTESIAN_POINT ( 'NONE',  ( 61.55421513790538768, 61.32984371579905769, -16.09999999999999787 ) ) ;
#1521 = AXIS2_PLACEMENT_3D ( 'NONE', #1419, #2924, #2034 ) ;
#1522 = VECTOR ( 'NONE', #1216, 1000.000000000000000 ) ;
#1523 = CARTESIAN_POINT ( 'NONE',  ( 38.56879889446660314, 47.14172327668672580, -14.09999999999998366 ) ) ;
#1524 = DIRECTION ( 'NONE',  ( 0.000000000000000000, 0.000000000000000000, -1.000000000000000000 ) ) ;
#1525 = VECTOR ( 'NONE', #4489, 1000.000000000000000 ) ;
#1526 = CARTESIAN_POINT ( 'NONE',  ( 55.99807190171697613, 0.1283123998628843410, -6.099999999999997868 ) ) ;
#1527 = ORIENTED_EDGE ( 'NONE', *, *, #3715, .F. ) ;
#1528 = DIRECTION ( 'NONE',  ( 1.000000000000000000, 0.000000000000000000, 0.000000000000000000 ) ) ;
#1529 = EDGE_CURVE ( 'NONE', #3463, #5867, #6245, .T. ) ;
#1530 = CARTESIAN_POINT ( 'NONE',  ( 26.03810693018088784, 61.05355363382957279, -16.09999999999999787 ) ) ;
#1531 = CARTESIAN_POINT ( 'NONE',  ( 51.51801764446660314, 61.55578577668671869, -16.09999999999999787 ) ) ;
#1532 = VERTEX_POINT ( 'NONE', #1629 ) ;
#1533 = B_SPLINE_CURVE_WITH_KNOTS ( 'NONE', 3,
 ( #4599, #4564, #6216, #3552, #1562, #6125, #3645 ),
 .UNSPECIFIED., .F., .F.,
 ( 4, 1, 1, 1, 4 ),
 ( 0.000000000000000000, 0.1873988105559856732, 0.4127422862092121614, 0.6875932791423946533, 1.000000000000000000 ),
 .UNSPECIFIED. ) ;
#1534 = VECTOR ( 'NONE', #2991, 1000.000000000000227 ) ;
#1535 = CARTESIAN_POINT ( 'NONE',  ( 39.94156675160945724, 60.96147774097243399, -16.09999999999998721 ) ) ;
#1536 = DIRECTION ( 'NONE',  ( 0.9999755985999535524, 0.006985857475250264320, 0.000000000000000000 ) ) ;
#1537 = VERTEX_POINT ( 'NONE', #1117 ) ;
#1538 = EDGE_CURVE ( 'NONE', #6129, #3382, #2532, .T. ) ;
#1539 = CARTESIAN_POINT ( 'NONE',  ( 0.04330999182739999481, 52.95769869083799364, -1.599999999999998979 ) ) ;
#1540 = EDGE_CURVE ( 'NONE', #5491, #5562, #3315, .T. ) ;
#1541 = ORIENTED_EDGE ( 'NONE', *, *, #910, .F. ) ;
#1542 = DIRECTION ( 'NONE',  ( -1.000000000000000000, 0.000000000000000000, 0.000000000000000000 ) ) ;
#1543 = CARTESIAN_POINT ( 'NONE',  ( 38.81154443018088784, 60.36995988382957279, -16.09999999999999076 ) ) ;
#1544 = CARTESIAN_POINT ( 'NONE',  ( 70.50239264446659604, 58.85489291954386459, -14.09999999999998721 ) ) ;
#1545 = CARTESIAN_POINT ( 'NONE',  ( 75.32325736923901616, 47.18147139454920591, -14.09999999999998010 ) ) ;
#1546 = CARTESIAN_POINT ( 'NONE',  ( 40.13302287073888408, 47.86558133860411601, -14.09999999999997300 ) ) ;
#1547 = EDGE_CURVE ( 'NONE', #6442, #6600, #4758, .T. ) ;
#1548 = CARTESIAN_POINT ( 'NONE',  ( 38.57526588870862128, 47.27267509924581645, -16.09999999999999432 ) ) ;
#1549 = CARTESIAN_POINT ( 'NONE',  ( 63.19534581346697166, 56.51764081307719323, -14.09999999999998366 ) ) ;
#1550 = CARTESIAN_POINT ( 'NONE',  ( 48.45440157303802664, 60.99216970525814219, -14.09999999999997300 ) ) ;
#1551 = VECTOR ( 'NONE', #3238, 1000.000000000000000 ) ;
#1552 = ORIENTED_EDGE ( 'NONE', *, *, #4074, .F. ) ;
#1553 = CARTESIAN_POINT ( 'NONE',  ( 48.39580782303802664, 61.27397774097242689, 7.500000000000000000 ) ) ;
#1554 = CARTESIAN_POINT ( 'NONE',  ( 62.92230339107207726, 56.42353455431508991, -16.09999999999999076 ) ) ;
#1555 = CARTESIAN_POINT ( 'NONE',  ( 74.33987534269266462, 46.62487989388291965, -16.09999999999999787 ) ) ;
#1556 = CARTESIAN_POINT ( 'NONE',  ( 66.23899978732373484, 60.32531702668671869, -16.09999999999999787 ) ) ;
#1557 = ORIENTED_EDGE ( 'NONE', *, *, #17, .F. ) ;
#1558 = DIRECTION ( 'NONE',  ( -0.000000000000000000, -0.000000000000000000, 1.000000000000000000 ) ) ;
#1559 = AXIS2_PLACEMENT_3D ( 'NONE', #5713, #5844, #6589 ) ;
#1560 = CARTESIAN_POINT ( 'NONE',  ( 35.31266050160945724, 61.13725899097242689, 7.500000000000000000 ) ) ;
#1561 = CARTESIAN_POINT ( 'NONE',  ( 26.03810693018088784, 61.05355363382957279, -16.09999999999999787 ) ) ;
#1562 = CARTESIAN_POINT ( 'NONE',  ( 38.62117511719885243, 60.32805604176068215, -16.09999999999999432 ) ) ;
#1563 = EDGE_CURVE ( 'NONE', #5501, #3677, #5381, .T. ) ;
#1564 = VERTEX_POINT ( 'NONE', #5946 ) ;
#1565 = CARTESIAN_POINT ( 'NONE',  ( 74.63435021221803822, 51.32543628315492867, -14.09999999999998366 ) ) ;
#1566 = ORIENTED_EDGE ( 'NONE', *, *, #4900, .T. ) ;
#1567 = VERTEX_POINT ( 'NONE', #3275 ) ;
#1568 = DIRECTION ( 'NONE',  ( 1.000000000000000000, 1.963341769863017966E-13, 0.000000000000000000 ) ) ;
#1569 = EDGE_CURVE ( 'NONE', #3689, #1473, #2247, .T. ) ;
#1570 = CARTESIAN_POINT ( 'NONE',  ( 39.79368728732374194, 47.70812952668671869, -16.09999999999999787 ) ) ;
#1571 = DIRECTION ( 'NONE',  ( -0.9484324236197857472, -0.3169793965334328778, 0.000000000000000000 ) ) ;
#1572 = FACE_OUTER_BOUND ( 'NONE', #5251, .T. ) ;
#1573 = PLANE ( 'NONE',  #2070 ) ;
#1574 = EDGE_CURVE ( 'NONE', #1691, #4364, #6083, .T. ) ;
#1575 = CARTESIAN_POINT ( 'NONE',  ( 53.93884612053045657, 105.9515001341925711, -6.099999999999997868 ) ) ;
#1576 = EDGE_CURVE ( 'NONE', #124, #6685, #3347, .T. ) ;
#1577 = CARTESIAN_POINT ( 'NONE',  ( 67.91589710875231845, 46.57531702668671869, -16.09999999999999787 ) ) ;
#1578 = FACE_OUTER_BOUND ( 'NONE', #887, .T. ) ;
#1579 = ORIENTED_EDGE ( 'NONE', *, *, #2872, .F. ) ;
#1580 = CARTESIAN_POINT ( 'NONE',  ( 51.10503901960423434, 61.18151630072723179, -16.09999999999999076 ) ) ;
#1581 = CARTESIAN_POINT ( 'NONE',  ( 43.12795068018088784, 61.05355363382957279, -16.09999999999999432 ) ) ;
#1582 = CARTESIAN_POINT ( 'NONE',  ( 74.18866200879712380, 46.69754331375261103, -14.09999999999996945 ) ) ;
#1583 = CARTESIAN_POINT ( 'NONE',  ( 31.30317389446660314, 60.73268309811528809, 7.500000000000000000 ) ) ;
#1584 = ORIENTED_EDGE ( 'NONE', *, *, #3008, .T. ) ;
#1585 = ORIENTED_EDGE ( 'NONE', *, *, #5773, .F. ) ;
#1586 = CARTESIAN_POINT ( 'NONE',  ( 47.34112032303802664, 60.36995988382957279, -14.09999999999998721 ) ) ;
#1587 = FACE_OUTER_BOUND ( 'NONE', #2716, .T. ) ;
#1588 = LINE ( 'NONE', #1042, #2187 ) ;
#1589 = CARTESIAN_POINT ( 'NONE',  ( 43.89268869699334630, 47.10088105874139330, -16.09999999999998366 ) ) ;
#1590 = ORIENTED_EDGE ( 'NONE', *, *, #1829, .T. ) ;
#1591 = DIRECTION ( 'NONE',  ( -0.000000000000000000, -0.000000000000000000, 1.000000000000000000 ) ) ;
#1592 = ORIENTED_EDGE ( 'NONE', *, *, #2416, .T. ) ;
#1593 = ORIENTED_EDGE ( 'NONE', *, *, #2714, .F. ) ;
#1594 = CARTESIAN_POINT ( 'NONE',  ( 32.63408907303803375, 46.57531702668671869, 7.500000000000000000 ) ) ;
#1595 = PLANE ( 'NONE',  #2979 ) ;
#1596 = CARTESIAN_POINT ( 'NONE',  ( 32.43699128771915241, 46.60413937651448890, -16.09999999999998366 ) ) ;
#1597 = DIRECTION ( 'NONE',  ( -1.000000000000000000, 0.000000000000000000, 0.000000000000000000 ) ) ;
#1598 = ORIENTED_EDGE ( 'NONE', *, *, #5029, .F. ) ;
#1599 = EDGE_CURVE ( 'NONE', #1532, #1274, #1823, .T. ) ;
#1600 = LINE ( 'NONE', #1709, #5535 ) ;
#1601 = LINE ( 'NONE', #5717, #2613 ) ;
#1602 = CARTESIAN_POINT ( 'NONE',  ( 48.39580782303802664, 61.27397774097242689, -14.09999999999997300 ) ) ;
#1603 = EDGE_LOOP ( 'NONE', ( #1488, #5357, #6181, #6026, #5700, #371, #2875, #2226 ) ) ;
#1604 = AXIS2_PLACEMENT_3D ( 'NONE', #4265, #1510, #4676 ) ;
#1605 = CARTESIAN_POINT ( 'NONE',  ( 43.80846197394327390, 60.38120838282624447, -14.09999999999997300 ) ) ;
#1606 = ORIENTED_EDGE ( 'NONE', *, *, #3294, .T. ) ;
#1607 = ADVANCED_FACE ( 'NONE', ( #3234 ), #2803, .F. ) ;
#1608 = LINE ( 'NONE', #2641, #303 ) ;
#1609 = EDGE_CURVE ( 'NONE', #1396, #4984, #156, .T. ) ;
#1610 = VECTOR ( 'NONE', #558, 999.9999999999998863 ) ;
#1611 = AXIS2_PLACEMENT_3D ( 'NONE', #465, #2020, #4627 ) ;
#1612 = B_SPLINE_CURVE_WITH_KNOTS ( 'NONE', 3,
 ( #4300, #4874, #846, #4371, #2812, #5314, #4501 ),
 .UNSPECIFIED., .F., .F.,
 ( 4, 1, 1, 1, 4 ),
 ( 0.000000000000000000, 0.3261631261545659410, 0.5868059191059555868, 0.7990061949277679210, 1.000000000000000000 ),
 .UNSPECIFIED. ) ;
#1613 = CARTESIAN_POINT ( 'NONE',  ( 63.04826782400148488, 56.43967831155516279, -14.09999999999997655 ) ) ;
#1614 = ORIENTED_EDGE ( 'NONE', *, *, #1281, .T. ) ;
#1615 = CARTESIAN_POINT ( 'NONE',  ( 74.33987534269266462, 46.62487989388291965, -16.09999999999999076 ) ) ;
#1616 = ORIENTED_EDGE ( 'NONE', *, *, #2665, .F. ) ;
#1617 = FACE_BOUND ( 'NONE', #1162, .T. ) ;
#1618 = ORIENTED_EDGE ( 'NONE', *, *, #6217, .T. ) ;
#1619 = ORIENTED_EDGE ( 'NONE', *, *, #6382, .F. ) ;
#1620 = FACE_OUTER_BOUND ( 'NONE', #580, .T. ) ;
#1621 = VECTOR ( 'NONE', #5750, 1000.000000000000114 ) ;
#1622 = AXIS2_PLACEMENT_3D ( 'NONE', #1875, #1728, #5338 ) ;
#1623 = CARTESIAN_POINT ( 'NONE',  ( 74.74067389446662446, 46.57531702668672580, 7.499999999999996447 ) ) ;
#1624 = CARTESIAN_POINT ( 'NONE',  ( 52.53922300160945724, 47.82531702668671159, 7.500000000000000000 ) ) ;
#1625 = AXIS2_PLACEMENT_3D ( 'NONE', #5167, #5036, #2589 ) ;
#1626 = DIRECTION ( 'NONE',  ( 1.000000000000000000, 0.000000000000000000, 0.000000000000000000 ) ) ;
#1627 = VECTOR ( 'NONE', #6705, 1000.000000000000000 ) ;
#1628 = ORIENTED_EDGE ( 'NONE', *, *, #3488, .F. ) ;
#1629 = CARTESIAN_POINT ( 'NONE',  ( 31.27806228732374194, 61.27397774097242689, -16.09999999999999787 ) ) ;
#1630 = ORIENTED_EDGE ( 'NONE', *, *, #6094, .T. ) ;
#1631 = VECTOR ( 'NONE', #5479, 999.9999999999998863 ) ;
#1632 = ORIENTED_EDGE ( 'NONE', *, *, #4988, .F. ) ;
#1633 = CARTESIAN_POINT ( 'NONE',  ( 2.555876535001598615, -2.541187589398128832, -14.09999999999999432 ) ) ;
#1634 = AXIS2_PLACEMENT_3D ( 'NONE', #1453, #5019, #4481 ) ;
#1635 = CARTESIAN_POINT ( 'NONE',  ( 38.45027203373617652, 60.28536784625013212, -16.09999999999999787 ) ) ;
#1636 = DIRECTION ( 'NONE',  ( -0.2857775520299341565, 0.9582959828548683889, 0.000000000000000000 ) ) ;
#1637 = FACE_OUTER_BOUND ( 'NONE', #2445, .T. ) ;
#1638 = MANIFOLD_SOLID_BREP ( '基体零件-底座^磁悬浮-1', #6615 ) ;
#1639 = LINE ( 'NONE', #5277, #2182 ) ;
#1640 = CARTESIAN_POINT ( 'NONE',  ( 26.54594101945656703, 61.54878410874777472, -16.09999999999999076 ) ) ;
#1641 = CARTESIAN_POINT ( 'NONE',  ( 64.61232568018088784, 53.29127684811529519, 7.500000000000000000 ) ) ;
#1642 = ORIENTED_EDGE ( 'NONE', *, *, #642, .T. ) ;
#1643 = EDGE_CURVE ( 'NONE', #6716, #1396, #4322, .T. ) ;
#1644 = CARTESIAN_POINT ( 'NONE',  ( 73.30931228732374905, 51.17353131240100339, -16.09999999999999787 ) ) ;
#1645 = VERTEX_POINT ( 'NONE', #5300 ) ;
#1646 = ORIENTED_EDGE ( 'NONE', *, *, #3497, .F. ) ;
#1647 = CARTESIAN_POINT ( 'NONE',  ( 56.50127657303802664, 61.57531702668671869, -14.09999999999998721 ) ) ;
#1648 = CARTESIAN_POINT ( 'NONE',  ( 39.79368728732374194, 47.70812952668671869, -14.09999999999998721 ) ) ;
#1649 = ORIENTED_EDGE ( 'NONE', *, *, #1384, .T. ) ;
#1650 = LINE ( 'NONE', #2646, #2620 ) ;
#1651 = EDGE_CURVE ( 'NONE', #4796, #3087, #84, .T. ) ;
#1652 = B_SPLINE_CURVE_WITH_KNOTS ( 'NONE', 3,
 ( #4185, #5097, #526, #2049, #6211, #5671, #495 ),
 .UNSPECIFIED., .F., .F.,
 ( 4, 1, 1, 1, 4 ),
 ( 0.000000000000000000, 0.2826927617233480627, 0.5273111742167956306, 0.7580647735485548377, 1.000000000000000000 ),
 .UNSPECIFIED. ) ;
#1653 = VECTOR ( 'NONE', #2062, 1000.000000000000000 ) ;
#1654 = CARTESIAN_POINT ( 'NONE',  ( 38.72504889446660314, 61.57531702668669737, -16.09999999999999787 ) ) ;
#1655 = VERTEX_POINT ( 'NONE', #1737 ) ;
#1656 = ORIENTED_EDGE ( 'NONE', *, *, #2974, .F. ) ;
#1657 = CYLINDRICAL_SURFACE ( 'NONE', #6186, 2.956992594712500200 ) ;
#1658 = CARTESIAN_POINT ( 'NONE',  ( 55.27917835875231845, 46.57531702668671869, -16.09999999999999787 ) ) ;
#1659 = CARTESIAN_POINT ( 'NONE',  ( 57.67154155373301450, 60.76551674293570215, -16.09999999999999787 ) ) ;
#1660 = AXIS2_PLACEMENT_3D ( 'NONE', #485, #4584, #5180 ) ;
#1661 = FACE_OUTER_BOUND ( 'NONE', #3660, .T. ) ;
#1662 = CARTESIAN_POINT ( 'NONE',  ( 43.73983670360281195, 47.53899221541335862, -14.09999999999996945 ) ) ;
#1663 = EDGE_CURVE ( 'NONE', #2019, #2678, #2192, .T. ) ;
#1664 = EDGE_CURVE ( 'NONE', #1128, #2928, #2729, .T. ) ;
#1665 = ORIENTED_EDGE ( 'NONE', *, *, #2820, .T. ) ;
#1666 = VECTOR ( 'NONE', #304, 1000.000000000000000 ) ;
#1667 = CARTESIAN_POINT ( 'NONE',  ( 31.12373941236784702, 61.47726389958328497, -16.09999999999998721 ) ) ;
#1668 = EDGE_LOOP ( 'NONE', ( #690, #3600, #6110, #6259 ) ) ;
#1669 = VERTEX_POINT ( 'NONE', #3751 ) ;
#1670 = CARTESIAN_POINT ( 'NONE',  ( 65.73397746589516544, 47.25612059811529519, -16.09999999999999787 ) ) ;
#1671 = ADVANCED_FACE ( 'NONE', ( #5837 ), #5876, .T. ) ;
#1672 = DIRECTION ( 'NONE',  ( 0.2865143271847972462, -0.9580759574886758001, 0.000000000000000000 ) ) ;
#1673 = CARTESIAN_POINT ( 'NONE',  ( 32.01745960875231845, 46.94641077668671869, -16.09999999999998721 ) ) ;
#1674 = LINE ( 'NONE', #130, #3037 ) ;
#1675 = VERTEX_POINT ( 'NONE', #3856 ) ;
#1676 = CARTESIAN_POINT ( 'NONE',  ( 48.34089586420994777, 61.38786541851523992, -14.09999999999999076 ) ) ;
#1677 = CARTESIAN_POINT ( 'NONE',  ( 70.42426764446661025, 53.94696881240100339, -16.09999999999999787 ) ) ;
#1678 = CARTESIAN_POINT ( 'NONE',  ( 47.95774978732374194, 61.57531702668671869, -14.09999999999997300 ) ) ;
#1679 = ORIENTED_EDGE ( 'NONE', *, *, #1788, .F. ) ;
#1680 = FACE_OUTER_BOUND ( 'NONE', #4748, .T. ) ;
#1681 = ORIENTED_EDGE ( 'NONE', *, *, #1281, .F. ) ;
#1682 = ORIENTED_EDGE ( 'NONE', *, *, #5854, .F. ) ;
#1683 = DIRECTION ( 'NONE',  ( -0.000000000000000000, -0.000000000000000000, -1.000000000000000000 ) ) ;
#1684 = ADVANCED_FACE ( 'NONE', ( #226 ), #4395, .T. ) ;
#1685 = CARTESIAN_POINT ( 'NONE',  ( 62.86567389446659604, 56.41627684811528809, -16.09999999999999076 ) ) ;
#1686 = EDGE_LOOP ( 'NONE', ( #2649, #6673, #3579, #82 ) ) ;
#1687 = CARTESIAN_POINT ( 'NONE',  ( 74.74067389446662446, 46.57531702668672580, -14.09999999999997655 ) ) ;
#1688 = EDGE_LOOP ( 'NONE', ( #335, #3468, #4814, #976 ) ) ;
#1689 = CARTESIAN_POINT ( 'NONE',  ( 51.95328550160945724, 60.36995988382957279, -16.09999999999999787 ) ) ;
#1690 = EDGE_LOOP ( 'NONE', ( #4536, #5330, #4343, #4904 ) ) ;
#1691 = VERTEX_POINT ( 'NONE', #6495 ) ;
#1692 = CARTESIAN_POINT ( 'NONE',  ( 62.11511585875231845, 56.82643309811528809, -14.09999999999998010 ) ) ;
#1693 = CARTESIAN_POINT ( 'NONE',  ( 62.86567389446659604, 56.41627684811528809, -14.09999999999997300 ) ) ;
#1694 = ADVANCED_FACE ( 'NONE', ( #1883 ), #4057, .T. ) ;
#1695 = DIRECTION ( 'NONE',  ( -0.9507096663120008229, 0.3100824573898432468, 0.000000000000000000 ) ) ;
#1696 = CARTESIAN_POINT ( 'NONE',  ( 68.79201318018088784, 61.57531702668671869, 7.500000000000000000 ) ) ;
#1697 = VERTEX_POINT ( 'NONE', #3444 ) ;
#1698 = CARTESIAN_POINT ( 'NONE',  ( 47.98934413687841527, 60.37864441258799530, -14.09999999999998721 ) ) ;
#1699 = VERTEX_POINT ( 'NONE', #3477 ) ;
#1700 = ADVANCED_FACE ( 'NONE', ( #6018 ), #3516, .T. ) ;
#1701 = EDGE_CURVE ( 'NONE', #2107, #4726, #3537, .T. ) ;
#1702 = ORIENTED_EDGE ( 'NONE', *, *, #4500, .F. ) ;
#1703 = CARTESIAN_POINT ( 'NONE',  ( 73.46013757566188929, 51.47508221046921761, -16.10000000000000142 ) ) ;
#1704 = LINE ( 'NONE', #5841, #5887 ) ;
#1705 = PERSON_AND_ORGANIZATION ( #1833, #1116 ) ;
#1706 = LINE ( 'NONE', #234, #5632 ) ;
#1707 = ORIENTED_EDGE ( 'NONE', *, *, #4654, .T. ) ;
#1708 = EDGE_CURVE ( 'NONE', #5094, #5248, #2461, .T. ) ;
#1709 = CARTESIAN_POINT ( 'NONE',  ( 42.75964710875231845, 47.70812952668671869, -16.09999999999999787 ) ) ;
#1710 = CARTESIAN_POINT ( 'NONE',  ( 39.78054087712100539, 60.55466371537126946, -14.09999999999999432 ) ) ;
#1711 = CARTESIAN_POINT ( 'NONE',  ( 31.33665603732374549, 60.99216970525814219, -16.09999999999999787 ) ) ;
#1712 = ORIENTED_EDGE ( 'NONE', *, *, #2760, .T. ) ;
#1713 = LINE ( 'NONE', #4176, #16 ) ;
#1714 = ORIENTED_EDGE ( 'NONE', *, *, #2974, .T. ) ;
#1715 = ORIENTED_EDGE ( 'NONE', *, *, #3361, .T. ) ;
#1716 = CARTESIAN_POINT ( 'NONE',  ( 57.73813736918347672, 61.02751012131820119, -16.09999999999999432 ) ) ;
#1717 = B_SPLINE_SURFACE_WITH_KNOTS ( 'NONE', 3, 1, ( 
 ( #2008, #6204 ),
 ( #4046, #5692 ),
 ( #6688, #6718 ),
 ( #454, #6142 ),
 ( #2551, #3505 ),
 ( #4109, #3022 ),
 ( #1487, #2038 ) ),
 .UNSPECIFIED., .F., .F., .F.,
 ( 4, 1, 1, 1, 4 ),
 ( 2, 2 ),
 ( 0.000000000000000000, 0.2384334365235107334, 0.4679193469423800766, 0.7147732665689326970, 1.000000000000000000 ),
 ( 0.000000000000000000, 1.000000000000000000 ),
 .UNSPECIFIED. ) ;
#1718 = CARTESIAN_POINT ( 'NONE',  ( 57.64474472473975908, 60.70875901833913701, -14.09999999999998721 ) ) ;
#1719 = EDGE_LOOP ( 'NONE', ( #3740, #6413, #3700, #2526 ) ) ;
#1720 = CARTESIAN_POINT ( 'NONE',  ( 31.33665603732374549, 60.99216970525814219, -14.09999999999998010 ) ) ;
#1721 = CARTESIAN_POINT ( 'NONE',  ( 52.53922300160945724, 47.82531702668671159, 7.500000000000000000 ) ) ;
#1722 = EDGE_LOOP ( 'NONE', ( #3363, #6403, #4127, #3728 ) ) ;
#1723 = EDGE_LOOP ( 'NONE', ( #5904, #5726, #1904, #5961, #3576, #1665, #342, #3324, #6048, #1335, #5290, #5948, #2934, #5857, #5708, #2471 ) ) ;
#1724 = CARTESIAN_POINT ( 'NONE',  ( 61.40920068018088784, 60.93357595525814929, -16.09999999999999787 ) ) ;
#1725 = DIRECTION ( 'NONE',  ( 0.000000000000000000, -0.000000000000000000, 1.000000000000000000 ) ) ;
#1726 = CARTESIAN_POINT ( 'NONE',  ( 43.24035516290486214, 60.68105338696633311, -16.09999999999998721 ) ) ;
#1727 = AXIS2_PLACEMENT_3D ( 'NONE', #6461, #1944, #880 ) ;
#1728 = DIRECTION ( 'NONE',  ( -0.6755693251051521075, 0.7372964715614535036, 0.000000000000000000 ) ) ;
#1729 = VECTOR ( 'NONE', #5421, 1000.000000000000000 ) ;
#1730 = B_SPLINE_CURVE_WITH_KNOTS ( 'NONE', 3,
 ( #2983, #201, #2304, #6028, #1373, #852, #1925, #3997, #6058 ),
 .UNSPECIFIED., .F., .F.,
 ( 4, 1, 1, 1, 1, 1, 4 ),
 ( 0.000000000000000000, 0.2067089010957227357, 0.4597951786394025575, 0.5947476787588045211, 0.7228465956166283402, 0.8577565441032175553, 0.9999999999999998890 ),
 .UNSPECIFIED. ) ;
#1731 = LINE ( 'NONE', #288, #3950 ) ;
#1732 = CARTESIAN_POINT ( 'NONE',  ( 26.05662824968335300, 60.86126327753767384, -16.09999999999999432 ) ) ;
#1733 = CARTESIAN_POINT ( 'NONE',  ( 74.52685164857568623, 46.58028818683793304, -14.09999999999998721 ) ) ;
#1734 = VECTOR ( 'NONE', #1159, 1000.000000000000000 ) ;
#1735 = CIRCLE ( 'NONE', #5203, 52.95827939944611984 ) ;
#1736 = EDGE_CURVE ( 'NONE', #2971, #4615, #5000, .T. ) ;
#1737 = CARTESIAN_POINT ( 'NONE',  ( 104.4984287815129989, 53.00157121848699404, -1.599999999999998979 ) ) ;
#1738 = VERTEX_POINT ( 'NONE', #4966 ) ;
#1739 = VECTOR ( 'NONE', #2772, 1000.000000000000000 ) ;
#1740 = ORIENTED_EDGE ( 'NONE', *, *, #1490, .T. ) ;
#1741 = AXIS2_PLACEMENT_3D ( 'NONE', #2232, #2775, #4297 ) ;
#1742 = CARTESIAN_POINT ( 'NONE',  ( 31.33679006481392904, 60.85151876839533003, -16.09999999999999432 ) ) ;
#1743 = DIRECTION ( 'NONE',  ( -1.000000000000000000, 0.000000000000000000, 0.000000000000000000 ) ) ;
#1744 = EDGE_CURVE ( 'NONE', #5877, #3798, #670, .T. ) ;
#1745 = EDGE_CURVE ( 'NONE', #5792, #5502, #1299, .T. ) ;
#1746 = AXIS2_PLACEMENT_3D ( 'NONE', #4757, #4830, #1626 ) ;
#1747 = APPROVAL_STATUS ( 'not_yet_approved' ) ;
#1748 = FACE_OUTER_BOUND ( 'NONE', #145, .T. ) ;
#1749 = DIRECTION ( 'NONE',  ( -0.000000000000000000, -0.000000000000000000, 1.000000000000000000 ) ) ;
#1750 = DIRECTION ( 'NONE',  ( -1.000000000000000000, 0.000000000000000000, 0.000000000000000000 ) ) ;
#1751 = AXIS2_PLACEMENT_3D ( 'NONE', #4280, #2679, #3639 ) ;
#1752 = CARTESIAN_POINT ( 'NONE',  ( 64.49792835875231845, 59.75891077668671159, 7.500000000000000000 ) ) ;
#1753 = PLANE ( 'NONE',  #672 ) ;
#1754 = ORIENTED_EDGE ( 'NONE', *, *, #54, .F. ) ;
#1755 = EDGE_CURVE ( 'NONE', #2876, #1837, #5985, .T. ) ;
#1756 = CARTESIAN_POINT ( 'NONE',  ( 26.63520514446659959, 61.57531702668671869, -14.09999999999997655 ) ) ;
#1757 = EDGE_CURVE ( 'NONE', #70, #5670, #1852, .T. ) ;
#1758 = CARTESIAN_POINT ( 'NONE',  ( 55.99807190171697613, 0.1283123998628843410, -24.09999999999999787 ) ) ;
#1759 = EDGE_LOOP ( 'NONE', ( #5352, #1566, #1296, #5221 ) ) ;
#1760 = CARTESIAN_POINT ( 'NONE',  ( 48.45440157303802664, 60.99216970525814219, -16.09999999999999787 ) ) ;
#1761 = CARTESIAN_POINT ( 'NONE',  ( 75.27917835875231845, 46.85712506240100339, -14.09999999999997655 ) ) ;
#1762 = B_SPLINE_CURVE_WITH_KNOTS ( 'NONE', 3,
 ( #1720, #1836, #2860, #4922, #250 ),
 .UNSPECIFIED., .F., .F.,
 ( 4, 1, 4 ),
 ( 0.000000000000000000, 0.5752325325929393829, 1.000000000000000000 ),
 .UNSPECIFIED. ) ;
#1763 = CARTESIAN_POINT ( 'NONE',  ( 0.000000000000000000, 47.70812952668671869, -14.09999999999999432 ) ) ;
#1764 = CARTESIAN_POINT ( 'NONE',  ( 31.29155405516245025, 61.23522481258653727, -16.09999999999999076 ) ) ;
#1765 = EDGE_LOOP ( 'NONE', ( #4311, #2787, #1069, #3217 ) ) ;
#1766 = CARTESIAN_POINT ( 'NONE',  ( 48.74119004948047262, 48.61993379424637851, -14.09999999999996412 ) ) ;
#1767 = ORIENTED_EDGE ( 'NONE', *, *, #2204, .T. ) ;
#1768 = CARTESIAN_POINT ( 'NONE',  ( 57.41366496589517254, 47.31192416954386459, 7.500000000000000000 ) ) ;
#1769 = CARTESIAN_POINT ( 'NONE',  ( 63.89524978732374905, 51.84596434811528809, -14.09999999999998721 ) ) ;
#1770 = LINE ( 'NONE', #1254, #4022 ) ;
#1771 = DIRECTION ( 'NONE',  ( 0.000000000000000000, 0.000000000000000000, -1.000000000000000000 ) ) ;
#1772 = DIRECTION ( 'NONE',  ( -0.000000000000000000, -0.000000000000000000, -1.000000000000000000 ) ) ;
#1773 = FACE_OUTER_BOUND ( 'NONE', #2951, .T. ) ;
#1774 = CARTESIAN_POINT ( 'NONE',  ( 51.88338700372743517, 60.37083618906824256, -16.09999999999998010 ) ) ;
#1775 = ORIENTED_EDGE ( 'NONE', *, *, #5843, .T. ) ;
#1776 = B_SPLINE_CURVE_WITH_KNOTS ( 'NONE', 3,
 ( #133, #1201, #6564, #2234, #1710, #3792, #3287 ),
 .UNSPECIFIED., .F., .F.,
 ( 4, 1, 1, 1, 4 ),
 ( 0.000000000000000000, 0.2838934833689656934, 0.5309679183147403281, 0.7641352268554387761, 0.9999999999999998890 ),
 .UNSPECIFIED. ) ;
#1777 = CARTESIAN_POINT ( 'NONE',  ( 0.000000000000000000, 60.36995988382957279, -14.09999999999999432 ) ) ;
#1778 = AXIS2_PLACEMENT_3D ( 'NONE', #774, #6418, #2797 ) ;
#1779 = ORIENTED_EDGE ( 'NONE', *, *, #921, .T. ) ;
#1780 = ORIENTED_EDGE ( 'NONE', *, *, #3634, .F. ) ;
#1781 = EDGE_CURVE ( 'NONE', #1884, #1826, #1491, .T. ) ;
#1782 = CARTESIAN_POINT ( 'NONE',  ( 72.63906909313904237, 58.77306583829738429, -16.09999999999999432 ) ) ;
#1783 = AXIS2_PLACEMENT_3D ( 'NONE', #1902, #805, #2379 ) ;
#1784 = PLANE ( 'NONE',  #1450 ) ;
#1785 = CARTESIAN_POINT ( 'NONE',  ( 52.29554041627144301, 60.38854419871173462, -14.09999999999997300 ) ) ;
#1786 = DIRECTION ( 'NONE',  ( 1.000000000000000000, -0.000000000000000000, 0.000000000000000000 ) ) ;
#1787 = AXIS2_PLACEMENT_3D ( 'NONE', #4004, #4575, #2541 ) ;
#1788 = EDGE_CURVE ( 'NONE', #5861, #4460, #6121, .T. ) ;
#1789 = CARTESIAN_POINT ( 'NONE',  ( 26.85362864658967652, 60.37344443850036413, -16.09999999999999787 ) ) ;
#1790 = FACE_OUTER_BOUND ( 'NONE', #6253, .T. ) ;
#1791 = CARTESIAN_POINT ( 'NONE',  ( 31.32331676976266621, 61.14399153471228487, -16.09999999999999787 ) ) ;
#1792 = VERTEX_POINT ( 'NONE', #4560 ) ;
#1793 = LINE ( 'NONE', #2343, #6622 ) ;
#1794 = FACE_OUTER_BOUND ( 'NONE', #6342, .T. ) ;
#1795 = ORIENTED_EDGE ( 'NONE', *, *, #6254, .F. ) ;
#1796 = ORIENTED_EDGE ( 'NONE', *, *, #375, .T. ) ;
#1797 = CARTESIAN_POINT ( 'NONE',  ( 48.44106230547694736, 61.14399153471228487, -16.09999999999999787 ) ) ;
#1798 = ADVANCED_FACE ( 'NONE', ( #4431 ), #6631, .T. ) ;
#1799 = ADVANCED_FACE ( 'NONE', ( #3417 ), #5483, .T. ) ;
#1800 = CARTESIAN_POINT ( 'NONE',  ( 74.79422786859755945, 46.57801286948176767, -16.09999999999999076 ) ) ;
#1801 = ORIENTED_EDGE ( 'NONE', *, *, #5601, .F. ) ;
#1802 = CARTESIAN_POINT ( 'NONE',  ( 49.53750259879727480, 47.83142035289869654, -16.09999999999999076 ) ) ;
#1803 = DIRECTION ( 'NONE',  ( 0.8950331698085474130, -0.4459995795317118206, 0.000000000000000000 ) ) ;
#1804 = ORIENTED_EDGE ( 'NONE', *, *, #3586, .F. ) ;
#1805 = CARTESIAN_POINT ( 'NONE',  ( 51.38700375603154669, 61.46446569515378400, -16.09999999999999787 ) ) ;
#1806 = CARTESIAN_POINT ( 'NONE',  ( 47.98934413687841527, 60.37864441258799530, -16.09999999999999787 ) ) ;
#1807 = CARTESIAN_POINT ( 'NONE',  ( 52.00087584805926610, 46.69387352576109151, -14.09999999999996589 ) ) ;
#1808 = EDGE_CURVE ( 'NONE', #2704, #3186, #6729, .T. ) ;
#1809 = DIRECTION ( 'NONE',  ( 0.000000000000000000, 0.000000000000000000, -1.000000000000000000 ) ) ;
#1810 = CARTESIAN_POINT ( 'NONE',  ( 57.67154155373301450, 60.76551674293570215, -16.09999999999999787 ) ) ;
#1811 = CARTESIAN_POINT ( 'NONE',  ( 51.40980014203525883, 60.45023888678340285, -16.09999999999997300 ) ) ;
#1812 = FACE_OUTER_BOUND ( 'NONE', #6317, .T. ) ;
#1813 = ORIENTED_EDGE ( 'NONE', *, *, #4631, .F. ) ;
#1814 = B_SPLINE_CURVE_WITH_KNOTS ( 'NONE', 3,
 ( #5711, #5617, #5110, #6130, #3622 ),
 .UNSPECIFIED., .F., .F.,
 ( 4, 1, 4 ),
 ( 0.000000000000000000, 0.4044095493906807448, 1.000000000000000000 ),
 .UNSPECIFIED. ) ;
#1815 = CARTESIAN_POINT ( 'NONE',  ( 52.99842878151299885, 53.00157121848699404, -6.099999999999997868 ) ) ;
#1816 = ORIENTED_EDGE ( 'NONE', *, *, #5897, .T. ) ;
#1817 = ORIENTED_EDGE ( 'NONE', *, *, #1529, .F. ) ;
#1818 = CARTESIAN_POINT ( 'NONE',  ( 56.28676247505608643, 60.31549808869674223, -14.09999999999997300 ) ) ;
#1819 = CARTESIAN_POINT ( 'NONE',  ( 68.79201318018088784, 61.57531702668671869, -14.09999999999999076 ) ) ;
#1820 = CARTESIAN_POINT ( 'NONE',  ( 46.55708014446660314, 59.99886613382957989, -16.09999999999999787 ) ) ;
#1821 = CARTESIAN_POINT ( 'NONE',  ( 69.99178996589516544, 56.73993756240100339, -14.09999999999998721 ) ) ;
#1822 = EDGE_LOOP ( 'NONE', ( #5866, #3434, #6719, #2144 ) ) ;
#1823 = B_SPLINE_CURVE_WITH_KNOTS ( 'NONE', 3,
 ( #4863, #2225, #709, #1667, #4832, #2292, #743 ),
 .UNSPECIFIED., .F., .F.,
 ( 4, 1, 1, 1, 4 ),
 ( 0.000000000000000000, 0.2244113494442519785, 0.4513270568285798756, 0.7046054108960744244, 1.000000000000000000 ),
 .UNSPECIFIED. ) ;
#1824 = DIRECTION ( 'NONE',  ( -0.3262191627295246144, 0.9452941647275984183, 0.000000000000000000 ) ) ;
#1825 = LINE ( 'NONE', #3897, #4163 ) ;
#1826 = VERTEX_POINT ( 'NONE', #5227 ) ;
#1827 = LINE ( 'NONE', #1272, #2722 ) ;
#1828 = CARTESIAN_POINT ( 'NONE',  ( 48.17593044605315100, 60.45294197436516725, -14.09999999999997300 ) ) ;
#1829 = EDGE_CURVE ( 'NONE', #932, #3317, #4215, .T. ) ;
#1830 = EDGE_LOOP ( 'NONE', ( #2529, #4129, #2672, #2007 ) ) ;
#1831 = EDGE_LOOP ( 'NONE', ( #841, #4519, #3585, #6187 ) ) ;
#1832 = CARTESIAN_POINT ( 'NONE',  ( 73.31912475539633078, 51.21209992732593719, -14.09999999999996945 ) ) ;
#1833 = PERSON ( '未指定', '未指定', '未指定', ('未指定'), ('未指定'), ('未指定') ) ;
#1834 = CARTESIAN_POINT ( 'NONE',  ( 39.77311909278490987, 61.39546626969976728, -14.09999999999997655 ) ) ;
#1835 = ORIENTED_EDGE ( 'NONE', *, *, #5936, .F. ) ;
#1836 = CARTESIAN_POINT ( 'NONE',  ( 31.33178489575999492, 61.04761095196477783, -14.09999999999999076 ) ) ;
#1837 = VERTEX_POINT ( 'NONE', #3126 ) ;
#1838 = CARTESIAN_POINT ( 'NONE',  ( 51.06024934489200007, 61.02530854735845622, -16.09999999999999787 ) ) ;
#1839 = EDGE_CURVE ( 'NONE', #4418, #124, #5701, .T. ) ;
#1840 = B_SPLINE_CURVE_WITH_KNOTS ( 'NONE', 3,
 ( #2827, #3110, #1053, #28, #5657, #6292, #4168 ),
 .UNSPECIFIED., .F., .F.,
 ( 4, 1, 1, 1, 4 ),
 ( 0.000000000000000000, 0.2384334365235107334, 0.4679193469423800766, 0.7147732665689326970, 1.000000000000000000 ),
 .UNSPECIFIED. ) ;
#1841 = EDGE_CURVE ( 'NONE', #6120, #4562, #4767, .T. ) ;
#1842 = ORIENTED_EDGE ( 'NONE', *, *, #4793, .F. ) ;
#1843 = CARTESIAN_POINT ( 'NONE',  ( 53.04230130916199215, 0.04330999182739999481, -24.09999999999999787 ) ) ;
#1844 = CARTESIAN_POINT ( 'NONE',  ( 43.12795068018088784, 61.05355363382957279, 7.500000000000000000 ) ) ;
#1845 = LINE ( 'NONE', #3268, #5432 ) ;
#1846 = LINE ( 'NONE', #1329, #1001 ) ;
#1847 = DIRECTION ( 'NONE',  ( -0.9659728710256997308, -0.2586434078850006757, 0.000000000000000000 ) ) ;
#1848 = CARTESIAN_POINT ( 'NONE',  ( 14.60640649870387975, -4.600747414890844489, -14.09999999999999432 ) ) ;
#1849 = DIRECTION ( 'NONE',  ( -1.000000000000000000, 0.000000000000000000, -0.000000000000000000 ) ) ;
#1850 = EDGE_CURVE ( 'NONE', #1645, #6652, #6699, .T. ) ;
#1851 = AXIS2_PLACEMENT_3D ( 'NONE', #1843, #2863, #2354 ) ;
#1852 = LINE ( 'NONE', #2363, #3583 ) ;
#1853 = ORIENTED_EDGE ( 'NONE', *, *, #3424, .T. ) ;
#1854 = CARTESIAN_POINT ( 'NONE',  ( 57.08986723713714895, 60.38305180128045890, -16.09999999999999076 ) ) ;
#1855 = VECTOR ( 'NONE', #1285, 1000.000000000000000 ) ;
#1856 = FACE_OUTER_BOUND ( 'NONE', #1723, .T. ) ;
#1857 = CARTESIAN_POINT ( 'NONE',  ( 56.50127657303802664, 61.57531702668671869, 7.500000000000000000 ) ) ;
#1858 = VECTOR ( 'NONE', #4637, 1000.000000000000000 ) ;
#1859 = AXIS2_PLACEMENT_3D ( 'NONE', #2619, #432, #6152 ) ;
#1860 = DIRECTION ( 'NONE',  ( -0.000000000000000000, -0.000000000000000000, 1.000000000000000000 ) ) ;
#1861 = AXIS2_PLACEMENT_3D ( 'NONE', #4714, #107, #3699 ) ;
#1862 = LINE ( 'NONE', #3793, #4146 ) ;
#1863 = VERTEX_POINT ( 'NONE', #978 ) ;
#1864 = DIRECTION ( 'NONE',  ( -1.000000000000000000, -9.171796719637874840E-16, 0.000000000000000000 ) ) ;
#1865 = VERTEX_POINT ( 'NONE', #1586 ) ;
#1866 = CARTESIAN_POINT ( 'NONE',  ( 73.30931228732374905, 51.17353131240100339, -16.09999999999998721 ) ) ;
#1867 = AXIS2_PLACEMENT_3D ( 'NONE', #2940, #3832, #5549 ) ;
#1868 = EDGE_CURVE ( 'NONE', #3702, #5429, #1652, .T. ) ;
#1869 = DIRECTION ( 'NONE',  ( -0.000000000000000000, -0.000000000000000000, 1.000000000000000000 ) ) ;
#1870 = ORIENTED_EDGE ( 'NONE', *, *, #2972, .F. ) ;
#1871 = CARTESIAN_POINT ( 'NONE',  ( 72.64524978732374905, 59.12554024097243399, -16.09999999999999787 ) ) ;
#1872 = CARTESIAN_POINT ( 'NONE',  ( 74.89863483874943029, 46.58326859107489071, -16.09999999999999787 ) ) ;
#1873 = ORIENTED_EDGE ( 'NONE', *, *, #264, .T. ) ;
#1874 = CARTESIAN_POINT ( 'NONE',  ( 48.58740567540692723, 48.77874423345995325, -14.09999999999999076 ) ) ;
#1875 = CARTESIAN_POINT ( 'NONE',  ( 73.03587478732374905, 47.28123220525814219, 7.500000000000000000 ) ) ;
#1876 = CARTESIAN_POINT ( 'NONE',  ( 106.8601459312400124, 53.03888764915900111, -1.599999999999998979 ) ) ;
#1877 = EDGE_CURVE ( 'NONE', #3415, #894, #6241, .T. ) ;
#1878 = DIRECTION ( 'NONE',  ( 0.000000000000000000, -0.000000000000000000, -1.000000000000000000 ) ) ;
#1879 = CARTESIAN_POINT ( 'NONE',  ( 47.77638818018088784, 60.36995988382957279, 7.500000000000000000 ) ) ;
#1880 = CARTESIAN_POINT ( 'NONE',  ( -0.8566900081725992155, 52.95769869083799364, -16.09999999999999787 ) ) ;
#1881 = ORIENTED_EDGE ( 'NONE', *, *, #3663, .F. ) ;
#1882 = PERSON_AND_ORGANIZATION ( #1833, #1116 ) ;
#1883 = FACE_OUTER_BOUND ( 'NONE', #6073, .T. ) ;
#1884 = VERTEX_POINT ( 'NONE', #1530 ) ;
#1885 = ADVANCED_FACE ( 'NONE', ( #1496 ), #2618, .F. ) ;
#1886 = CARTESIAN_POINT ( 'NONE',  ( 72.63713539099144612, 58.43543334468339623, -16.09999999999999076 ) ) ;
#1887 = EDGE_CURVE ( 'NONE', #2516, #5106, #3032, .T. ) ;
#1888 = CARTESIAN_POINT ( 'NONE',  ( 61.71153483295288567, 61.44966318734114452, -14.09999999999997300 ) ) ;
#1889 = AXIS2_PLACEMENT_3D ( 'NONE', #4858, #6490, #5911 ) ;
#1890 = CARTESIAN_POINT ( 'NONE',  ( 52.29368728732374194, 60.38949113382957279, -16.09999999999999787 ) ) ;
#1891 = LINE ( 'NONE', #5922, #1073 ) ;
#1892 = VECTOR ( 'NONE', #1803, 1000.000000000000227 ) ;
#1893 = CARTESIAN_POINT ( 'NONE',  ( 38.68791179051284956, 47.49300939220001538, -16.10000000000000142 ) ) ;
#1894 = ORIENTED_EDGE ( 'NONE', *, *, #4859, .F. ) ;
#1895 = LINE ( 'NONE', #6401, #2768 ) ;
#1896 = CC_DESIGN_SECURITY_CLASSIFICATION ( #3961, ( #2224 ) ) ;
#1897 = ORIENTED_EDGE ( 'NONE', *, *, #2591, .T. ) ;
#1898 = CARTESIAN_POINT ( 'NONE',  ( 39.26355335875231134, 61.57531702668680396, -14.09999999999999432 ) ) ;
#1899 = DIRECTION ( 'NONE',  ( -0.000000000000000000, -0.000000000000000000, -1.000000000000000000 ) ) ;
#1900 = ORIENTED_EDGE ( 'NONE', *, *, #2463, .T. ) ;
#1901 = DIRECTION ( 'NONE',  ( 0.8944271909999158554, -0.4472135954999579277, 0.000000000000000000 ) ) ;
#1902 = CARTESIAN_POINT ( 'NONE',  ( 52.99842878151299885, 53.00157121848699404, -1.599999999999998979 ) ) ;
#1903 = ORIENTED_EDGE ( 'NONE', *, *, #5268, .T. ) ;
#1904 = ORIENTED_EDGE ( 'NONE', *, *, #6650, .T. ) ;
#1905 = CARTESIAN_POINT ( 'NONE',  ( 38.18654443018088784, 60.19417863382957279, -14.09999999999997655 ) ) ;
#1906 = CARTESIAN_POINT ( 'NONE',  ( 31.05818491033887696, 60.45294197436518147, -14.09999999999996945 ) ) ;
#1907 = CARTESIAN_POINT ( 'NONE',  ( 31.25982613755506989, 61.31179960689748043, -14.09999999999999076 ) ) ;
#1908 = CARTESIAN_POINT ( 'NONE',  ( 65.73397746589516544, 47.25612059811529519, -16.09999999999999787 ) ) ;
#1909 = CARTESIAN_POINT ( 'NONE',  ( 63.69156675160945724, 60.81917863382957279, -14.09999999999998721 ) ) ;
#1910 = CARTESIAN_POINT ( 'NONE',  ( 51.38700375603154669, 61.46446569515378400, -14.09999999999997300 ) ) ;
#1911 = ORIENTED_EDGE ( 'NONE', *, *, #2350, .F. ) ;
#1912 = APPROVAL_STATUS ( 'not_yet_approved' ) ;
#1913 = EDGE_CURVE ( 'NONE', #3382, #51, #4090, .T. ) ;
#1914 = DIRECTION ( 'NONE',  ( -0.000000000000000000, -0.000000000000000000, 1.000000000000000000 ) ) ;
#1915 = ORIENTED_EDGE ( 'NONE', *, *, #6476, .T. ) ;
#1916 = CARTESIAN_POINT ( 'NONE',  ( 75.32325736923901616, 47.18147139454920591, -16.09999999999998366 ) ) ;
#1917 = CARTESIAN_POINT ( 'NONE',  ( 52.38576318018088784, 46.57531702668671869, -16.09999999999999787 ) ) ;
#1918 = LINE ( 'NONE', #2912, #5775 ) ;
#1919 = EDGE_CURVE ( 'NONE', #5997, #398, #4690, .T. ) ;
#1920 = CARTESIAN_POINT ( 'NONE',  ( 32.26158985500124743, 46.68105021993461179, -14.09999999999999076 ) ) ;
#1921 = EDGE_CURVE ( 'NONE', #3003, #5064, #2392, .T. ) ;
#1922 = VERTEX_POINT ( 'NONE', #3670 ) ;
#1923 = B_SPLINE_CURVE_WITH_KNOTS ( 'NONE', 3,
 ( #5507, #3952, #4393, #5542, #4459 ),
 .UNSPECIFIED., .F., .F.,
 ( 4, 1, 4 ),
 ( 0.000000000000000000, 0.4906606431025513082, 1.000000000000000000 ),
 .UNSPECIFIED. ) ;
#1924 = VERTEX_POINT ( 'NONE', #2084 ) ;
#1925 = CARTESIAN_POINT ( 'NONE',  ( 63.42405469978223920, 56.79326114607551546, -16.09999999999999787 ) ) ;
#1926 = CARTESIAN_POINT ( 'NONE',  ( 39.44491496589517254, 47.70812952668671869, -16.09999999999999787 ) ) ;
#1927 = ORIENTED_EDGE ( 'NONE', *, *, #2801, .F. ) ;
#1928 = CARTESIAN_POINT ( 'NONE',  ( 32.72166902089162477, 46.57745706067679947, -14.09999999999997300 ) ) ;
#1929 = DIRECTION ( 'NONE',  ( -0.000000000000000000, -0.000000000000000000, -1.000000000000000000 ) ) ;
#1930 = EDGE_LOOP ( 'NONE', ( #3420, #5437, #2289, #6460 ) ) ;
#1931 = CARTESIAN_POINT ( 'NONE',  ( 48.39580782303802664, 61.27397774097242689, -16.09999999999999787 ) ) ;
#1932 = CARTESIAN_POINT ( 'NONE',  ( 0.04330999182739999481, 52.95769869083799364, -24.09999999999999787 ) ) ;
#1933 = LINE ( 'NONE', #931, #3394 ) ;
#1934 = CARTESIAN_POINT ( 'NONE',  ( 61.40920068018088784, 60.93357595525814929, 7.500000000000000000 ) ) ;
#1935 = ORIENTED_EDGE ( 'NONE', *, *, #5611, .F. ) ;
#1936 = CARTESIAN_POINT ( 'NONE',  ( 62.13743728732374194, 61.57252684811528809, -16.09999999999999787 ) ) ;
#1937 = B_SPLINE_SURFACE_WITH_KNOTS ( 'NONE', 3, 1, ( 
 ( #4236, #2165 ),
 ( #609, #3247 ),
 ( #721, #3691 ),
 ( #1095, #5320 ),
 ( #4913, #6031 ) ),
 .UNSPECIFIED., .F., .F., .F.,
 ( 4, 1, 4 ),
 ( 2, 2 ),
 ( 0.000000000000000000, 0.5511875762474863771, 1.000000000000000000 ),
 ( 0.000000000000000000, 1.000000000000000000 ),
 .UNSPECIFIED. ) ;
#1938 = CARTESIAN_POINT ( 'NONE',  ( 43.47114264446660314, 46.57531702668671869, -16.09999999999999787 ) ) ;
#1939 = CARTESIAN_POINT ( 'NONE',  ( 72.62571853732374905, 56.88223666954385749, -16.09999999999999787 ) ) ;
#1940 = DIRECTION ( 'NONE',  ( 0.000000000000000000, 0.000000000000000000, -1.000000000000000000 ) ) ;
#1941 = CARTESIAN_POINT ( 'NONE',  ( 51.47205888128794271, 61.52375132560094784, -16.09999999999999076 ) ) ;
#1942 = ORIENTED_EDGE ( 'NONE', *, *, #6227, .T. ) ;
#1943 = PERSON_AND_ORGANIZATION ( #1833, #1116 ) ;
#1944 = DIRECTION ( 'NONE',  ( 0.9538037098581119144, -0.3004304962231744147, 0.000000000000000000 ) ) ;
#1945 = VERTEX_POINT ( 'NONE', #1074 ) ;
#1946 = CARTESIAN_POINT ( 'NONE',  ( 72.51411139446661025, 59.38223666954386459, -14.09999999999998721 ) ) ;
#1947 = DIRECTION ( 'NONE',  ( -0.000000000000000000, -0.000000000000000000, 1.000000000000000000 ) ) ;
#1948 = EDGE_CURVE ( 'NONE', #2682, #4912, #4425, .T. ) ;
#1949 = CARTESIAN_POINT ( 'NONE',  ( 30.22058460875231489, 60.36995988382957279, 7.500000000000000000 ) ) ;
#1950 = DIRECTION ( 'NONE',  ( 1.000000000000000000, 0.000000000000000000, -0.000000000000000000 ) ) ;
#1951 = ORIENTED_EDGE ( 'NONE', *, *, #1547, .F. ) ;
#1952 = AXIS2_PLACEMENT_3D ( 'NONE', #5869, #3228, #1725 ) ;
#1953 = ORIENTED_EDGE ( 'NONE', *, *, #3662, .F. ) ;
#1954 = CIRCLE ( 'NONE', #418, 0.8999999999999980238 ) ;
#1955 = CARTESIAN_POINT ( 'NONE',  ( 38.87013818018088784, 46.69529470525814929, -16.09999999999999787 ) ) ;
#1956 = ADVANCED_FACE ( 'NONE', ( #5640 ), #45, .T. ) ;
#1957 = ADVANCED_FACE ( 'NONE', ( #624 ), #5405, .T. ) ;
#1958 = DIRECTION ( 'NONE',  ( -1.000000000000000000, 0.000000000000000000, 0.000000000000000000 ) ) ;
#1959 = LINE ( 'NONE', #1508, #3922 ) ;
#1960 = VECTOR ( 'NONE', #2155, 1000.000000000000000 ) ;
#1961 = DIRECTION ( 'NONE',  ( 0.000000000000000000, 0.000000000000000000, -1.000000000000000000 ) ) ;
#1962 = AXIS2_PLACEMENT_3D ( 'NONE', #3047, #5590, #3016 ) ;
#1963 = CARTESIAN_POINT ( 'NONE',  ( 57.65364326904170866, 61.21776872434307393, -16.09999999999999432 ) ) ;
#1964 = CARTESIAN_POINT ( 'NONE',  ( 52.22732407154605738, 60.38364111526535538, -14.09999999999996945 ) ) ;
#1965 = AXIS2_PLACEMENT_3D ( 'NONE', #4762, #5840, #89 ) ;
#1966 = VECTOR ( 'NONE', #6319, 999.9999999999998863 ) ;
#1967 = B_SPLINE_CURVE_WITH_KNOTS ( 'NONE', 3,
 ( #22, #3824, #5272, #675, #3173, #1152, #1703, #4800, #125, #2126, #3280 ),
 .UNSPECIFIED., .F., .F.,
 ( 4, 1, 1, 1, 1, 1, 1, 1, 4 ),
 ( 0.000000000000000000, 0.1587551611877039137, 0.3023374658423012562, 0.4334144958913300205, 0.5515800555969037067, 0.6606209103062498089, 0.7692352672089317611, 0.8811815869300051451, 1.000000000000000000 ),
 .UNSPECIFIED. ) ;
#1968 = ADVANCED_FACE ( 'NONE', ( #5769 ), #5024, .T. ) ;
#1969 = CARTESIAN_POINT ( 'NONE',  ( 26.63520514446659959, 61.57531702668671869, -14.09999999999996945 ) ) ;
#1970 = VERTEX_POINT ( 'NONE', #1109 ) ;
#1971 = EDGE_CURVE ( 'NONE', #2498, #3783, #3745, .T. ) ;
#1972 = CARTESIAN_POINT ( 'NONE',  ( 69.90521651553882521, 61.22120457886830280, -14.09999999999999432 ) ) ;
#1973 = CARTESIAN_POINT ( 'NONE',  ( 0.04330999182739999481, 52.95769869083799364, -6.099999999999997868 ) ) ;
#1974 = VERTEX_POINT ( 'NONE', #6313 ) ;
#1975 = VECTOR ( 'NONE', #6524, 1000.000000000000000 ) ;
#1976 = CARTESIAN_POINT ( 'NONE',  ( 51.12181228732374194, 61.21817416954385749, -14.09999999999997300 ) ) ;
#1977 = DIRECTION ( 'NONE',  ( -0.4550821126781784409, 0.8904494767926846022, 0.000000000000000000 ) ) ;
#1978 = FACE_OUTER_BOUND ( 'NONE', #4889, .T. ) ;
#1979 = EDGE_CURVE ( 'NONE', #551, #3215, #2685, .T. ) ;
#1980 = VECTOR ( 'NONE', #2926, 1000.000000000000000 ) ;
#1981 = CARTESIAN_POINT ( 'NONE',  ( 28.09167835875231489, 59.95980363382957989, -16.09999999999999787 ) ) ;
#1982 = CARTESIAN_POINT ( 'NONE',  ( 30.65864264446659959, 60.36995988382957279, -16.09999999999999787 ) ) ;
#1983 = VERTEX_POINT ( 'NONE', #5907 ) ;
#1984 = LINE ( 'NONE', #4055, #5096 ) ;
#1985 = CARTESIAN_POINT ( 'NONE',  ( 70.50239264446659604, 57.72487059811528809, 7.500000000000000000 ) ) ;
#1986 = FACE_OUTER_BOUND ( 'NONE', #6592, .T. ) ;
#1987 = ORIENTED_EDGE ( 'NONE', *, *, #5375, .F. ) ;
#1988 = DIRECTION ( 'NONE',  ( 0.000000000000000000, 0.000000000000000000, -1.000000000000000000 ) ) ;
#1989 = PLANE ( 'NONE',  #3060 ) ;
#1990 = VERTEX_POINT ( 'NONE', #1658 ) ;
#1991 = CARTESIAN_POINT ( 'NONE',  ( 32.43699128771915241, 46.60413937651448890, -14.09999999999997655 ) ) ;
#1992 = ORIENTED_EDGE ( 'NONE', *, *, #2350, .T. ) ;
#1993 = EDGE_CURVE ( 'NONE', #6560, #1019, #2282, .T. ) ;
#1994 = VERTEX_POINT ( 'NONE', #115 ) ;
#1995 = DIRECTION ( 'NONE',  ( 0.4283740459960283520, 0.9036015032728711427, 0.000000000000000000 ) ) ;
#1996 = AXIS2_PLACEMENT_3D ( 'NONE', #3860, #2773, #1743 ) ;
#1997 = FACE_OUTER_BOUND ( 'NONE', #6549, .T. ) ;
#1998 = LINE ( 'NONE', #4072, #2290 ) ;
#1999 = CARTESIAN_POINT ( 'NONE',  ( -8.479821859152554708, 24.57221106913520714, -14.09999999999999432 ) ) ;
#2000 = EDGE_LOOP ( 'NONE', ( #3648, #1190, #1505, #608 ) ) ;
#2001 = CARTESIAN_POINT ( 'NONE',  ( 57.22114264446660314, 60.38391077668671159, -14.09999999999998010 ) ) ;
#2002 = EDGE_CURVE ( 'NONE', #1970, #4833, #3304, .T. ) ;
#2003 = AXIS2_PLACEMENT_3D ( 'NONE', #4556, #3002, #6209 ) ;
#2004 = CARTESIAN_POINT ( 'NONE',  ( 51.75117919201014871, 60.37249365527298295, -14.09999999999998721 ) ) ;
#2005 = ORIENTED_EDGE ( 'NONE', *, *, #5030, .F. ) ;
#2006 = CARTESIAN_POINT ( 'NONE',  ( 43.86223646664431186, 47.32649832620397490, -16.09999999999999787 ) ) ;
#2007 = ORIENTED_EDGE ( 'NONE', *, *, #4603, .F. ) ;
#2008 = CARTESIAN_POINT ( 'NONE',  ( 57.64803996589516544, 61.24049559811528809, -14.09999999999996945 ) ) ;
#2009 = ORIENTED_EDGE ( 'NONE', *, *, #6141, .T. ) ;
#2010 = ADVANCED_FACE ( 'NONE', ( #732 ), #5374, .T. ) ;
#2011 = CARTESIAN_POINT ( 'NONE',  ( 48.42091943018088784, 60.73268309811529519, -14.09999999999997655 ) ) ;
#2012 = EDGE_CURVE ( 'NONE', #854, #4304, #5095, .T. ) ;
#2013 = CARTESIAN_POINT ( 'NONE',  ( 30.65864264446660314, 60.36995988382957989, -14.09999999999997300 ) ) ;
#2014 = B_SPLINE_CURVE_WITH_KNOTS ( 'NONE', 3,
 ( #2525, #1037, #5669, #2614, #1008 ),
 .UNSPECIFIED., .F., .F.,
 ( 4, 1, 4 ),
 ( 0.000000000000000000, 0.5752325325929393829, 1.000000000000000000 ),
 .UNSPECIFIED. ) ;
#2015 = DIRECTION ( 'NONE',  ( 0.8904494767926846022, 0.4550821126781784409, -0.000000000000000000 ) ) ;
#2016 = CARTESIAN_POINT ( 'NONE',  ( 33.10562925160946435, 46.66739291954386459, -16.10000000000000142 ) ) ;
#2017 = LINE ( 'NONE', #6118, #4677 ) ;
#2018 = CARTESIAN_POINT ( 'NONE',  ( 44.00406675160945724, 60.36995988382957279, 7.500000000000000000 ) ) ;
#2019 = VERTEX_POINT ( 'NONE', #147 ) ;
#2020 = DIRECTION ( 'NONE',  ( 0.000000000000000000, 0.000000000000000000, -1.000000000000000000 ) ) ;
#2021 = CARTESIAN_POINT ( 'NONE',  ( 61.48308411722760525, 61.22677631824290501, -14.09999999999999076 ) ) ;
#2022 = CARTESIAN_POINT ( 'NONE',  ( 70.50239264446659604, 58.85489291954386459, 7.500000000000000000 ) ) ;
#2023 = ORIENTED_EDGE ( 'NONE', *, *, #3831, .T. ) ;
#2024 = LINE ( 'NONE', #4093, #4243 ) ;
#2025 = LINE ( 'NONE', #5195, #5331 ) ;
#2026 = DIRECTION ( 'NONE',  ( -1.000000000000000000, 0.000000000000000000, 0.000000000000000000 ) ) ;
#2027 = VERTEX_POINT ( 'NONE', #2281 ) ;
#2028 = ORIENTED_EDGE ( 'NONE', *, *, #4613, .T. ) ;
#2029 = DIRECTION ( 'NONE',  ( -0.2835844554808930607, 0.9589472647698649155, 0.000000000000000000 ) ) ;
#2030 = CARTESIAN_POINT ( 'NONE',  ( 39.55522600387412524, 61.53672385634425268, -16.09999999999999787 ) ) ;
#2031 = PLANE ( 'NONE',  #4674 ) ;
#2032 = CARTESIAN_POINT ( 'NONE',  ( 51.68478185298976513, 15.66859914113386409, -14.09999999999999432 ) ) ;
#2033 = CARTESIAN_POINT ( 'NONE',  ( 51.14184100871580085, 61.24183341626882537, -16.09999999999999787 ) ) ;
#2034 = DIRECTION ( 'NONE',  ( -1.000000000000000000, 0.000000000000000000, 0.000000000000000000 ) ) ;
#2035 = ORIENTED_EDGE ( 'NONE', *, *, #3336, .T. ) ;
#2036 = CARTESIAN_POINT ( 'NONE',  ( 68.79201318018087363, 61.57531702668671869, -14.09999999999999432 ) ) ;
#2037 = EDGE_CURVE ( 'NONE', #4796, #2273, #5336, .T. ) ;
#2038 = CARTESIAN_POINT ( 'NONE',  ( 57.03978103732374194, 61.57531702668671869, -16.09999999999998721 ) ) ;
#2039 = VERTEX_POINT ( 'NONE', #1769 ) ;
#2040 = PLANE ( 'NONE',  #964 ) ;
#2041 = CARTESIAN_POINT ( 'NONE',  ( 30.65864264446660314, 60.36995988382957989, -16.09999999999999076 ) ) ;
#2042 = CARTESIAN_POINT ( 'NONE',  ( 72.05151505206791285, 37.89992988287946929, -14.09999999999999432 ) ) ;
#2043 = DIRECTION ( 'NONE',  ( 0.000000000000000000, 0.000000000000000000, -1.000000000000000000 ) ) ;
#2044 = ADVANCED_FACE ( 'NONE', ( #1253 ), #6215, .T. ) ;
#2045 = EDGE_CURVE ( 'NONE', #6019, #5972, #6683, .T. ) ;
#2046 = CARTESIAN_POINT ( 'NONE',  ( 72.64524978732374905, 59.12554024097243399, -16.09999999999999787 ) ) ;
#2047 = ORIENTED_EDGE ( 'NONE', *, *, #2922, .F. ) ;
#2048 = DIRECTION ( 'NONE',  ( 1.000000000000000000, 0.000000000000000000, 0.000000000000000000 ) ) ;
#2049 = CARTESIAN_POINT ( 'NONE',  ( 31.05818491033887696, 60.45294197436518147, -14.09999999999998721 ) ) ;
#2050 = CARTESIAN_POINT ( 'NONE',  ( 43.47114264446660314, 46.57531702668671869, -14.09999999999998010 ) ) ;
#2051 = VERTEX_POINT ( 'NONE', #872 ) ;
#2052 = CARTESIAN_POINT ( 'NONE',  ( 39.92900063436164970, 60.84048397464962932, -14.09999999999997300 ) ) ;
#2053 = B_SPLINE_SURFACE_WITH_KNOTS ( 'NONE', 3, 1, ( 
 ( #5781, #2100 ),
 ( #2698, #5176 ),
 ( #3722, #2065 ),
 ( #4704, #4641 ),
 ( #1124, #3210 ),
 ( #5687, #6713 ),
 ( #6228, #2131 ) ),
 .UNSPECIFIED., .F., .F., .F.,
 ( 4, 1, 1, 1, 4 ),
 ( 2, 2 ),
 ( 0.000000000000000000, 0.2455349696445554286, 0.4812480391771650767, 0.7281969728705597333, 1.000000000000000000 ),
 ( 0.000000000000000000, 1.000000000000000000 ),
 .UNSPECIFIED. ) ;
#2054 = DIRECTION ( 'NONE',  ( 0.3108931784516331120, 0.9504448598378766322, -0.000000000000000000 ) ) ;
#2055 = B_SPLINE_CURVE_WITH_KNOTS ( 'NONE', 3,
 ( #366, #2496, #6593, #3007, #5610 ),
 .UNSPECIFIED., .F., .F.,
 ( 4, 1, 4 ),
 ( 0.000000000000000000, 0.5511875762474863771, 1.000000000000000000 ),
 .UNSPECIFIED. ) ;
#2056 = EDGE_CURVE ( 'NONE', #3415, #5567, #4520, .T. ) ;
#2057 = ORIENTED_EDGE ( 'NONE', *, *, #4761, .F. ) ;
#2058 = LINE ( 'NONE', #3619, #3905 ) ;
#2059 = VERTEX_POINT ( 'NONE', #4452 ) ;
#2060 = EDGE_LOOP ( 'NONE', ( #2742, #5299, #1628, #6297 ) ) ;
#2061 = FACE_OUTER_BOUND ( 'NONE', #5368, .T. ) ;
#2062 = DIRECTION ( 'NONE',  ( -0.7182402227891723223, -0.6957952158270134246, 0.000000000000000000 ) ) ;
#2063 = DIRECTION ( 'NONE',  ( 0.4672561737412991856, -0.8841219758046062749, 0.000000000000000000 ) ) ;
#2064 = CARTESIAN_POINT ( 'NONE',  ( 75.31382075277672072, 47.03661247152894731, -14.09999999999999076 ) ) ;
#2065 = CARTESIAN_POINT ( 'NONE',  ( 57.36508962962993508, 60.41961820541699524, -16.09999999999999076 ) ) ;
#2066 = VECTOR ( 'NONE', #969, 1000.000000000000000 ) ;
#2067 = B_SPLINE_CURVE_WITH_KNOTS ( 'NONE', 3,
 ( #1760, #5895, #1797, #5930, #1931 ),
 .UNSPECIFIED., .F., .F.,
 ( 4, 1, 4 ),
 ( 0.000000000000000000, 0.5752325325929393829, 1.000000000000000000 ),
 .UNSPECIFIED. ) ;
#2068 = CARTESIAN_POINT ( 'NONE',  ( 62.19464910571920768, 61.57085691692334706, -14.09999999999996945 ) ) ;
#2069 = ORIENTED_EDGE ( 'NONE', *, *, #5219, .T. ) ;
#2070 = AXIS2_PLACEMENT_3D ( 'NONE', #357, #2015, #1977 ) ;
#2071 = CARTESIAN_POINT ( 'NONE',  ( 55.68096407303803375, 48.71538399097242689, -16.09999999999999787 ) ) ;
#2072 = VECTOR ( 'NONE', #2588, 1000.000000000000114 ) ;
#2073 = DIRECTION ( 'NONE',  ( -0.000000000000000000, -0.000000000000000000, -1.000000000000000000 ) ) ;
#2074 = ORIENTED_EDGE ( 'NONE', *, *, #2454, .F. ) ;
#2075 = CARTESIAN_POINT ( 'NONE',  ( 61.44826318018088784, 61.17632149097243399, -16.09999999999999787 ) ) ;
#2076 = AXIS2_PLACEMENT_3D ( 'NONE', #1624, #4794, #3777 ) ;
#2077 = VECTOR ( 'NONE', #5335, 1000.000000000000000 ) ;
#2078 = CARTESIAN_POINT ( 'NONE',  ( 40.13302287073888408, 47.86558133860411601, -14.09999999999998721 ) ) ;
#2079 = CARTESIAN_POINT ( 'NONE',  ( 39.90346906129732218, 60.75834674562596405, -14.09999999999998721 ) ) ;
#2080 = B_SPLINE_CURVE_WITH_KNOTS ( 'NONE', 3,
 ( #6640, #3523, #4470, #1920, #1991, #848, #2500 ),
 .UNSPECIFIED., .F., .F.,
 ( 4, 1, 1, 1, 4 ),
 ( 0.000000000000000000, 0.2422568541122011310, 0.4780042978743958004, 0.7266281105510933314, 1.000000000000000000 ),
 .UNSPECIFIED. ) ;
#2081 = AXIS2_PLACEMENT_3D ( 'NONE', #6577, #4007, #5624 ) ;
#2082 = CARTESIAN_POINT ( 'NONE',  ( 51.10550413295052152, 60.71439353680205642, -16.09999999999999432 ) ) ;
#2083 = ORIENTED_EDGE ( 'NONE', *, *, #1788, .T. ) ;
#2084 = CARTESIAN_POINT ( 'NONE',  ( 39.88855335875231134, 60.71036166954386459, -16.09999999999999787 ) ) ;
#2085 = DIRECTION ( 'NONE',  ( 1.000000000000000000, 0.000000000000000000, -0.000000000000000000 ) ) ;
#2086 = EDGE_CURVE ( 'NONE', #2755, #4505, #3881, .T. ) ;
#2087 = VECTOR ( 'NONE', #4624, 1000.000000000000000 ) ;
#2088 = LINE ( 'NONE', #4632, #6397 ) ;
#2089 = CARTESIAN_POINT ( 'NONE',  ( 65.48286139446659604, 47.38167863382957279, -14.09999999999998721 ) ) ;
#2090 = ORIENTED_EDGE ( 'NONE', *, *, #789, .F. ) ;
#2091 = DIRECTION ( 'NONE',  ( -0.000000000000000000, -0.000000000000000000, -1.000000000000000000 ) ) ;
#2092 = ORIENTED_EDGE ( 'NONE', *, *, #6291, .F. ) ;
#2093 = EDGE_CURVE ( 'NONE', #2436, #1567, #5939, .T. ) ;
#2094 = EDGE_CURVE ( 'NONE', #5414, #5501, #760, .T. ) ;
#2095 = ORIENTED_EDGE ( 'NONE', *, *, #2470, .F. ) ;
#2096 = PLANE ( 'NONE',  #4882 ) ;
#2097 = DIRECTION ( 'NONE',  ( 0.1693912155993329005, -0.9855488907597533821, 0.000000000000000000 ) ) ;
#2098 = FACE_OUTER_BOUND ( 'NONE', #4648, .T. ) ;
#2099 = LINE ( 'NONE', #129, #5900 ) ;
#2100 = CARTESIAN_POINT ( 'NONE',  ( 57.22114264446660314, 60.38391077668671159, -16.09999999999999076 ) ) ;
#2101 = EDGE_CURVE ( 'NONE', #2313, #3289, #6582, .T. ) ;
#2102 = CARTESIAN_POINT ( 'NONE',  ( 50.85395514446659604, 48.37498220525814929, 7.500000000000000000 ) ) ;
#2103 = CARTESIAN_POINT ( 'NONE',  ( 47.95774978732374194, 61.57531702668671869, -16.09999999999999076 ) ) ;
#2104 = ORIENTED_EDGE ( 'NONE', *, *, #3156, .T. ) ;
#2105 = DIRECTION ( 'NONE',  ( -1.000000000000000000, 0.000000000000000000, 0.000000000000000000 ) ) ;
#2106 = VECTOR ( 'NONE', #6224, 1000.000000000000000 ) ;
#2107 = VERTEX_POINT ( 'NONE', #1905 ) ;
#2108 = DIRECTION ( 'NONE',  ( 0.006958082053458793798, -0.9999757922540613020, 0.000000000000000000 ) ) ;
#2109 = B_SPLINE_SURFACE_WITH_KNOTS ( 'NONE', 3, 1, ( 
 ( #6207, #3767 ),
 ( #2208, #2677 ),
 ( #5253, #5791 ),
 ( #515, #4179 ),
 ( #4745, #6236 ),
 ( #550, #6265 ),
 ( #69, #1581 ) ),
 .UNSPECIFIED., .F., .F., .F.,
 ( 4, 1, 1, 1, 4 ),
 ( 2, 2 ),
 ( 0.000000000000000000, 0.3261631261545659410, 0.5868059191059555868, 0.7990061949277679210, 1.000000000000000000 ),
 ( 0.000000000000000000, 1.000000000000000000 ),
 .UNSPECIFIED. ) ;
#2110 = PLANE ( 'NONE',  #1861 ) ;
#2111 = VECTOR ( 'NONE', #6439, 1000.000000000000000 ) ;
#2112 = CARTESIAN_POINT ( 'NONE',  ( 50.43458066772974746, 47.20889847557580055, -14.09999999999998721 ) ) ;
#2113 = CARTESIAN_POINT ( 'NONE',  ( 58.35953550160945724, 48.99719202668671869, -14.09999999999998721 ) ) ;
#2114 = VERTEX_POINT ( 'NONE', #4421 ) ;
#2115 = ORIENTED_EDGE ( 'NONE', *, *, #2623, .F. ) ;
#2116 = DIRECTION ( 'NONE',  ( -0.9597206109038700639, -0.2809561335979381402, 0.000000000000000000 ) ) ;
#2117 = CIRCLE ( 'NONE', #1787, 52.95827939944611984 ) ;
#2118 = DIRECTION ( 'NONE',  ( -0.4389001899376440696, -0.8985358219195827001, 0.000000000000000000 ) ) ;
#2119 = CARTESIAN_POINT ( 'NONE',  ( 33.03574139049977987, 46.64024746490152751, -14.09999999999998721 ) ) ;
#2120 = CARTESIAN_POINT ( 'NONE',  ( 37.15797965785144896, 59.01924920048309531, -16.09999999999999787 ) ) ;
#2121 = ORIENTED_EDGE ( 'NONE', *, *, #4375, .T. ) ;
#2122 = ADVANCED_FACE ( 'NONE', ( #6487 ), #1325, .T. ) ;
#2123 = CARTESIAN_POINT ( 'NONE',  ( 70.00574085875231845, 59.84540631240100339, -16.09999999999999787 ) ) ;
#2124 = EDGE_LOOP ( 'NONE', ( #3603, #3752, #2005, #73 ) ) ;
#2125 = ORIENTED_EDGE ( 'NONE', *, *, #6704, .F. ) ;
#2126 = CARTESIAN_POINT ( 'NONE',  ( 73.31912475539633078, 51.21209992732593719, -16.09999999999999787 ) ) ;
#2127 = CARTESIAN_POINT ( 'NONE',  ( 39.28092902679153298, 60.37363250693206851, -14.09999999999997655 ) ) ;
#2128 = EDGE_CURVE ( 'NONE', #144, #727, #2996, .T. ) ;
#2129 = EDGE_CURVE ( 'NONE', #1452, #3563, #2929, .T. ) ;
#2130 = DIRECTION ( 'NONE',  ( 0.9872986031965172993, -0.1588756372959864438, 0.000000000000000000 ) ) ;
#2131 = CARTESIAN_POINT ( 'NONE',  ( 57.67036139446660314, 60.75779470525814929, -16.09999999999999076 ) ) ;
#2132 = CARTESIAN_POINT ( 'NONE',  ( 62.13743728732374194, 61.57252684811528809, -14.09999999999998010 ) ) ;
#2133 = DIRECTION ( 'NONE',  ( -0.7036063166426363980, -0.7105900021676226919, 0.000000000000000000 ) ) ;
#2134 = CARTESIAN_POINT ( 'NONE',  ( 63.42405469978223920, 56.79326114607551546, -14.09999999999998721 ) ) ;
#2135 = ORIENTED_EDGE ( 'NONE', *, *, #5066, .F. ) ;
#2136 = EDGE_CURVE ( 'NONE', #4261, #3384, #3116, .T. ) ;
#2137 = CARTESIAN_POINT ( 'NONE',  ( 48.11139894770033720, 61.54218813148447254, -16.09999999999999432 ) ) ;
#2138 = VERTEX_POINT ( 'NONE', #4989 ) ;
#2139 = DIRECTION ( 'NONE',  ( -0.9486832980505138790, 0.3162277660168379412, 0.000000000000000000 ) ) ;
#2140 = FACE_OUTER_BOUND ( 'NONE', #4024, .T. ) ;
#2141 = ORIENTED_EDGE ( 'NONE', *, *, #1291, .T. ) ;
#2142 = CARTESIAN_POINT ( 'NONE',  ( 74.09056228732374905, 46.81248220525814929, -16.09999999999999076 ) ) ;
#2143 = CARTESIAN_POINT ( 'NONE',  ( 53.03888764915900111, 105.9601459312399925, -6.099999999999997868 ) ) ;
#2144 = ORIENTED_EDGE ( 'NONE', *, *, #225, .T. ) ;
#2145 = ORIENTED_EDGE ( 'NONE', *, *, #5565, .T. ) ;
#2146 = CARTESIAN_POINT ( 'NONE',  ( 33.28978103732374905, 46.87665631240100339, 7.500000000000000000 ) ) ;
#2147 = DIRECTION ( 'NONE',  ( 0.000000000000000000, -0.000000000000000000, -1.000000000000000000 ) ) ;
#2148 = CARTESIAN_POINT ( 'NONE',  ( 19.15053212224443513, 58.71533706515516826, -14.09999999999999432 ) ) ;
#2149 = CARTESIAN_POINT ( 'NONE',  ( 43.88776793047021130, 47.19395826583033227, -14.09999999999996945 ) ) ;
#2150 = ORIENTED_EDGE ( 'NONE', *, *, #6402, .T. ) ;
#2151 = PLANE ( 'NONE',  #1294 ) ;
#2152 = VERTEX_POINT ( 'NONE', #4484 ) ;
#2153 = VERTEX_POINT ( 'NONE', #3469 ) ;
#2154 = EDGE_CURVE ( 'NONE', #674, #429, #5534, .T. ) ;
#2155 = DIRECTION ( 'NONE',  ( -0.000000000000000000, -0.000000000000000000, 1.000000000000000000 ) ) ;
#2156 = CARTESIAN_POINT ( 'NONE',  ( 39.78054087712100539, 60.55466371537126946, -16.10000000000000142 ) ) ;
#2157 = B_SPLINE_SURFACE_WITH_KNOTS ( 'NONE', 3, 1, ( 
 ( #5282, #5249 ),
 ( #5321, #3692 ),
 ( #1605, #4810 ),
 ( #101, #4711 ),
 ( #3216, #2167 ) ),
 .UNSPECIFIED., .F., .F., .F.,
 ( 4, 1, 4 ),
 ( 2, 2 ),
 ( 0.000000000000000000, 0.5511875762474863771, 1.000000000000000000 ),
 ( 0.000000000000000000, 1.000000000000000000 ),
 .UNSPECIFIED. ) ;
#2158 = CARTESIAN_POINT ( 'NONE',  ( 62.13743728732374194, 61.57252684811528809, -14.09999999999998010 ) ) ;
#2159 = CARTESIAN_POINT ( 'NONE',  ( 40.44379889446660314, 48.03179024097243399, -16.09999999999999076 ) ) ;
#2160 = EDGE_CURVE ( 'NONE', #5972, #2328, #343, .T. ) ;
#2161 = CARTESIAN_POINT ( 'NONE',  ( 48.39580782303802664, 61.27397774097242689, -14.09999999999998010 ) ) ;
#2162 = FACE_OUTER_BOUND ( 'NONE', #5827, .T. ) ;
#2163 = DIRECTION ( 'NONE',  ( -0.7114986210375732201, -0.7026874926036692504, 0.000000000000000000 ) ) ;
#2164 = EDGE_LOOP ( 'NONE', ( #4539, #3641 ) ) ;
#2165 = CARTESIAN_POINT ( 'NONE',  ( 26.51243728732374194, 60.42018309811528809, -16.09999999999999076 ) ) ;
#2166 = AXIS2_PLACEMENT_3D ( 'NONE', #2882, #4941, #268 ) ;
#2167 = CARTESIAN_POINT ( 'NONE',  ( 44.00406675160945724, 60.36995988382957279, -16.09999999999999076 ) ) ;
#2168 = ORIENTED_EDGE ( 'NONE', *, *, #489, .F. ) ;
#2169 = ORIENTED_EDGE ( 'NONE', *, *, #3248, .T. ) ;
#2170 = FACE_OUTER_BOUND ( 'NONE', #2276, .T. ) ;
#2171 = ADVANCED_FACE ( 'NONE', ( #6144 ), #3024, .T. ) ;
#2172 = EDGE_CURVE ( 'NONE', #4880, #1691, #415, .T. ) ;
#2173 = AXIS2_PLACEMENT_3D ( 'NONE', #4657, #2116, #466 ) ;
#2174 = CIRCLE ( 'NONE', #4559, 2.960456600711792952 ) ;
#2175 = CARTESIAN_POINT ( 'NONE',  ( 63.19534581346697166, 56.51764081307719323, -14.09999999999997300 ) ) ;
#2176 = VERTEX_POINT ( 'NONE', #6112 ) ;
#2177 = CARTESIAN_POINT ( 'NONE',  ( 74.52685164857568623, 46.58028818683793304, -16.09999999999999076 ) ) ;
#2178 = CARTESIAN_POINT ( 'NONE',  ( 36.59485958634552105, -19.39052300159583453, -14.09999999999999432 ) ) ;
#2179 = ORIENTED_EDGE ( 'NONE', *, *, #4783, .T. ) ;
#2180 = VERTEX_POINT ( 'NONE', #3150 ) ;
#2181 = LINE ( 'NONE', #2650, #1522 ) ;
#2182 = VECTOR ( 'NONE', #605, 1000.000000000000000 ) ;
#2183 = CIRCLE ( 'NONE', #3265, 52.95827939944611984 ) ;
#2184 = DIRECTION ( 'NONE',  ( -0.000000000000000000, -0.000000000000000000, -1.000000000000000000 ) ) ;
#2185 = DIRECTION ( 'NONE',  ( -0.000000000000000000, -0.000000000000000000, -1.000000000000000000 ) ) ;
#2186 = CARTESIAN_POINT ( 'NONE',  ( 68.15027210875230423, 47.82531702668671159, -14.09999999999998721 ) ) ;
#2187 = VECTOR ( 'NONE', #668, 1000.000000000000000 ) ;
#2188 = CARTESIAN_POINT ( 'NONE',  ( 43.89524978732374194, 47.05243756240100339, -16.09999999999998721 ) ) ;
#2189 = VECTOR ( 'NONE', #5774, 1000.000000000000000 ) ;
#2190 = ORIENTED_EDGE ( 'NONE', *, *, #2914, .F. ) ;
#2191 = B_SPLINE_CURVE_WITH_KNOTS ( 'NONE', 3,
 ( #3854, #4491, #2834, #3982, #4996, #1360, #3886 ),
 .UNSPECIFIED., .F., .F.,
 ( 4, 1, 1, 1, 4 ),
 ( 0.000000000000000000, 0.2299342313464998733, 0.4583369283291793272, 0.7109019876121617232, 1.000000000000000000 ),
 .UNSPECIFIED. ) ;
#2192 = LINE ( 'NONE', #596, #6721 ) ;
#2193 = ORIENTED_EDGE ( 'NONE', *, *, #3663, .T. ) ;
#2194 = CIRCLE ( 'NONE', #5981, 0.8999999999999980238 ) ;
#2195 = ORIENTED_EDGE ( 'NONE', *, *, #3788, .T. ) ;
#2196 = LINE ( 'NONE', #4835, #4349 ) ;
#2197 = CARTESIAN_POINT ( 'NONE',  ( 30.22058460875231489, 60.36995988382957279, 7.500000000000000000 ) ) ;
#2198 = CARTESIAN_POINT ( 'NONE',  ( 57.67036139446660314, 60.75779470525814929, -16.09999999999999787 ) ) ;
#2199 = LINE ( 'NONE', #132, #5201 ) ;
#2200 = CARTESIAN_POINT ( 'NONE',  ( 38.91611069239093013, 47.63297594396316015, -16.09999999999999432 ) ) ;
#2201 = CARTESIAN_POINT ( 'NONE',  ( 48.24148494808215304, 61.47726389958332049, -14.09999999999996945 ) ) ;
#2202 = VERTEX_POINT ( 'NONE', #3661 ) ;
#2203 = CARTESIAN_POINT ( 'NONE',  ( 106.8601459312400124, 53.03888764915900111, -16.09999999999999787 ) ) ;
#2204 = EDGE_CURVE ( 'NONE', #2107, #3103, #421, .T. ) ;
#2205 = ORIENTED_EDGE ( 'NONE', *, *, #4731, .F. ) ;
#2206 = ORIENTED_EDGE ( 'NONE', *, *, #6435, .F. ) ;
#2207 = FACE_OUTER_BOUND ( 'NONE', #4246, .T. ) ;
#2208 = CARTESIAN_POINT ( 'NONE',  ( 43.63578476945656348, 61.54878410874777472, -14.09999999999996589 ) ) ;
#2209 = ORIENTED_EDGE ( 'NONE', *, *, #4201, .T. ) ;
#2210 = CARTESIAN_POINT ( 'NONE',  ( 52.38576318018088784, 46.57531702668671869, -14.09999999999998721 ) ) ;
#2211 = ORIENTED_EDGE ( 'NONE', *, *, #5658, .T. ) ;
#2212 = VECTOR ( 'NONE', #1238, 1000.000000000000114 ) ;
#2213 = LINE ( 'NONE', #111, #3184 ) ;
#2214 = ORIENTED_EDGE ( 'NONE', *, *, #5639, .T. ) ;
#2215 = EDGE_CURVE ( 'NONE', #1473, #5035, #4734, .T. ) ;
#2216 = EDGE_CURVE ( 'NONE', #2442, #3819, #5218, .T. ) ;
#2217 = EDGE_LOOP ( 'NONE', ( #1842, #2993, #6544, #3235 ) ) ;
#2218 = CARTESIAN_POINT ( 'NONE',  ( 66.54591943018088784, 48.36661166954386459, -14.09999999999998721 ) ) ;
#2219 = CARTESIAN_POINT ( 'NONE',  ( 62.11511585875231845, 56.82643309811528809, -16.09999999999999432 ) ) ;
#2220 = VECTOR ( 'NONE', #2490, 1000.000000000000000 ) ;
#2221 = LINE ( 'NONE', #4187, #5746 ) ;
#2222 = DIRECTION ( 'NONE',  ( -0.2577193307609847439, 0.9662198231003699123, 0.000000000000000000 ) ) ;
#2223 = VERTEX_POINT ( 'NONE', #1061 ) ;
#2224 = PRODUCT_DEFINITION_FORMATION_WITH_SPECIFIED_SOURCE ( '任何', '', #6444, .NOT_KNOWN. ) ;
#2225 = CARTESIAN_POINT ( 'NONE',  ( 31.25982613755506989, 61.31179960689748043, -16.09999999999999787 ) ) ;
#2226 = ORIENTED_EDGE ( 'NONE', *, *, #6643, .F. ) ;
#2227 = ORIENTED_EDGE ( 'NONE', *, *, #1033, .F. ) ;
#2228 = CARTESIAN_POINT ( 'NONE',  ( 66.56824085875231845, 52.04127684811528809, -14.09999999999998721 ) ) ;
#2229 = CARTESIAN_POINT ( 'NONE',  ( 61.91136104050680444, 61.52948599171536870, -14.09999999999998010 ) ) ;
#2230 = B_SPLINE_CURVE_WITH_KNOTS ( 'NONE', 3,
 ( #1237, #1160, #5815, #5004, #368, #4840, #2740, #4807, #3447, #166, #2268 ),
 .UNSPECIFIED., .F., .F.,
 ( 4, 1, 1, 1, 1, 1, 1, 1, 4 ),
 ( 0.000000000000000000, 0.1322026541346304207, 0.2540083756576050344, 0.3651964621086364882, 0.4721727889892268770, 0.5802546120925462514, 0.7027704237250463892, 0.8399816142060014812, 1.000000000000000000 ),
 .UNSPECIFIED. ) ;
#2231 = DIRECTION ( 'NONE',  ( -0.9999755985999535524, -0.006985857475250263453, 0.000000000000000000 ) ) ;
#2232 = CARTESIAN_POINT ( 'NONE',  ( 33.10562925160945724, 46.66739291954385749, 7.500000000000000000 ) ) ;
#2233 = CARTESIAN_POINT ( 'NONE',  ( 31.33665603732374549, 60.99216970525814219, -14.09999999999998010 ) ) ;
#2234 = CARTESIAN_POINT ( 'NONE',  ( 39.61791245057145261, 60.44729077854557886, -14.09999999999998366 ) ) ;
#2235 = DIRECTION ( 'NONE',  ( 2.664535259100669532E-13, 1.000000000000000000, -0.000000000000000000 ) ) ;
#2236 = ORIENTED_EDGE ( 'NONE', *, *, #1255, .F. ) ;
#2237 = DIRECTION ( 'NONE',  ( -0.01489196544626040890, -0.9998891085341150564, 0.000000000000000000 ) ) ;
#2238 = EDGE_LOOP ( 'NONE', ( #6305, #5693, #2293, #4385 ) ) ;
#2239 = PLANE ( 'NONE',  #5644 ) ;
#2240 = ADVANCED_FACE ( 'NONE', ( #3061 ), #2040, .T. ) ;
#2241 = CARTESIAN_POINT ( 'NONE',  ( 74.89863483874943029, 46.58326859107489071, -16.09999999999999432 ) ) ;
#2242 = ORIENTED_EDGE ( 'NONE', *, *, #1701, .T. ) ;
#2243 = CARTESIAN_POINT ( 'NONE',  ( 67.91589710875231845, 46.57531702668671869, -14.09999999999998721 ) ) ;
#2244 = ORIENTED_EDGE ( 'NONE', *, *, #6714, .T. ) ;
#2245 = DIRECTION ( 'NONE',  ( -0.000000000000000000, -0.000000000000000000, -1.000000000000000000 ) ) ;
#2246 = ORIENTED_EDGE ( 'NONE', *, *, #5836, .F. ) ;
#2247 = B_SPLINE_CURVE_WITH_KNOTS ( 'NONE', 3,
 ( #121, #5914, #1698, #1261, #671, #1295, #2769 ),
 .UNSPECIFIED., .F., .F.,
 ( 4, 1, 1, 1, 4 ),
 ( 0.000000000000000000, 0.2826927617233503942, 0.5273111742167917448, 0.7580647735485528393, 1.000000000000000000 ),
 .UNSPECIFIED. ) ;
#2248 = ORIENTED_EDGE ( 'NONE', *, *, #3507, .T. ) ;
#2249 = CARTESIAN_POINT ( 'NONE',  ( 52.34112032303803375, 60.37275006240100339, -16.09999999999999787 ) ) ;
#2250 = CARTESIAN_POINT ( 'NONE',  ( 62.45424611635610290, 56.52035997525705113, -16.09999999999999432 ) ) ;
#2251 = CARTESIAN_POINT ( 'NONE',  ( 0.1251749871924237589, 50.00183953862546815, -1.599999999999998979 ) ) ;
#2252 = CARTESIAN_POINT ( 'NONE',  ( 29.43933460875231845, 59.99607595525814929, -14.09999999999998010 ) ) ;
#2253 = ADVANCED_FACE ( 'NONE', ( #2520 ), #5088, .T. ) ;
#2254 = CARTESIAN_POINT ( 'NONE',  ( 74.14806622864190899, 51.65742118067171873, -16.09999999999999076 ) ) ;
#2255 = EDGE_CURVE ( 'NONE', #2840, #2971, #4101, .T. ) ;
#2256 = CARTESIAN_POINT ( 'NONE',  ( 47.77638818018088784, 60.36995988382957279, -16.09999999999999787 ) ) ;
#2257 = ORIENTED_EDGE ( 'NONE', *, *, #6562, .F. ) ;
#2258 = DIRECTION ( 'NONE',  ( 0.6935383637797361001, -0.7204196957091931752, 0.000000000000000000 ) ) ;
#2259 = ORIENTED_EDGE ( 'NONE', *, *, #2128, .F. ) ;
#2260 = VERTEX_POINT ( 'NONE', #514 ) ;
#2261 = EDGE_CURVE ( 'NONE', #334, #473, #5052, .T. ) ;
#2262 = CARTESIAN_POINT ( 'NONE',  ( 31.33670606613485887, 60.93966854192218108, -14.09999999999996945 ) ) ;
#2263 = ADVANCED_FACE ( 'NONE', ( #3119 ), #4112, .T. ) ;
#2264 = CARTESIAN_POINT ( 'NONE',  ( 69.78705415130687584, 61.26069393676244346, -14.09999999999998721 ) ) ;
#2265 = APPLICATION_PROTOCOL_DEFINITION ( 'international standard', 'config_control_design', 1994, #650 ) ;
#2266 = CARTESIAN_POINT ( 'NONE',  ( 56.15654255804167150, 60.25940487334762707, -16.09999999999999787 ) ) ;
#2267 = CARTESIAN_POINT ( 'NONE',  ( 48.01152170587302237, 61.56372305344223861, -14.09999999999999076 ) ) ;
#2268 = CARTESIAN_POINT ( 'NONE',  ( 43.19770514446660314, 47.70812952668671869, -14.09999999999998721 ) ) ;
#2269 = B_SPLINE_CURVE_WITH_KNOTS ( 'NONE', 3,
 ( #6511, #4342, #764, #655, #3873, #1718, #5433 ),
 .UNSPECIFIED., .F., .F.,
 ( 4, 1, 1, 1, 4 ),
 ( 0.000000000000000000, 0.2455349696445554286, 0.4812480391771650767, 0.7281969728705597333, 1.000000000000000000 ),
 .UNSPECIFIED. ) ;
#2270 = CARTESIAN_POINT ( 'NONE',  ( 0.04014938206688134503, 53.00157121848699404, -16.09999999999999787 ) ) ;
#2271 = VERTEX_POINT ( 'NONE', #2785 ) ;
#2272 = DIRECTION ( 'NONE',  ( -0.000000000000000000, -0.000000000000000000, -1.000000000000000000 ) ) ;
#2273 = VERTEX_POINT ( 'NONE', #1647 ) ;
#2274 = DIRECTION ( 'NONE',  ( 0.000000000000000000, 0.000000000000000000, -1.000000000000000000 ) ) ;
#2275 = CARTESIAN_POINT ( 'NONE',  ( 39.93927885292554691, 61.00165726273408495, -14.09999999999997300 ) ) ;
#2276 = EDGE_LOOP ( 'NONE', ( #2885, #2023, #6641, #3041 ) ) ;
#2277 = CARTESIAN_POINT ( 'NONE',  ( 66.03810693018088784, 49.33201345525814219, 7.500000000000000000 ) ) ;
#2278 = FACE_BOUND ( 'NONE', #6421, .T. ) ;
#2279 = EDGE_LOOP ( 'NONE', ( #4602, #4848, #4174, #966 ) ) ;
#2280 = CYLINDRICAL_SURFACE ( 'NONE', #2945, 0.9000000000000119016 ) ;
#2281 = CARTESIAN_POINT ( 'NONE',  ( 32.63408907303803375, 46.57531702668671869, -16.09999999999999787 ) ) ;
#2282 = CIRCLE ( 'NONE', #6070, 0.8999999999999980238 ) ;
#2283 = CYLINDRICAL_SURFACE ( 'NONE', #3690, 2.956992594712494871 ) ;
#2284 = AXIS2_PLACEMENT_3D ( 'NONE', #5398, #4381, #4216 ) ;
#2285 = CARTESIAN_POINT ( 'NONE',  ( 38.87013818018088784, 46.69529470525814929, 7.500000000000000000 ) ) ;
#2286 = CARTESIAN_POINT ( 'NONE',  ( 70.57214710875231845, 47.82531702668671159, 7.500000000000000000 ) ) ;
#2287 = CARTESIAN_POINT ( 'NONE',  ( 67.91589710875231845, 46.57531702668671869, 7.500000000000000000 ) ) ;
#2288 = VECTOR ( 'NONE', #5466, 1000.000000000000000 ) ;
#2289 = ORIENTED_EDGE ( 'NONE', *, *, #4684, .F. ) ;
#2290 = VECTOR ( 'NONE', #6710, 1000.000000000000000 ) ;
#2291 = EDGE_CURVE ( 'NONE', #292, #2051, #4206, .T. ) ;
#2292 = CARTESIAN_POINT ( 'NONE',  ( 30.89377617015874478, 61.56372305344224571, -16.09999999999999787 ) ) ;
#2293 = ORIENTED_EDGE ( 'NONE', *, *, #358, .F. ) ;
#2294 = VECTOR ( 'NONE', #5666, 1000.000000000000114 ) ;
#2295 = ORIENTED_EDGE ( 'NONE', *, *, #3872, .T. ) ;
#2296 = VECTOR ( 'NONE', #4260, 1000.000000000000000 ) ;
#2297 = CARTESIAN_POINT ( 'NONE',  ( 75.27917835875231845, 46.85712506240100339, -14.09999999999997300 ) ) ;
#2298 = CARTESIAN_POINT ( 'NONE',  ( 62.13743728732374194, 61.57252684811528809, -14.09999999999997655 ) ) ;
#2299 = AXIS2_PLACEMENT_3D ( 'NONE', #1932, #4980, #4479 ) ;
#2300 = PERSON_AND_ORGANIZATION ( #1833, #1116 ) ;
#2301 = ADVANCED_FACE ( 'NONE', ( #4241, #5759, #3329, #2676 ), #2239, .T. ) ;
#2302 = CARTESIAN_POINT ( 'NONE',  ( 52.29368728732374194, 60.38949113382957279, -16.09999999999999076 ) ) ;
#2303 = EDGE_CURVE ( 'NONE', #193, #1970, #581, .T. ) ;
#2304 = CARTESIAN_POINT ( 'NONE',  ( 63.04826782400148488, 56.43967831155516279, -16.09999999999999787 ) ) ;
#2305 = VECTOR ( 'NONE', #6237, 1000.000000000000000 ) ;
#2306 = DIRECTION ( 'NONE',  ( -0.000000000000000000, -0.000000000000000000, -1.000000000000000000 ) ) ;
#2307 = CARTESIAN_POINT ( 'NONE',  ( 70.57214710875231845, 47.82531702668671159, -16.09999999999999787 ) ) ;
#2308 = ORIENTED_EDGE ( 'NONE', *, *, #2820, .F. ) ;
#2309 = LINE ( 'NONE', #5959, #3314 ) ;
#2310 = ORIENTED_EDGE ( 'NONE', *, *, #4823, .T. ) ;
#2311 = CARTESIAN_POINT ( 'NONE',  ( 52.15138818018088784, 60.36995988382957279, -16.09999999999999076 ) ) ;
#2312 = CARTESIAN_POINT ( 'NONE',  ( 51.51801764446660314, 61.55578577668671869, 7.500000000000000000 ) ) ;
#2313 = VERTEX_POINT ( 'NONE', #2747 ) ;
#2314 = CARTESIAN_POINT ( 'NONE',  ( 49.31022360371346025, 48.05053628339268812, -16.10000000000000142 ) ) ;
#2315 = LINE ( 'NONE', #6450, #5034 ) ;
#2316 = VERTEX_POINT ( 'NONE', #4815 ) ;
#2317 = DIRECTION ( 'NONE',  ( -0.7182402227891723223, -0.6957952158270134246, 0.000000000000000000 ) ) ;
#2318 = CARTESIAN_POINT ( 'NONE',  ( 29.56499462873739503, 60.05538659097184251, -14.09999999999997300 ) ) ;
#2319 = DIRECTION ( 'NONE',  ( -0.000000000000000000, -0.000000000000000000, -1.000000000000000000 ) ) ;
#2320 = DIRECTION ( 'NONE',  ( -0.000000000000000000, -0.000000000000000000, -1.000000000000000000 ) ) ;
#2321 = CARTESIAN_POINT ( 'NONE',  ( 57.73813736918347672, 61.02751012131820119, -16.09999999999999787 ) ) ;
#2322 = VECTOR ( 'NONE', #3559, 1000.000000000000000 ) ;
#2323 = CARTESIAN_POINT ( 'NONE',  ( 51.17666201135579485, 60.60516329178470585, -14.09999999999996412 ) ) ;
#2324 = CARTESIAN_POINT ( 'NONE',  ( 51.12181228732374194, 61.21817416954385749, -14.09999999999997300 ) ) ;
#2325 = ORIENTED_EDGE ( 'NONE', *, *, #4861, .T. ) ;
#2326 = CARTESIAN_POINT ( 'NONE',  ( 53.03888764915900111, 105.9601459312399925, -16.09999999999999787 ) ) ;
#2327 = AXIS2_PLACEMENT_3D ( 'NONE', #5818, #1163, #1096 ) ;
#2328 = VERTEX_POINT ( 'NONE', #3292 ) ;
#2329 = EDGE_LOOP ( 'NONE', ( #1903, #6210, #1407, #6039 ) ) ;
#2330 = CARTESIAN_POINT ( 'NONE',  ( 75.30552894238962836, 46.93142720985955663, -16.09999999999998721 ) ) ;
#2331 = EDGE_CURVE ( 'NONE', #1974, #1532, #5396, .T. ) ;
#2332 = VECTOR ( 'NONE', #4776, 1000.000000000000000 ) ;
#2333 = FACE_OUTER_BOUND ( 'NONE', #4778, .T. ) ;
#2334 = CARTESIAN_POINT ( 'NONE',  ( 56.10228103732374194, 60.23603131240100339, -16.09999999999999787 ) ) ;
#2335 = PLANE ( 'NONE',  #3797 ) ;
#2336 = B_SPLINE_CURVE_WITH_KNOTS ( 'NONE', 3,
 ( #899, #3974, #3533, #2006, #6545, #6071, #4079, #866, #6106, #1383, #6037 ),
 .UNSPECIFIED., .F., .F.,
 ( 4, 1, 1, 1, 1, 1, 1, 1, 4 ),
 ( 0.000000000000000000, 0.1322026541346304207, 0.2540083756576050344, 0.3651964621086364882, 0.4721727889892268770, 0.5802546120925462514, 0.7027704237250463892, 0.8399816142060014812, 1.000000000000000000 ),
 .UNSPECIFIED. ) ;
#2337 = VERTEX_POINT ( 'NONE', #1243 ) ;
#2338 = CARTESIAN_POINT ( 'NONE',  ( 50.07953380410244648, 105.8793492453731773, -24.09999999999999787 ) ) ;
#2339 = EDGE_CURVE ( 'NONE', #5054, #3475, #6621, .T. ) ;
#2340 = EDGE_CURVE ( 'NONE', #5670, #2549, #1608, .T. ) ;
#2341 = DIRECTION ( 'NONE',  ( 1.000000000000000000, 0.000000000000000000, 0.000000000000000000 ) ) ;
#2342 = ORIENTED_EDGE ( 'NONE', *, *, #910, .T. ) ;
#2343 = CARTESIAN_POINT ( 'NONE',  ( 70.79797986015768174, 36.18273140454540027, -14.09999999999999432 ) ) ;
#2344 = DIRECTION ( 'NONE',  ( -0.000000000000000000, -0.000000000000000000, -1.000000000000000000 ) ) ;
#2345 = ORIENTED_EDGE ( 'NONE', *, *, #5658, .F. ) ;
#2346 = ORIENTED_EDGE ( 'NONE', *, *, #4811, .F. ) ;
#2347 = CARTESIAN_POINT ( 'NONE',  ( 73.31912475539633078, 51.21209992732593719, -16.09999999999998721 ) ) ;
#2348 = CARTESIAN_POINT ( 'NONE',  ( 75.24485459512276009, 46.81420247564337700, -14.09999999999998010 ) ) ;
#2349 = ORIENTED_EDGE ( 'NONE', *, *, #4698, .F. ) ;
#2350 = EDGE_CURVE ( 'NONE', #2928, #5878, #6303, .T. ) ;
#2351 = FACE_OUTER_BOUND ( 'NONE', #4513, .T. ) ;
#2352 = CARTESIAN_POINT ( 'NONE',  ( 75.17781861010082878, 46.73037256951656104, -16.10000000000000142 ) ) ;
#2353 = VERTEX_POINT ( 'NONE', #6336 ) ;
#2354 = DIRECTION ( 'NONE',  ( -1.000000000000000000, 0.000000000000000000, 0.000000000000000000 ) ) ;
#2355 = CARTESIAN_POINT ( 'NONE',  ( 30.22058460875231489, 60.36995988382957279, -14.09999999999997300 ) ) ;
#2356 = DIRECTION ( 'NONE',  ( -1.000000000000000000, 0.000000000000000000, 0.000000000000000000 ) ) ;
#2357 = APPROVAL ( #1912, '未指定' ) ;
#2358 = DIRECTION ( 'NONE',  ( -1.000000000000000000, 0.000000000000000000, 0.000000000000000000 ) ) ;
#2359 = CARTESIAN_POINT ( 'NONE',  ( 1.498428781513010177, 53.00157121848700115, -167.7639969244287386 ) ) ;
#2360 = DIRECTION ( 'NONE',  ( 0.000000000000000000, -0.000000000000000000, 1.000000000000000000 ) ) ;
#2361 = LINE ( 'NONE', #260, #3724 ) ;
#2362 = ORIENTED_EDGE ( 'NONE', *, *, #2621, .T. ) ;
#2363 = CARTESIAN_POINT ( 'NONE',  ( 32.12088628318825556, 51.00404638828731407, 7.500000000000000000 ) ) ;
#2364 = ORIENTED_EDGE ( 'NONE', *, *, #8, .F. ) ;
#2365 = CARTESIAN_POINT ( 'NONE',  ( 56.85207080986886297, 60.38149582604587096, -14.09999999999997655 ) ) ;
#2366 = CARTESIAN_POINT ( 'NONE',  ( 66.56824085875231845, 52.04127684811528809, 7.500000000000000000 ) ) ;
#2367 = FACE_OUTER_BOUND ( 'NONE', #1151, .T. ) ;
#2368 = EDGE_CURVE ( 'NONE', #6652, #5529, #3480, .T. ) ;
#2369 = DIRECTION ( 'NONE',  ( 0.000000000000000000, -0.000000000000000000, 1.000000000000000000 ) ) ;
#2370 = FACE_OUTER_BOUND ( 'NONE', #4696, .T. ) ;
#2371 = VERTEX_POINT ( 'NONE', #691 ) ;
#2372 = CARTESIAN_POINT ( 'NONE',  ( 63.69156675160945724, 60.81917863382957279, -16.09999999999999787 ) ) ;
#2373 = B_SPLINE_CURVE_WITH_KNOTS ( 'NONE', 3,
 ( #4522, #3472, #2555, #5058, #939 ),
 .UNSPECIFIED., .F., .F.,
 ( 4, 1, 4 ),
 ( 0.000000000000000000, 0.4553261816266693796, 1.000000000000000000 ),
 .UNSPECIFIED. ) ;
#2374 = EDGE_CURVE ( 'NONE', #3647, #5749, #614, .T. ) ;
#2375 = CARTESIAN_POINT ( 'NONE',  ( 73.65815736722707641, 51.59667376997271759, -14.09999999999996589 ) ) ;
#2376 = CARTESIAN_POINT ( 'NONE',  ( 39.77311909278490987, 61.39546626969976728, -16.09999999999999432 ) ) ;
#2377 = LINE ( 'NONE', #6512, #4768 ) ;
#2378 = CARTESIAN_POINT ( 'NONE',  ( 55.68096407303803375, 0.000000000000000000, -14.09999999999999432 ) ) ;
#2379 = DIRECTION ( 'NONE',  ( 1.000000000000000000, 0.000000000000000000, 0.000000000000000000 ) ) ;
#2380 = ORIENTED_EDGE ( 'NONE', *, *, #2800, .F. ) ;
#2381 = ORIENTED_EDGE ( 'NONE', *, *, #3872, .F. ) ;
#2382 = CARTESIAN_POINT ( 'NONE',  ( 62.12285926261790792, 56.79361592825555505, -16.10000000000000142 ) ) ;
#2383 = ADVANCED_FACE ( 'NONE', ( #2170 ), #5821, .T. ) ;
#2384 = DIRECTION ( 'NONE',  ( -0.000000000000000000, -0.000000000000000000, -1.000000000000000000 ) ) ;
#2385 = ADVANCED_FACE ( 'NONE', ( #2207 ), #5184, .T. ) ;
#2386 = CARTESIAN_POINT ( 'NONE',  ( 64.66812925160945724, 48.17687952668671869, -14.09999999999998721 ) ) ;
#2387 = CARTESIAN_POINT ( 'NONE',  ( 61.44826318018088784, 61.17632149097243399, -16.09999999999999787 ) ) ;
#2388 = CARTESIAN_POINT ( 'NONE',  ( 57.74023484936051887, 60.94430802759647037, -16.10000000000000142 ) ) ;
#2389 = CARTESIAN_POINT ( 'NONE',  ( 51.88338700372743517, 60.37083618906824256, -14.09999999999996589 ) ) ;
#2390 = LINE ( 'NONE', #1392, #2543 ) ;
#2391 = ORIENTED_EDGE ( 'NONE', *, *, #2045, .T. ) ;
#2392 = CIRCLE ( 'NONE', #5196, 52.95827939944611984 ) ;
#2393 = CARTESIAN_POINT ( 'NONE',  ( 38.30835023002582318, 60.23971812400779413, -14.09999999999997655 ) ) ;
#2394 = ORIENTED_EDGE ( 'NONE', *, *, #2888, .T. ) ;
#2395 = CARTESIAN_POINT ( 'NONE',  ( 72.62889130769796964, 57.55931711467511747, -16.09999999999999076 ) ) ;
#2396 = VECTOR ( 'NONE', #754, 1000.000000000000000 ) ;
#2397 = CIRCLE ( 'NONE', #1611, 2.956992594712494871 ) ;
#2398 = LINE ( 'NONE', #5444, #2537 ) ;
#2399 = LINE ( 'NONE', #4469, #5638 ) ;
#2400 = DIRECTION ( 'NONE',  ( -0.9546102138819017036, 0.2978579183979331302, 0.000000000000000000 ) ) ;
#2401 = AXIS2_PLACEMENT_3D ( 'NONE', #4693, #5340, #4288 ) ;
#2402 = AXIS2_PLACEMENT_3D ( 'NONE', #4609, #3137, #2063 ) ;
#2403 = CARTESIAN_POINT ( 'NONE',  ( -0.8566900081725992155, 52.95769869083799364, -1.599999999999998979 ) ) ;
#2404 = VECTOR ( 'NONE', #2222, 1000.000000000000000 ) ;
#2405 = CARTESIAN_POINT ( 'NONE',  ( 74.02911002781206662, 51.66009094942418045, -14.09999999999998721 ) ) ;
#2406 = ORIENTED_EDGE ( 'NONE', *, *, #4654, .F. ) ;
#2407 = EDGE_CURVE ( 'NONE', #835, #3819, #2067, .T. ) ;
#2408 = CARTESIAN_POINT ( 'NONE',  ( 57.58107568018088784, 54.14228131240100339, 7.500000000000000000 ) ) ;
#2409 = CARTESIAN_POINT ( 'NONE',  ( 48.42091943018088784, 60.73268309811529519, -14.09999999999997655 ) ) ;
#2410 = ORIENTED_EDGE ( 'NONE', *, *, #4002, .F. ) ;
#2411 = CARTESIAN_POINT ( 'NONE',  ( 73.33818216842078641, 51.28700646653406636, -14.09999999999997300 ) ) ;
#2412 = AXIS2_PLACEMENT_3D ( 'NONE', #5266, #2766, #4258 ) ;
#2413 = CARTESIAN_POINT ( 'NONE',  ( 39.79368728732374194, 47.70812952668671869, -14.09999999999998721 ) ) ;
#2414 = VERTEX_POINT ( 'NONE', #6443 ) ;
#2415 = CARTESIAN_POINT ( 'NONE',  ( 49.10464242592443185, 48.25792642039525049, -16.09999999999999076 ) ) ;
#2416 = EDGE_CURVE ( 'NONE', #6143, #1465, #3460, .T. ) ;
#2417 = CARTESIAN_POINT ( 'NONE',  ( 75.24485459512276009, 46.81420247564337700, -16.10000000000000142 ) ) ;
#2418 = VERTEX_POINT ( 'NONE', #1276 ) ;
#2419 = CARTESIAN_POINT ( 'NONE',  ( 48.49324951490423530, 48.88166418203935848, -14.09999999999998721 ) ) ;
#2420 = CARTESIAN_POINT ( 'NONE',  ( 30.87159860116412347, 60.37864441258800952, -14.09999999999996945 ) ) ;
#2421 = CARTESIAN_POINT ( 'NONE',  ( 38.56879889446660314, 47.14172327668672580, -14.09999999999998366 ) ) ;
#2422 = LINE ( 'NONE', #1908, #3054 ) ;
#2423 = CARTESIAN_POINT ( 'NONE',  ( 51.95328550160945724, 60.36995988382957279, -14.09999999999998721 ) ) ;
#2424 = EDGE_CURVE ( 'NONE', #918, #251, #3871, .T. ) ;
#2425 = ADVANCED_FACE ( 'NONE', ( #276 ), #5513, .T. ) ;
#2426 = CARTESIAN_POINT ( 'NONE',  ( 51.51801764446660314, 61.55578577668671869, -16.09999999999999076 ) ) ;
#2427 = CALENDAR_DATE ( 2025, 23, 7 ) ;
#2428 = CARTESIAN_POINT ( 'NONE',  ( 38.74543905741057870, 60.35540885637099962, -14.09999999999998366 ) ) ;
#2429 = ORIENTED_EDGE ( 'NONE', *, *, #1157, .F. ) ;
#2430 = CARTESIAN_POINT ( 'NONE',  ( 57.64803996589516544, 61.24049559811528809, -14.09999999999997655 ) ) ;
#2431 = LINE ( 'NONE', #3990, #5653 ) ;
#2432 = EDGE_CURVE ( 'NONE', #1994, #1080, #6027, .T. ) ;
#2433 = PLANE ( 'NONE',  #3299 ) ;
#2434 = AXIS2_PLACEMENT_3D ( 'NONE', #3893, #3826, #2847 ) ;
#2435 = CARTESIAN_POINT ( 'NONE',  ( 73.54368728732374905, 47.83089738382957989, -16.09999999999999787 ) ) ;
#2436 = VERTEX_POINT ( 'NONE', #4514 ) ;
#2437 = VERTEX_POINT ( 'NONE', #247 ) ;
#2438 = CC_DESIGN_PERSON_AND_ORGANIZATION_ASSIGNMENT ( #678, #1394, ( #3961 ) ) ;
#2439 = DIRECTION ( 'NONE',  ( -1.000000000000000000, 0.000000000000000000, 0.000000000000000000 ) ) ;
#2440 = CIRCLE ( 'NONE', #1783, 51.50000000000000000 ) ;
#2441 = DIRECTION ( 'NONE',  ( -1.000000000000000000, 0.000000000000000000, 0.000000000000000000 ) ) ;
#2442 = VERTEX_POINT ( 'NONE', #3902 ) ;
#2443 = LINE ( 'NONE', #3494, #4669 ) ;
#2444 = CARTESIAN_POINT ( 'NONE',  ( 57.69627214192275488, 61.09439897283483134, -16.09999999999999787 ) ) ;
#2445 = EDGE_LOOP ( 'NONE', ( #2534, #6633, #6404, #4076 ) ) ;
#2446 = CARTESIAN_POINT ( 'NONE',  ( 39.31581170911694301, 61.57337022917437963, -14.09999999999999076 ) ) ;
#2447 = CARTESIAN_POINT ( 'NONE',  ( 51.95328550160945724, 60.36995988382957279, -14.09999999999998721 ) ) ;
#2448 = ORIENTED_EDGE ( 'NONE', *, *, #5020, .F. ) ;
#2449 = LINE ( 'NONE', #3465, #5452 ) ;
#2450 = ORIENTED_EDGE ( 'NONE', *, *, #1499, .F. ) ;
#2451 = CARTESIAN_POINT ( 'NONE',  ( 48.49324951490423530, 48.88166418203935848, -16.09999999999999076 ) ) ;
#2452 = ORIENTED_EDGE ( 'NONE', *, *, #4846, .F. ) ;
#2453 = CARTESIAN_POINT ( 'NONE',  ( 62.65641050160945724, 61.32420095525814929, -16.09999999999999787 ) ) ;
#2454 = EDGE_CURVE ( 'NONE', #5852, #6516, #6576, .T. ) ;
#2455 = CARTESIAN_POINT ( 'NONE',  ( 39.44491496589517254, 47.70812952668671869, -14.09999999999998010 ) ) ;
#2456 = CARTESIAN_POINT ( 'NONE',  ( 75.32382121589517965, 47.35377684811528809, -16.09999999999999787 ) ) ;
#2457 = LINE ( 'NONE', #4523, #2087 ) ;
#2458 = CARTESIAN_POINT ( 'NONE',  ( 51.51801764446660314, 61.55578577668671869, -14.09999999999998010 ) ) ;
#2459 = ORIENTED_EDGE ( 'NONE', *, *, #2129, .T. ) ;
#2460 = APPROVAL_ROLE ( '' ) ;
#2461 = LINE ( 'NONE', #2494, #2935 ) ;
#2462 = ORIENTED_EDGE ( 'NONE', *, *, #4603, .T. ) ;
#2463 = EDGE_CURVE ( 'NONE', #3534, #769, #1316, .T. ) ;
#2464 = EDGE_CURVE ( 'NONE', #1039, #1131, #1064, .T. ) ;
#2465 = PLANE ( 'NONE',  #1308 ) ;
#2466 = DIRECTION ( 'NONE',  ( -0.000000000000000000, -0.000000000000000000, -1.000000000000000000 ) ) ;
#2467 = CARTESIAN_POINT ( 'NONE',  ( 32.11836448549863121, 46.79669347231399712, -16.09999999999999076 ) ) ;
#2468 = ORIENTED_EDGE ( 'NONE', *, *, #6433, .T. ) ;
#2469 = ADVANCED_FACE ( 'NONE', ( #3971 ), #4166, .T. ) ;
#2470 = EDGE_CURVE ( 'NONE', #251, #2498, #1449, .T. ) ;
#2471 = ORIENTED_EDGE ( 'NONE', *, *, #4508, .T. ) ;
#2472 = DIRECTION ( 'NONE',  ( -0.000000000000000000, -0.000000000000000000, -1.000000000000000000 ) ) ;
#2473 = CARTESIAN_POINT ( 'NONE',  ( 39.26355335875231134, 61.57531702668671869, -16.09999999999999787 ) ) ;
#2474 = VERTEX_POINT ( 'NONE', #379 ) ;
#2475 = CARTESIAN_POINT ( 'NONE',  ( 72.72058460875231845, 48.78792863382957279, -14.09999999999998721 ) ) ;
#2476 = LINE ( 'NONE', #1480, #131 ) ;
#2477 = CARTESIAN_POINT ( 'NONE',  ( 52.29368728732374194, 60.38949113382957279, -16.09999999999999076 ) ) ;
#2478 = CARTESIAN_POINT ( 'NONE',  ( 26.05890599440851929, 61.23052214885655786, -14.09999999999998366 ) ) ;
#2479 = ORIENTED_EDGE ( 'NONE', *, *, #5842, .T. ) ;
#2480 = CARTESIAN_POINT ( 'NONE',  ( 63.44324085875231845, 56.90734827668671869, -14.09999999999998721 ) ) ;
#2481 = CARTESIAN_POINT ( 'NONE',  ( 48.39580782303802664, 61.27397774097242689, -14.09999999999997300 ) ) ;
#2482 = ORIENTED_EDGE ( 'NONE', *, *, #5151, .T. ) ;
#2483 = CARTESIAN_POINT ( 'NONE',  ( 0.04706981738380328073, 53.85769083731009488, -6.099999999999997868 ) ) ;
#2484 = CARTESIAN_POINT ( 'NONE',  ( 62.44947715681995248, 61.51780941854363505, -16.09999999999999787 ) ) ;
#2485 = B_SPLINE_SURFACE_WITH_KNOTS ( 'NONE', 3, 1, ( 
 ( #1144, #3267 ),
 ( #4315, #3229 ),
 ( #2795, #5296 ),
 ( #6416, #1726 ),
 ( #625, #2724 ),
 ( #116, #5870 ),
 ( #3305, #3849 ) ),
 .UNSPECIFIED., .F., .F., .F.,
 ( 4, 1, 1, 1, 4 ),
 ( 2, 2 ),
 ( 0.000000000000000000, 0.2299342313464998733, 0.4583369283291793272, 0.7109019876121617232, 1.000000000000000000 ),
 ( 0.000000000000000000, 1.000000000000000000 ),
 .UNSPECIFIED. ) ;
#2486 = FACE_OUTER_BOUND ( 'NONE', #3274, .T. ) ;
#2487 = CYLINDRICAL_SURFACE ( 'NONE', #198, 2.960456600711792952 ) ;
#2488 = CARTESIAN_POINT ( 'NONE',  ( 35.85314771496926056, 61.55214889759434271, -14.09999999999998366 ) ) ;
#2489 = CARTESIAN_POINT ( 'NONE',  ( 75.04614544607878202, 46.64054452537614281, -14.09999999999998366 ) ) ;
#2490 = DIRECTION ( 'NONE',  ( 1.000000000000000000, 0.000000000000000000, 0.000000000000000000 ) ) ;
#2491 = EDGE_LOOP ( 'NONE', ( #3762, #3333, #4666, #187 ) ) ;
#2492 = B_SPLINE_CURVE_WITH_KNOTS ( 'NONE', 3,
 ( #5635, #975, #6628, #2082, #3064, #5574, #5130, #4625, #6694, #6174, #1689 ),
 .UNSPECIFIED., .F., .F.,
 ( 4, 1, 1, 1, 1, 1, 1, 1, 4 ),
 ( 0.000000000000000000, 0.1180855959615057238, 0.2231661953483775052, 0.3259856753779957206, 0.4316723508451211777, 0.5489547079495787907, 0.6790829042109726155, 0.8303305784360541786, 1.000000000000000000 ),
 .UNSPECIFIED. ) ;
#2493 = DIRECTION ( 'NONE',  ( -0.000000000000000000, -0.000000000000000000, -1.000000000000000000 ) ) ;
#2494 = CARTESIAN_POINT ( 'NONE',  ( 52.38576318018088784, 46.57531702668671869, 7.500000000000000000 ) ) ;
#2495 = ORIENTED_EDGE ( 'NONE', *, *, #4866, .T. ) ;
#2496 = CARTESIAN_POINT ( 'NONE',  ( 26.58570010380315196, 60.40633410964733230, -14.09999999999999076 ) ) ;
#2497 = CARTESIAN_POINT ( 'NONE',  ( 53.03888764915900111, 105.9601459312399925, -1.599999999999998979 ) ) ;
#2498 = VERTEX_POINT ( 'NONE', #4706 ) ;
#2499 = EDGE_CURVE ( 'NONE', #2051, #6573, #6422, .T. ) ;
#2500 = CARTESIAN_POINT ( 'NONE',  ( 32.63408907303803375, 46.57531702668671869, -14.09999999999998010 ) ) ;
#2501 = VECTOR ( 'NONE', #2184, 1000.000000000000000 ) ;
#2502 = ORIENTED_EDGE ( 'NONE', *, *, #5313, .T. ) ;
#2503 = CARTESIAN_POINT ( 'NONE',  ( 43.52766961443654026, 46.59639167186492159, -16.09999999999998721 ) ) ;
#2504 = CARTESIAN_POINT ( 'NONE',  ( 73.31912475539633078, 51.21209992732593719, -14.09999999999998721 ) ) ;
#2505 = EDGE_CURVE ( 'NONE', #5035, #835, #874, .T. ) ;
#2506 = EDGE_CURVE ( 'NONE', #63, #1283, #389, .T. ) ;
#2507 = AXIS2_PLACEMENT_3D ( 'NONE', #3286, #683, #4839 ) ;
#2508 = DIRECTION ( 'NONE',  ( -1.000000000000000000, 0.000000000000000000, 0.000000000000000000 ) ) ;
#2509 = VECTOR ( 'NONE', #3814, 1000.000000000000227 ) ;
#2510 = DIRECTION ( 'NONE',  ( -0.000000000000000000, -0.000000000000000000, -1.000000000000000000 ) ) ;
#2511 = ORIENTED_EDGE ( 'NONE', *, *, #3788, .F. ) ;
#2512 = VECTOR ( 'NONE', #5161, 999.9999999999998863 ) ;
#2513 = CARTESIAN_POINT ( 'NONE',  ( 43.13475720169746808, 61.11146681646633994, -16.09999999999999787 ) ) ;
#2514 = VERTEX_POINT ( 'NONE', #6624 ) ;
#2515 = CARTESIAN_POINT ( 'NONE',  ( 65.48286139446659604, 47.38167863382957279, -16.09999999999999787 ) ) ;
#2516 = VERTEX_POINT ( 'NONE', #6229 ) ;
#2517 = ADVANCED_FACE ( 'NONE', ( #907 ), #1573, .T. ) ;
#2518 = LINE ( 'NONE', #1455, #3630 ) ;
#2519 = ORIENTED_EDGE ( 'NONE', *, *, #5039, .T. ) ;
#2520 = FACE_OUTER_BOUND ( 'NONE', #5170, .T. ) ;
#2521 = CARTESIAN_POINT ( 'NONE',  ( 53.03888764915900111, 105.9601459312399925, -24.09999999999999787 ) ) ;
#2522 = DIRECTION ( 'NONE',  ( 0.4389001899376440696, 0.8985358219195827001, 0.000000000000000000 ) ) ;
#2523 = VECTOR ( 'NONE', #6267, 1000.000000000000000 ) ;
#2524 = CARTESIAN_POINT ( 'NONE',  ( 72.63135505918243950, 57.82810631833017112, -14.09999999999998721 ) ) ;
#2525 = CARTESIAN_POINT ( 'NONE',  ( 48.45440157303802664, 60.99216970525814219, -14.09999999999998010 ) ) ;
#2526 = ORIENTED_EDGE ( 'NONE', *, *, #3958, .F. ) ;
#2527 = DIRECTION ( 'NONE',  ( -0.9475234796988452057, 0.3196861827157876923, 0.000000000000000000 ) ) ;
#2528 = DIRECTION ( 'NONE',  ( -0.2586434078850006757, 0.9659728710256997308, 0.000000000000000000 ) ) ;
#2529 = ORIENTED_EDGE ( 'NONE', *, *, #1808, .T. ) ;
#2530 = CARTESIAN_POINT ( 'NONE',  ( 74.74067389446662446, 46.57531702668672580, -16.10000000000000142 ) ) ;
#2531 = FACE_OUTER_BOUND ( 'NONE', #2279, .T. ) ;
#2532 = LINE ( 'NONE', #1504, #78 ) ;
#2533 = VERTEX_POINT ( 'NONE', #3510 ) ;
#2534 = ORIENTED_EDGE ( 'NONE', *, *, #3707, .T. ) ;
#2535 = EDGE_CURVE ( 'NONE', #1173, #1164, #30, .T. ) ;
#2536 = FACE_OUTER_BOUND ( 'NONE', #3328, .T. ) ;
#2537 = VECTOR ( 'NONE', #1179, 1000.000000000000000 ) ;
#2538 = CARTESIAN_POINT ( 'NONE',  ( 39.94156675160945724, 60.96147774097243399, -16.09999999999999787 ) ) ;
#2539 = CARTESIAN_POINT ( 'NONE',  ( 52.99842878151299885, 53.00157121848699404, -6.099999999999997868 ) ) ;
#2540 = B_SPLINE_SURFACE_WITH_KNOTS ( 'NONE', 3, 1, ( 
 ( #3256, #4816 ),
 ( #2275, #2821 ),
 ( #4952, #4884 ),
 ( #211, #279 ),
 ( #4414, #6479 ),
 ( #1834, #2376 ),
 ( #6001, #5326 ),
 ( #5497, #6137 ),
 ( #5082, #310 ),
 ( #413, #6035 ),
 ( #5120, #4043 ) ),
 .UNSPECIFIED., .F., .F., .F.,
 ( 4, 1, 1, 1, 1, 1, 1, 1, 4 ),
 ( 2, 2 ),
 ( 0.000000000000000000, 0.1171352775343414421, 0.2296576105009041635, 0.3424737785816066582, 0.4602354524407369918, 0.5835213642188772365, 0.7108870943938837561, 0.8477205157608099784, 1.000000000000000000 ),
 ( 0.000000000000000000, 1.000000000000000000 ),
 .UNSPECIFIED. ) ;
#2541 = DIRECTION ( 'NONE',  ( -1.000000000000000000, 0.000000000000000000, 0.000000000000000000 ) ) ;
#2542 = CARTESIAN_POINT ( 'NONE',  ( 57.65364326904170866, 61.21776872434307393, -14.09999999999996945 ) ) ;
#2543 = VECTOR ( 'NONE', #3887, 1000.000000000000114 ) ;
#2544 = EDGE_CURVE ( 'NONE', #2964, #1697, #3525, .T. ) ;
#2545 = ADVANCED_FACE ( 'NONE', ( #4587 ), #1445, .T. ) ;
#2546 = CARTESIAN_POINT ( 'NONE',  ( 51.10550413295052152, 60.71439353680205642, -14.09999999999998366 ) ) ;
#2547 = ORIENTED_EDGE ( 'NONE', *, *, #2659, .F. ) ;
#2548 = CARTESIAN_POINT ( 'NONE',  ( 70.83106444031736260, 60.91986089904662549, -14.09999999999999432 ) ) ;
#2549 = VERTEX_POINT ( 'NONE', #6010 ) ;
#2550 = VECTOR ( 'NONE', #3017, 1000.000000000000114 ) ;
#2551 = CARTESIAN_POINT ( 'NONE',  ( 57.24181132119971949, 61.56841701682370882, -14.09999999999996056 ) ) ;
#2552 = ORIENTED_EDGE ( 'NONE', *, *, #2463, .F. ) ;
#2553 = CARTESIAN_POINT ( 'NONE',  ( 38.56879889446660314, 47.14172327668672580, -16.10000000000000142 ) ) ;
#2554 = EDGE_CURVE ( 'NONE', #4880, #710, #2997, .T. ) ;
#2555 = CARTESIAN_POINT ( 'NONE',  ( 40.13302287073888408, 47.86558133860411601, -16.09999999999999787 ) ) ;
#2556 = DIRECTION ( 'NONE',  ( 0.4617352796546738691, 0.8870177740734512817, 0.000000000000000000 ) ) ;
#2557 = CARTESIAN_POINT ( 'NONE',  ( 53.04230130916199215, 0.04330999182739999481, -1.599999999999998979 ) ) ;
#2558 = EDGE_LOOP ( 'NONE', ( #5142, #865, #5998, #5361 ) ) ;
#2559 = CARTESIAN_POINT ( 'NONE',  ( 1.281587703552953261, -1.287839350887347800, -14.09999999999999432 ) ) ;
#2560 = CARTESIAN_POINT ( 'NONE',  ( 26.03810693018088784, 61.05355363382957279, -14.09999999999998366 ) ) ;
#2561 = ORIENTED_EDGE ( 'NONE', *, *, #3461, .F. ) ;
#2562 = CARTESIAN_POINT ( 'NONE',  ( 39.93787630325660132, 60.92594399281244222, -14.09999999999996945 ) ) ;
#2563 = CARTESIAN_POINT ( 'NONE',  ( 52.41366496589516544, 60.36995988382957279, 7.500000000000000000 ) ) ;
#2564 = ORIENTED_EDGE ( 'NONE', *, *, #6148, .T. ) ;
#2565 = CARTESIAN_POINT ( 'NONE',  ( 66.23899978732373484, 60.32531702668671869, 7.500000000000000000 ) ) ;
#2566 = EDGE_LOOP ( 'NONE', ( #1185, #5766, #1775, #5428, #585, #4925, #1057, #3970, #4121, #5318, #980, #3665, #1440, #3589, #5182, #1228, #3514, #6153, #2141, #3770, #3291, #5032, #2890, #35, #5417, #3296, #1134, #3636, #2792, #4718, #2310, #6321, #2362, #407, #3478, #5622, #228, #65, #1018 ) ) ;
#2567 = ORIENTED_EDGE ( 'NONE', *, *, #6066, .T. ) ;
#2568 = LINE ( 'NONE', #5652, #4772 ) ;
#2569 = CARTESIAN_POINT ( 'NONE',  ( 71.01578550160945724, 60.85824113382957279, -16.09999999999999076 ) ) ;
#2570 = CARTESIAN_POINT ( 'NONE',  ( 52.13888764915900964, 105.9601459312399925, -1.599999999999998979 ) ) ;
#2571 = FACE_OUTER_BOUND ( 'NONE', #2217, .T. ) ;
#2572 = CARTESIAN_POINT ( 'NONE',  ( 38.91611069239093013, 47.63297594396316015, -14.09999999999997300 ) ) ;
#2573 = ORIENTED_EDGE ( 'NONE', *, *, #1252, .F. ) ;
#2574 = CYLINDRICAL_SURFACE ( 'NONE', #6194, 0.8999999999999980238 ) ;
#2575 = ORIENTED_EDGE ( 'NONE', *, *, #6102, .T. ) ;
#2576 = CARTESIAN_POINT ( 'NONE',  ( 105.0601459312399868, 53.03888764915900111, -6.099999999999997868 ) ) ;
#2577 = ADVANCED_FACE ( 'NONE', ( #5057 ), #2487, .T. ) ;
#2578 = ORIENTED_EDGE ( 'NONE', *, *, #3747, .T. ) ;
#2579 = CARTESIAN_POINT ( 'NONE',  ( 61.48308411722760525, 61.22677631824290501, -16.10000000000000142 ) ) ;
#2580 = DIRECTION ( 'NONE',  ( -1.000000000000000000, 0.000000000000000000, 0.000000000000000000 ) ) ;
#2581 = LINE ( 'NONE', #6146, #5864 ) ;
#2582 = CARTESIAN_POINT ( 'NONE',  ( 35.31266050160945724, 61.13725899097242689, -16.09999999999999787 ) ) ;
#2583 = ORIENTED_EDGE ( 'NONE', *, *, #3572, .F. ) ;
#2584 = EDGE_CURVE ( 'NONE', #1974, #674, #5286, .T. ) ;
#2585 = EDGE_CURVE ( 'NONE', #1865, #3689, #3685, .T. ) ;
#2586 = LINE ( 'NONE', #4118, #6280 ) ;
#2587 = CARTESIAN_POINT ( 'NONE',  ( 61.71153483295288567, 61.44966318734114452, -14.09999999999998366 ) ) ;
#2588 = DIRECTION ( 'NONE',  ( -0.4602437522693766381, -0.8877925931753456457, 0.000000000000000000 ) ) ;
#2589 = DIRECTION ( 'NONE',  ( -1.000000000000000000, 0.000000000000000000, 0.000000000000000000 ) ) ;
#2590 = CARTESIAN_POINT ( 'NONE',  ( 59.06009201291175259, 17.28971422866337804, -14.09999999999999432 ) ) ;
#2591 = EDGE_CURVE ( 'NONE', #2273, #5997, #165, .T. ) ;
#2592 = FACE_OUTER_BOUND ( 'NONE', #6368, .T. ) ;
#2593 = ORIENTED_EDGE ( 'NONE', *, *, #4368, .T. ) ;
#2594 = ORIENTED_EDGE ( 'NONE', *, *, #738, .T. ) ;
#2595 = CARTESIAN_POINT ( 'NONE',  ( 55.68096407303803375, 51.07308488382957989, -16.09999999999999787 ) ) ;
#2596 = DIRECTION ( 'NONE',  ( 0.000000000000000000, 0.000000000000000000, -1.000000000000000000 ) ) ;
#2597 = CARTESIAN_POINT ( 'NONE',  ( 105.8718682856381292, 55.99802778473634390, -1.599999999999998979 ) ) ;
#2598 = CARTESIAN_POINT ( 'NONE',  ( 57.66328717154959804, 61.17865326882748178, -16.09999999999999787 ) ) ;
#2599 = DIRECTION ( 'NONE',  ( 0.000000000000000000, -0.000000000000000000, -1.000000000000000000 ) ) ;
#2600 = VECTOR ( 'NONE', #1914, 1000.000000000000000 ) ;
#2601 = DIRECTION ( 'NONE',  ( 0.2888164602330751674, -0.9573844850938605378, 0.000000000000000000 ) ) ;
#2602 = ORIENTED_EDGE ( 'NONE', *, *, #6256, .T. ) ;
#2603 = VECTOR ( 'NONE', #5782, 1000.000000000000000 ) ;
#2604 = CARTESIAN_POINT ( 'NONE',  ( 62.65641050160945724, 61.32420095525814929, 7.500000000000000000 ) ) ;
#2605 = CIRCLE ( 'NONE', #5743, 0.8999999999999992450 ) ;
#2606 = CARTESIAN_POINT ( 'NONE',  ( 73.57405132752461441, 47.77435210488406625, -16.09999999999999787 ) ) ;
#2607 = ORIENTED_EDGE ( 'NONE', *, *, #4859, .T. ) ;
#2608 = CARTESIAN_POINT ( 'NONE',  ( 38.64280904264997929, 46.89909439226634191, -16.09999999999999076 ) ) ;
#2609 = AXIS2_PLACEMENT_3D ( 'NONE', #3242, #1438, #2400 ) ;
#2610 = EDGE_CURVE ( 'NONE', #3246, #4483, #6255, .T. ) ;
#2611 = CARTESIAN_POINT ( 'NONE',  ( 63.04826782400148488, 56.43967831155516279, -16.09999999999999076 ) ) ;
#2612 = CARTESIAN_POINT ( 'NONE',  ( 74.18866200879712380, 46.69754331375261103, -16.09999999999999432 ) ) ;
#2613 = VECTOR ( 'NONE', #2601, 1000.000000000000114 ) ;
#2614 = CARTESIAN_POINT ( 'NONE',  ( 48.40929959087673495, 61.23522481258653727, -14.09999999999998721 ) ) ;
#2615 = EDGE_LOOP ( 'NONE', ( #1107, #934, #3888, #417 ) ) ;
#2616 = ORIENTED_EDGE ( 'NONE', *, *, #5351, .F. ) ;
#2617 = LINE ( 'NONE', #1432, #2711 ) ;
#2618 = CYLINDRICAL_SURFACE ( 'NONE', #5737, 51.50000000000000000 ) ;
#2619 = CARTESIAN_POINT ( 'NONE',  ( 55.68096407303803375, 51.07308488382957989, 7.500000000000000000 ) ) ;
#2620 = VECTOR ( 'NONE', #4716, 1000.000000000000000 ) ;
#2621 = EDGE_CURVE ( 'NONE', #3289, #1072, #1600, .T. ) ;
#2622 = CARTESIAN_POINT ( 'NONE',  ( 26.05890599440851929, 61.23052214885655786, -16.09999999999999787 ) ) ;
#2623 = EDGE_CURVE ( 'NONE', #5429, #3620, #5847, .T. ) ;
#2624 = CARTESIAN_POINT ( 'NONE',  ( 43.19770514446660314, 47.70812952668671869, -16.09999999999998721 ) ) ;
#2625 = ORIENTED_EDGE ( 'NONE', *, *, #5601, .T. ) ;
#2626 = CARTESIAN_POINT ( 'NONE',  ( 74.27326732376575080, 51.64907491628551384, -14.09999999999999076 ) ) ;
#2627 = ORIENTED_EDGE ( 'NONE', *, *, #5885, .T. ) ;
#2628 = ORIENTED_EDGE ( 'NONE', *, *, #6606, .T. ) ;
#2629 = CARTESIAN_POINT ( 'NONE',  ( 31.31285390576266892, 60.76690266027245002, -16.09999999999999076 ) ) ;
#2630 = EDGE_CURVE ( 'NONE', #2316, #6573, #6360, .T. ) ;
#2631 = LINE ( 'NONE', #6287, #1653 ) ;
#2632 = LINE ( 'NONE', #5243, #5090 ) ;
#2633 = EDGE_LOOP ( 'NONE', ( #1249, #311, #2406, #6581 ) ) ;
#2634 = CARTESIAN_POINT ( 'NONE',  ( 39.06869478852468802, 47.67667721379029189, -14.09999999999998366 ) ) ;
#2635 = CARTESIAN_POINT ( 'NONE',  ( 62.62878655617620893, 61.36261731289516064, -16.09999999999999076 ) ) ;
#2636 = LINE ( 'NONE', #3144, #5217 ) ;
#2637 = EDGE_LOOP ( 'NONE', ( #2607, #867, #5258, #5400 ) ) ;
#2638 = LINE ( 'NONE', #1644, #1230 ) ;
#2639 = AXIS2_PLACEMENT_3D ( 'NONE', #734, #5377, #4355 ) ;
#2640 = ORIENTED_EDGE ( 'NONE', *, *, #2585, .T. ) ;
#2641 = CARTESIAN_POINT ( 'NONE',  ( 32.23509353732374905, 50.62107595525814219, -16.09999999999999787 ) ) ;
#2642 = B_SPLINE_SURFACE_WITH_KNOTS ( 'NONE', 3, 1, ( 
 ( #477, #2569 ),
 ( #3281, #161 ),
 ( #677, #266 ),
 ( #785, #3786 ),
 ( #5950, #4400 ),
 ( #5918, #749 ),
 ( #2264, #6465 ),
 ( #4869, #4906 ),
 ( #5347, #4328 ),
 ( #6388, #5811 ),
 ( #1819, #1153 ) ),
 .UNSPECIFIED., .F., .F., .F.,
 ( 4, 1, 1, 1, 1, 1, 1, 1, 4 ),
 ( 2, 2 ),
 ( 0.000000000000000000, 0.09062867434650614951, 0.1899433145563664549, 0.3002185469317217859, 0.4195486914607028384, 0.5502072130635523584, 0.6903289737404209037, 0.8395006164404897886, 1.000000000000000000 ),
 ( 0.000000000000000000, 1.000000000000000000 ),
 .UNSPECIFIED. ) ;
#2643 = CARTESIAN_POINT ( 'NONE',  ( 63.30880973947876100, 56.60380429003031111, -16.09999999999999076 ) ) ;
#2644 = ORIENTED_EDGE ( 'NONE', *, *, #2464, .F. ) ;
#2645 = VECTOR ( 'NONE', #1429, 1000.000000000000000 ) ;
#2646 = CARTESIAN_POINT ( 'NONE',  ( 33.28978103732374905, 46.87665631240100339, 7.500000000000000000 ) ) ;
#2647 = FACE_BOUND ( 'NONE', #619, .T. ) ;
#2648 = VERTEX_POINT ( 'NONE', #4805 ) ;
#2649 = ORIENTED_EDGE ( 'NONE', *, *, #2215, .T. ) ;
#2650 = CARTESIAN_POINT ( 'NONE',  ( 26.03810693018088784, 61.05355363382957279, 7.500000000000000000 ) ) ;
#2651 = EDGE_CURVE ( 'NONE', #1863, #3005, #5353, .T. ) ;
#2652 = DIRECTION ( 'NONE',  ( -0.000000000000000000, -0.000000000000000000, 1.000000000000000000 ) ) ;
#2653 = CIRCLE ( 'NONE', #3091, 0.8999999999999980238 ) ;
#2654 = CARTESIAN_POINT ( 'NONE',  ( 52.15138818018088784, 60.36995988382957279, -14.09999999999998010 ) ) ;
#2655 = DIRECTION ( 'NONE',  ( -0.000000000000000000, -0.000000000000000000, -1.000000000000000000 ) ) ;
#2656 = ORIENTED_EDGE ( 'NONE', *, *, #6141, .F. ) ;
#2657 = EDGE_CURVE ( 'NONE', #4789, #4595, #3830, .T. ) ;
#2658 = DIRECTION ( 'NONE',  ( 0.4283740459960283520, 0.9036015032728711427, 0.000000000000000000 ) ) ;
#2659 = EDGE_CURVE ( 'NONE', #5878, #6143, #5848, .T. ) ;
#2660 = ORIENTED_EDGE ( 'NONE', *, *, #264, .F. ) ;
#2661 = VERTEX_POINT ( 'NONE', #2699 ) ;
#2662 = CARTESIAN_POINT ( 'NONE',  ( 65.98509353732374905, 61.55578577668671869, -16.09999999999999787 ) ) ;
#2663 = CARTESIAN_POINT ( 'NONE',  ( 52.13891701802830880, 105.9528752296086651, -6.099999999999997868 ) ) ;
#2664 =( LENGTH_UNIT ( ) NAMED_UNIT ( * ) SI_UNIT ( .MILLI., .METRE. ) );
#2665 = EDGE_CURVE ( 'NONE', #2442, #4987, #1328, .T. ) ;
#2666 = CARTESIAN_POINT ( 'NONE',  ( 39.92900063436164970, 60.84048397464962932, -16.10000000000000142 ) ) ;
#2667 = EDGE_CURVE ( 'NONE', #3160, #3901, #1639, .T. ) ;
#2668 = ORIENTED_EDGE ( 'NONE', *, *, #4731, .T. ) ;
#2669 = CARTESIAN_POINT ( 'NONE',  ( 30.89377617015874478, 61.56372305344224571, -14.09999999999999076 ) ) ;
#2670 = DIRECTION ( 'NONE',  ( 0.7105900021676226919, -0.7036063166426363980, 0.000000000000000000 ) ) ;
#2671 = CARTESIAN_POINT ( 'NONE',  ( 63.30880973947876100, 56.60380429003031111, -14.09999999999998721 ) ) ;
#2672 = ORIENTED_EDGE ( 'NONE', *, *, #6733, .F. ) ;
#2673 = LINE ( 'NONE', #2203, #5580 ) ;
#2674 = ORIENTED_EDGE ( 'NONE', *, *, #3031, .F. ) ;
#2675 = VERTEX_POINT ( 'NONE', #97 ) ;
#2676 = FACE_BOUND ( 'NONE', #5022, .T. ) ;
#2677 = CARTESIAN_POINT ( 'NONE',  ( 43.63578476945656348, 61.54878410874777472, -16.09999999999999076 ) ) ;
#2678 = VERTEX_POINT ( 'NONE', #3178 ) ;
#2679 = DIRECTION ( 'NONE',  ( 0.000000000000000000, 0.000000000000000000, -1.000000000000000000 ) ) ;
#2680 = LINE ( 'NONE', #2178, #2874 ) ;
#2681 = ORIENTED_EDGE ( 'NONE', *, *, #3388, .T. ) ;
#2682 = VERTEX_POINT ( 'NONE', #2132 ) ;
#2683 = ORIENTED_EDGE ( 'NONE', *, *, #1467, .T. ) ;
#2684 = CARTESIAN_POINT ( 'NONE',  ( 62.58834490382754723, 56.48086975402811305, -14.09999999999998721 ) ) ;
#2685 = LINE ( 'NONE', #1623, #2501 ) ;
#2686 = DIRECTION ( 'NONE',  ( -1.000000000000000000, 0.000000000000000000, 0.000000000000000000 ) ) ;
#2687 = CARTESIAN_POINT ( 'NONE',  ( 57.67154155373301450, 60.76551674293570215, -14.09999999999998010 ) ) ;
#2688 = CARTESIAN_POINT ( 'NONE',  ( 52.14230130916199357, 0.04330999182740010583, -6.099999999999997868 ) ) ;
#2689 = EDGE_CURVE ( 'NONE', #4604, #2691, #2199, .T. ) ;
#2690 = DIRECTION ( 'NONE',  ( 1.000000000000000000, 0.000000000000000000, 0.000000000000000000 ) ) ;
#2691 = VERTEX_POINT ( 'NONE', #4266 ) ;
#2692 = B_SPLINE_CURVE_WITH_KNOTS ( 'NONE', 3,
 ( #3973, #3331, #5469, #2925, #1246, #1278, #4953 ),
 .UNSPECIFIED., .F., .F.,
 ( 4, 1, 1, 1, 4 ),
 ( 0.000000000000000000, 0.2626711694058765367, 0.5017163656113556858, 0.7378283808404324517, 1.000000000000000000 ),
 .UNSPECIFIED. ) ;
#2693 = ORIENTED_EDGE ( 'NONE', *, *, #4133, .T. ) ;
#2694 = DIRECTION ( 'NONE',  ( -0.000000000000000000, -0.000000000000000000, -1.000000000000000000 ) ) ;
#2695 = EDGE_CURVE ( 'NONE', #2474, #3012, #2778, .T. ) ;
#2696 = FACE_OUTER_BOUND ( 'NONE', #2707, .T. ) ;
#2697 = CARTESIAN_POINT ( 'NONE',  ( 32.05139854595269355, 46.89605398170554196, -16.09999999999999076 ) ) ;
#2698 = CARTESIAN_POINT ( 'NONE',  ( 57.26977341624234441, 60.39597410552483581, -14.09999999999996945 ) ) ;
#2699 = CARTESIAN_POINT ( 'NONE',  ( 51.12181228732374194, 61.21817416954385749, -16.09999999999999787 ) ) ;
#2700 = ADVANCED_FACE ( 'NONE', ( #5312 ), #1198, .T. ) ;
#2701 = CARTESIAN_POINT ( 'NONE',  ( 39.24762860204325676, 47.70519372216161713, -16.09999999999999432 ) ) ;
#2702 = EDGE_CURVE ( 'NONE', #5491, #4259, #6393, .T. ) ;
#2703 = CARTESIAN_POINT ( 'NONE',  ( 48.34089586420994777, 61.38786541851523992, -16.09999999999999076 ) ) ;
#2704 = VERTEX_POINT ( 'NONE', #1236 ) ;
#2705 = VECTOR ( 'NONE', #6151, 1000.000000000000114 ) ;
#2706 = CARTESIAN_POINT ( 'NONE',  ( 0.000000000000000000, 61.57531702668671869, -14.09999999999999432 ) ) ;
#2707 = EDGE_LOOP ( 'NONE', ( #1260, #6654, #1881, #1139 ) ) ;
#2708 = EDGE_LOOP ( 'NONE', ( #317, #2462, #3345, #5508 ) ) ;
#2709 = CARTESIAN_POINT ( 'NONE',  ( 54.77973639446660314, 47.82531702668671159, -16.09999999999999787 ) ) ;
#2710 = VECTOR ( 'NONE', #6453, 1000.000000000000000 ) ;
#2711 = VECTOR ( 'NONE', #5132, 1000.000000000000000 ) ;
#2712 = CARTESIAN_POINT ( 'NONE',  ( 63.19534581346697166, 56.51764081307719323, -16.09999999999998721 ) ) ;
#2713 = VERTEX_POINT ( 'NONE', #5388 ) ;
#2714 = EDGE_CURVE ( 'NONE', #1537, #4957, #237, .T. ) ;
#2715 = CARTESIAN_POINT ( 'NONE',  ( 74.66498066772820152, 46.57707682090696011, -16.10000000000000142 ) ) ;
#2716 = EDGE_LOOP ( 'NONE', ( #2668, #2495, #1656, #1927 ) ) ;
#2717 = CARTESIAN_POINT ( 'NONE',  ( 64.66900440006777728, 17.11826587060621918, -14.09999999999999432 ) ) ;
#2718 = ORIENTED_EDGE ( 'NONE', *, *, #1829, .F. ) ;
#2719 = VERTEX_POINT ( 'NONE', #4472 ) ;
#2720 = DIRECTION ( 'NONE',  ( 0.4472135954999579832, 0.8944271909999159664, -0.000000000000000000 ) ) ;
#2721 = VECTOR ( 'NONE', #4230, 1000.000000000000000 ) ;
#2722 = VECTOR ( 'NONE', #891, 1000.000000000000000 ) ;
#2723 = CARTESIAN_POINT ( 'NONE',  ( 62.79250437975536414, 56.42466820338489697, -16.09999999999999076 ) ) ;
#2724 = CARTESIAN_POINT ( 'NONE',  ( 43.39866442721537965, 60.53158347776597026, -16.09999999999998721 ) ) ;
#2725 = B_SPLINE_CURVE_WITH_KNOTS ( 'NONE', 3,
 ( #1890, #6092, #922, #4066, #5070 ),
 .UNSPECIFIED., .F., .F.,
 ( 4, 1, 4 ),
 ( 0.000000000000000000, 0.1238993430993872019, 1.000000000000000000 ),
 .UNSPECIFIED. ) ;
#2726 = CARTESIAN_POINT ( 'NONE',  ( 105.9601459312399925, 53.03888764915900111, -6.099999999999997868 ) ) ;
#2727 = CARTESIAN_POINT ( 'NONE',  ( 67.23874400566785425, 17.93455660094629067, -14.09999999999999432 ) ) ;
#2728 = ORIENTED_EDGE ( 'NONE', *, *, #2544, .F. ) ;
#2729 = LINE ( 'NONE', #1777, #626 ) ;
#2730 = ORIENTED_EDGE ( 'NONE', *, *, #5065, .F. ) ;
#2731 = CIRCLE ( 'NONE', #5002, 51.49999999999999289 ) ;
#2732 = EDGE_CURVE ( 'NONE', #1826, #3246, #4005, .T. ) ;
#2733 = ORIENTED_EDGE ( 'NONE', *, *, #3040, .T. ) ;
#2734 = LINE ( 'NONE', #1633, #5316 ) ;
#2735 = CARTESIAN_POINT ( 'NONE',  ( 62.13743728732374194, 61.57252684811528809, -16.09999999999998721 ) ) ;
#2736 = CARTESIAN_POINT ( 'NONE',  ( 61.40920068018088784, 60.93357595525814929, 7.500000000000000000 ) ) ;
#2737 = CARTESIAN_POINT ( 'NONE',  ( 57.08986723713714895, 60.38305180128045890, -16.09999999999999787 ) ) ;
#2738 = EDGE_CURVE ( 'NONE', #854, #3534, #633, .T. ) ;
#2739 = CARTESIAN_POINT ( 'NONE',  ( 31.30317389446660314, 60.73268309811528809, -14.09999999999997655 ) ) ;
#2740 = CARTESIAN_POINT ( 'NONE',  ( 43.64257597075861383, 47.61817373417902388, -14.09999999999998721 ) ) ;
#2741 = FACE_OUTER_BOUND ( 'NONE', #6578, .T. ) ;
#2742 = ORIENTED_EDGE ( 'NONE', *, *, #3656, .T. ) ;
#2743 = CARTESIAN_POINT ( 'NONE',  ( 30.63220760685474531, -15.19783273158598469, -14.09999999999999432 ) ) ;
#2744 = ORIENTED_EDGE ( 'NONE', *, *, #5647, .T. ) ;
#2745 = EDGE_CURVE ( 'NONE', #4760, #4261, #4972, .T. ) ;
#2746 = VERTEX_POINT ( 'NONE', #1267 ) ;
#2747 = CARTESIAN_POINT ( 'NONE',  ( 43.19770514446660314, 47.70812952668671869, -16.09999999999999787 ) ) ;
#2748 = EDGE_CURVE ( 'NONE', #3327, #1945, #2850, .T. ) ;
#2749 = DIRECTION ( 'NONE',  ( -0.000000000000000000, -0.000000000000000000, 1.000000000000000000 ) ) ;
#2750 = EDGE_LOOP ( 'NONE', ( #4917, #987, #5776, #2805 ) ) ;
#2751 = DIRECTION ( 'NONE',  ( 0.4550821126781784964, -0.8904494767926846022, 0.000000000000000000 ) ) ;
#2752 = ORIENTED_EDGE ( 'NONE', *, *, #1651, .F. ) ;
#2753 = VECTOR ( 'NONE', #5618, 1000.000000000000000 ) ;
#2754 = FACE_BOUND ( 'NONE', #1227, .T. ) ;
#2755 = VERTEX_POINT ( 'NONE', #2948 ) ;
#2756 = EDGE_LOOP ( 'NONE', ( #1323, #3742, #6477, #6503 ) ) ;
#2757 = DIRECTION ( 'NONE',  ( -0.000000000000000000, -0.000000000000000000, 1.000000000000000000 ) ) ;
#2758 = CARTESIAN_POINT ( 'NONE',  ( 62.32173002425572150, 56.57269382623360343, -14.09999999999997655 ) ) ;
#2759 = DIRECTION ( 'NONE',  ( 0.000000000000000000, 1.000000000000000000, 0.000000000000000000 ) ) ;
#2760 = EDGE_CURVE ( 'NONE', #1315, #2202, #1307, .T. ) ;
#2761 = CARTESIAN_POINT ( 'NONE',  ( 33.10562925160945724, 46.66739291954385749, -16.09999999999999787 ) ) ;
#2762 = VECTOR ( 'NONE', #4932, 1000.000000000000000 ) ;
#2763 = CARTESIAN_POINT ( 'NONE',  ( 39.05149978732374194, 46.57531702668671869, -14.09999999999998721 ) ) ;
#2764 = CARTESIAN_POINT ( 'NONE',  ( 52.41366496589516544, 60.36995988382957279, -16.09999999999999787 ) ) ;
#2765 = CARTESIAN_POINT ( 'NONE',  ( 52.27505765699678619, 60.38784890353707624, -14.09999999999998721 ) ) ;
#2766 = DIRECTION ( 'NONE',  ( 0.000000000000000000, 1.000000000000000000, 0.000000000000000000 ) ) ;
#2767 = EDGE_LOOP ( 'NONE', ( #4611, #4082, #4626, #66 ) ) ;
#2768 = VECTOR ( 'NONE', #3325, 1000.000000000000000 ) ;
#2769 = CARTESIAN_POINT ( 'NONE',  ( 48.42091943018088784, 60.73268309811529519, -14.09999999999997655 ) ) ;
#2770 = ORIENTED_EDGE ( 'NONE', *, *, #3386, .F. ) ;
#2771 = ORIENTED_EDGE ( 'NONE', *, *, #6023, .T. ) ;
#2772 = DIRECTION ( 'NONE',  ( -0.000000000000000000, -0.000000000000000000, -1.000000000000000000 ) ) ;
#2773 = DIRECTION ( 'NONE',  ( 0.000000000000000000, 0.000000000000000000, -1.000000000000000000 ) ) ;
#2774 = PERSON_AND_ORGANIZATION_ROLE ( 'design_owner' ) ;
#2775 = DIRECTION ( 'NONE',  ( -0.7507135169227567850, 0.6606278948920231153, 0.000000000000000000 ) ) ;
#2776 = LINE ( 'NONE', #6359, #3255 ) ;
#2777 = VERTEX_POINT ( 'NONE', #3452 ) ;
#2778 = LINE ( 'NONE', #6329, #6176 ) ;
#2779 = DIRECTION ( 'NONE',  ( -0.000000000000000000, -0.000000000000000000, -1.000000000000000000 ) ) ;
#2780 = CARTESIAN_POINT ( 'NONE',  ( 52.31049714567244280, 60.38090142116218573, -14.09999999999998366 ) ) ;
#2781 = ORIENTED_EDGE ( 'NONE', *, *, #1529, .T. ) ;
#2782 = CARTESIAN_POINT ( 'NONE',  ( 57.64524978732374194, 47.49049559811528809, 7.500000000000000000 ) ) ;
#2783 = DIRECTION ( 'NONE',  ( 0.2901183712691673966, -0.9569907683212652838, 0.000000000000000000 ) ) ;
#2784 = ORIENTED_EDGE ( 'NONE', *, *, #2424, .F. ) ;
#2785 = CARTESIAN_POINT ( 'NONE',  ( 70.57214710875231845, 47.82531702668671159, -14.09999999999998721 ) ) ;
#2786 = CARTESIAN_POINT ( 'NONE',  ( 74.74067389446661025, 46.57531702668671869, -14.09999999999997655 ) ) ;
#2787 = ORIENTED_EDGE ( 'NONE', *, *, #1757, .T. ) ;
#2788 = CARTESIAN_POINT ( 'NONE',  ( 30.99365341198607737, 61.54218813148451517, -14.09999999999998721 ) ) ;
#2789 = EDGE_CURVE ( 'NONE', #2414, #1699, #2915, .T. ) ;
#2790 = CARTESIAN_POINT ( 'NONE',  ( 53.93888764915899969, 105.9601459312399925, -1.599999999999998979 ) ) ;
#2791 = ORIENTED_EDGE ( 'NONE', *, *, #1609, .F. ) ;
#2792 = ORIENTED_EDGE ( 'NONE', *, *, #4581, .T. ) ;
#2793 = CARTESIAN_POINT ( 'NONE',  ( 62.21494370055980738, 56.64215256128153442, -14.09999999999998721 ) ) ;
#2794 = CARTESIAN_POINT ( 'NONE',  ( 62.79250437975536414, 56.42466820338489697, -14.09999999999996945 ) ) ;
#2795 = CARTESIAN_POINT ( 'NONE',  ( 43.14647199968335656, 60.86126327753767384, -14.09999999999997655 ) ) ;
#2796 = LINE ( 'NONE', #3850, #4138 ) ;
#2797 = DIRECTION ( 'NONE',  ( -1.000000000000000000, 0.000000000000000000, 0.000000000000000000 ) ) ;
#2798 = CARTESIAN_POINT ( 'NONE',  ( 57.72046226605216646, 60.85476726807972625, -16.09999999999999076 ) ) ;
#2799 = CARTESIAN_POINT ( 'NONE',  ( 51.05706055643108954, 60.93504932140729125, -16.09999999999998366 ) ) ;
#2800 = EDGE_CURVE ( 'NONE', #4160, #2114, #4507, .T. ) ;
#2801 = EDGE_CURVE ( 'NONE', #4397, #4238, #3427, .T. ) ;
#2802 = B_SPLINE_CURVE_WITH_KNOTS ( 'NONE', 3,
 ( #5017, #1381, #3462, #2546, #1484, #864, #6651, #4106, #2004, #2958, #2447 ),
 .UNSPECIFIED., .F., .F.,
 ( 4, 1, 1, 1, 1, 1, 1, 1, 4 ),
 ( 0.000000000000000000, 0.1180855959615057238, 0.2231661953483775052, 0.3259856753779957206, 0.4316723508451211777, 0.5489547079495787907, 0.6790829042109726155, 0.8303305784360541786, 1.000000000000000000 ),
 .UNSPECIFIED. ) ;
#2803 = CYLINDRICAL_SURFACE ( 'NONE', #5975, 0.8999999999999980238 ) ;
#2804 = VERTEX_POINT ( 'NONE', #6470 ) ;
#2805 = ORIENTED_EDGE ( 'NONE', *, *, #4169, .F. ) ;
#2806 = CARTESIAN_POINT ( 'NONE',  ( 56.28676247505608643, 60.31549808869674223, -16.09999999999999076 ) ) ;
#2807 = ADVANCED_FACE ( 'NONE', ( #5460 ), #6571, .T. ) ;
#2808 = DIRECTION ( 'NONE',  ( -1.000000000000000000, 0.000000000000000000, 0.000000000000000000 ) ) ;
#2809 = CALENDAR_DATE ( 2025, 23, 7 ) ;
#2810 = FACE_OUTER_BOUND ( 'NONE', #1013, .T. ) ;
#2811 = CARTESIAN_POINT ( 'NONE',  ( 19.26859586548848213, 61.75427035578693591, -14.09999999999999432 ) ) ;
#2812 = CARTESIAN_POINT ( 'NONE',  ( 43.14874974440851929, 61.23052214885655786, -14.09999999999998366 ) ) ;
#2813 = DIRECTION ( 'NONE',  ( 0.03843312210124109896, 0.9992611746313129206, -0.000000000000000000 ) ) ;
#2814 = VERTEX_POINT ( 'NONE', #2883 ) ;
#2815 = LINE ( 'NONE', #4376, #2550 ) ;
#2816 = ORIENTED_EDGE ( 'NONE', *, *, #3825, .T. ) ;
#2817 = ORIENTED_EDGE ( 'NONE', *, *, #462, .T. ) ;
#2818 = ORIENTED_EDGE ( 'NONE', *, *, #2535, .T. ) ;
#2819 = CARTESIAN_POINT ( 'NONE',  ( 39.77311909278490987, 61.39546626969976728, -14.09999999999999076 ) ) ;
#2820 = EDGE_CURVE ( 'NONE', #4304, #6666, #4436, .T. ) ;
#2821 = CARTESIAN_POINT ( 'NONE',  ( 39.93927885292554691, 61.00165726273408495, -16.09999999999999076 ) ) ;
#2822 = ORIENTED_EDGE ( 'NONE', *, *, #3715, .T. ) ;
#2823 = AXIS2_PLACEMENT_3D ( 'NONE', #5868, #2720, #4348 ) ;
#2824 = CARTESIAN_POINT ( 'NONE',  ( 31.33178489575999492, 61.04761095196477783, -16.09999999999999432 ) ) ;
#2825 = CARTESIAN_POINT ( 'NONE',  ( 48.44882121589517254, 48.93022774097242689, -16.09999999999999076 ) ) ;
#2826 = EDGE_LOOP ( 'NONE', ( #3823, #5015, #5825, #4284 ) ) ;
#2827 = CARTESIAN_POINT ( 'NONE',  ( 57.64803996589516544, 61.24049559811528809, -14.09999999999997655 ) ) ;
#2828 = DIRECTION ( 'NONE',  ( -0.000000000000000000, -0.000000000000000000, -1.000000000000000000 ) ) ;
#2829 = VECTOR ( 'NONE', #1149, 1000.000000000000114 ) ;
#2830 = CARTESIAN_POINT ( 'NONE',  ( 52.38576318018088784, 46.57531702668671869, -14.09999999999996945 ) ) ;
#2831 = ADVANCED_FACE ( 'NONE', ( #1405 ), #3863, .T. ) ;
#2832 = CARTESIAN_POINT ( 'NONE',  ( 29.56499462873739503, 60.05538659097184251, -14.09999999999998721 ) ) ;
#2833 = CARTESIAN_POINT ( 'NONE',  ( 26.51243728732374194, 60.42018309811528809, -16.09999999999998721 ) ) ;
#2834 = CARTESIAN_POINT ( 'NONE',  ( 43.14647199968335656, 60.86126327753767384, -14.09999999999999432 ) ) ;
#2835 = VECTOR ( 'NONE', #574, 1000.000000000000000 ) ;
#2836 = CARTESIAN_POINT ( 'NONE',  ( 51.14184100871580085, 61.24183341626882537, -14.09999999999997300 ) ) ;
#2837 = VERTEX_POINT ( 'NONE', #2403 ) ;
#2838 = VECTOR ( 'NONE', #3306, 1000.000000000000227 ) ;
#2839 = DIRECTION ( 'NONE',  ( 1.000000000000000000, 0.000000000000000000, 0.000000000000000000 ) ) ;
#2840 = VERTEX_POINT ( 'NONE', #822 ) ;
#2841 = EDGE_CURVE ( 'NONE', #3821, #5327, #1891, .T. ) ;
#2842 = EDGE_CURVE ( 'NONE', #6604, #673, #1730, .T. ) ;
#2843 = VECTOR ( 'NONE', #5265, 1000.000000000000000 ) ;
#2844 = ORIENTED_EDGE ( 'NONE', *, *, #5910, .F. ) ;
#2845 = VECTOR ( 'NONE', #679, 999.9999999999998863 ) ;
#2846 = CARTESIAN_POINT ( 'NONE',  ( 75.32325736923901616, 47.18147139454920591, -14.09999999999996589 ) ) ;
#2847 = DIRECTION ( 'NONE',  ( -1.000000000000000000, 0.000000000000000000, 0.000000000000000000 ) ) ;
#2848 = VECTOR ( 'NONE', #3413, 1000.000000000000114 ) ;
#2849 = CARTESIAN_POINT ( 'NONE',  ( 15.79967829147549097, -9.174006749889485945, -14.09999999999999432 ) ) ;
#2850 = LINE ( 'NONE', #270, #2396 ) ;
#2851 = VECTOR ( 'NONE', #2556, 999.9999999999998863 ) ;
#2852 = PLANE ( 'NONE',  #561 ) ;
#2853 = ORIENTED_EDGE ( 'NONE', *, *, #1200, .F. ) ;
#2854 = CARTESIAN_POINT ( 'NONE',  ( -6.938057215060106309, 21.63686617661054967, -14.09999999999999432 ) ) ;
#2855 = ORIENTED_EDGE ( 'NONE', *, *, #5842, .F. ) ;
#2856 = ORIENTED_EDGE ( 'NONE', *, *, #1342, .F. ) ;
#2857 = CARTESIAN_POINT ( 'NONE',  ( 57.26977341624234441, 60.39597410552483581, -16.09999999999999432 ) ) ;
#2858 = DIRECTION ( 'NONE',  ( 0.4482205491200541014, -0.8939230052675214422, 0.000000000000000000 ) ) ;
#2859 = ORIENTED_EDGE ( 'NONE', *, *, #5268, .F. ) ;
#2860 = CARTESIAN_POINT ( 'NONE',  ( 31.32331676976266621, 61.14399153471228487, -14.09999999999998721 ) ) ;
#2861 = CARTESIAN_POINT ( 'NONE',  ( 48.43059944147695006, 60.76690266027245002, -14.09999999999996945 ) ) ;
#2862 = ORIENTED_EDGE ( 'NONE', *, *, #3335, .T. ) ;
#2863 = DIRECTION ( 'NONE',  ( -0.000000000000000000, -0.000000000000000000, 1.000000000000000000 ) ) ;
#2864 = B_SPLINE_CURVE_WITH_KNOTS ( 'NONE', 3,
 ( #737, #4391, #3949, #3916, #6457 ),
 .UNSPECIFIED., .F., .F.,
 ( 4, 1, 4 ),
 ( 0.000000000000000000, 0.6097165098524741644, 0.9999999999999998890 ),
 .UNSPECIFIED. ) ;
#2865 = CARTESIAN_POINT ( 'NONE',  ( 62.19464910571920768, 61.57085691692334706, -16.09999999999999432 ) ) ;
#2866 = DIRECTION ( 'NONE',  ( 0.6606278948920230043, 0.7507135169227567850, 0.000000000000000000 ) ) ;
#2867 = CARTESIAN_POINT ( 'NONE',  ( 70.50239264446659604, 57.72487059811528809, 7.500000000000000000 ) ) ;
#2868 = CARTESIAN_POINT ( 'NONE',  ( 26.04429444116904335, 60.98931422084856990, -16.09999999999999076 ) ) ;
#2869 = AXIS2_PLACEMENT_3D ( 'NONE', #6456, #1809, #2358 ) ;
#2870 = LINE ( 'NONE', #2287, #763 ) ;
#2871 = CARTESIAN_POINT ( 'NONE',  ( 73.28978103732373484, 49.86214738382957279, 7.500000000000000000 ) ) ;
#2872 = EDGE_CURVE ( 'NONE', #4726, #3133, #4370, .T. ) ;
#2873 = CARTESIAN_POINT ( 'NONE',  ( 31.05818491033887696, 60.45294197436518147, -16.09999999999999787 ) ) ;
#2874 = VECTOR ( 'NONE', #6341, 1000.000000000000000 ) ;
#2875 = ORIENTED_EDGE ( 'NONE', *, *, #2702, .F. ) ;
#2876 = VERTEX_POINT ( 'NONE', #3045 ) ;
#2877 = FACE_OUTER_BOUND ( 'NONE', #137, .T. ) ;
#2878 = LOCAL_TIME ( 21, 33, 21.00000000000000000, #1431 ) ;
#2879 = DIRECTION ( 'NONE',  ( 0.000000000000000000, 0.000000000000000000, -1.000000000000000000 ) ) ;
#2880 = EDGE_CURVE ( 'NONE', #3798, #3868, #1814, .T. ) ;
#2881 = B_SPLINE_SURFACE_WITH_KNOTS ( 'NONE', 3, 1, ( 
 ( #1550, #3115 ),
 ( #4518, #512 ),
 ( #6580, #5564 ),
 ( #5053, #385 ),
 ( #2481, #6618 ) ),
 .UNSPECIFIED., .F., .F., .F.,
 ( 4, 1, 4 ),
 ( 2, 2 ),
 ( 0.000000000000000000, 0.5752325325929393829, 1.000000000000000000 ),
 ( 0.000000000000000000, 1.000000000000000000 ),
 .UNSPECIFIED. ) ;
#2882 = CARTESIAN_POINT ( 'NONE',  ( 53.03888764915900111, 105.9601459312399925, -1.599999999999998979 ) ) ;
#2883 = CARTESIAN_POINT ( 'NONE',  ( 32.63408907303803375, 46.57531702668671869, -14.09999999999998010 ) ) ;
#2884 = LINE ( 'NONE', #5390, #1199 ) ;
#2885 = ORIENTED_EDGE ( 'NONE', *, *, #5629, .T. ) ;
#2886 = EDGE_CURVE ( 'NONE', #4562, #2353, #1305, .T. ) ;
#2887 = DIRECTION ( 'NONE',  ( 0.2577193307609847439, -0.9662198231003699123, 0.000000000000000000 ) ) ;
#2888 = EDGE_CURVE ( 'NONE', #2138, #4418, #443, .T. ) ;
#2889 = CARTESIAN_POINT ( 'NONE',  ( 38.56879889446660314, 47.14172327668672580, 7.499999999999996447 ) ) ;
#2890 = ORIENTED_EDGE ( 'NONE', *, *, #5454, .T. ) ;
#2891 = ORIENTED_EDGE ( 'NONE', *, *, #315, .F. ) ;
#2892 = CARTESIAN_POINT ( 'NONE',  ( 73.92801980979722032, 51.65681226480896271, -14.09999999999997300 ) ) ;
#2893 = CARTESIAN_POINT ( 'NONE',  ( 75.27917835875231845, 46.85712506240100339, -16.09999999999999432 ) ) ;
#2894 = DIRECTION ( 'NONE',  ( -1.000000000000000000, 0.000000000000000000, 0.000000000000000000 ) ) ;
#2895 = CARTESIAN_POINT ( 'NONE',  ( 47.34112032303802664, 60.36995988382957279, -16.09999999999999787 ) ) ;
#2896 = ADVANCED_FACE ( 'NONE', ( #2536 ), #6644, .T. ) ;
#2897 = CARTESIAN_POINT ( 'NONE',  ( 74.74067389446662446, 46.57531702668672580, -16.10000000000000142 ) ) ;
#2898 = ORIENTED_EDGE ( 'NONE', *, *, #2094, .F. ) ;
#2899 = FACE_OUTER_BOUND ( 'NONE', #513, .T. ) ;
#2900 = CARTESIAN_POINT ( 'NONE',  ( 50.30859479306568005, 15.04487517516916384, -14.09999999999999432 ) ) ;
#2901 = CARTESIAN_POINT ( 'NONE',  ( 50.43458066772974746, 47.20889847557580055, -16.09999999999999432 ) ) ;
#2902 = CARTESIAN_POINT ( 'NONE',  ( 43.76663039720063608, 46.74480227728888337, -14.09999999999998366 ) ) ;
#2903 = CARTESIAN_POINT ( 'NONE',  ( 74.44617958108719336, 51.57291614546851832, -14.09999999999996945 ) ) ;
#2904 = LINE ( 'NONE', #5982, #5111 ) ;
#2905 = B_SPLINE_CURVE_WITH_KNOTS ( 'NONE', 3,
 ( #1692, #3709, #3303, #2793, #4854, #1251, #2684, #5768, #701, #1140, #1175 ),
 .UNSPECIFIED., .F., .F.,
 ( 4, 1, 1, 1, 1, 1, 1, 1, 4 ),
 ( 0.000000000000000000, 0.1101624406791440330, 0.2262065302928193689, 0.3638642837295504862, 0.5310447810791494305, 0.6958205021527626988, 0.8275155774792034569, 0.9284961809181873083, 1.000000000000000000 ),
 .UNSPECIFIED. ) ;
#2906 = CARTESIAN_POINT ( 'NONE',  ( 51.12181228732374194, 61.21817416954385749, -14.09999999999998010 ) ) ;
#2907 = ORIENTED_EDGE ( 'NONE', *, *, #5373, .F. ) ;
#2908 = B_SPLINE_CURVE_WITH_KNOTS ( 'NONE', 3,
 ( #282, #834, #6515, #4956, #5402 ),
 .UNSPECIFIED., .F., .F.,
 ( 4, 1, 4 ),
 ( 0.000000000000000000, 0.4044095493906807448, 1.000000000000000000 ),
 .UNSPECIFIED. ) ;
#2909 = CARTESIAN_POINT ( 'NONE',  ( 54.77973639446660314, 47.82531702668671159, 7.500000000000000000 ) ) ;
#2910 = ORIENTED_EDGE ( 'NONE', *, *, #277, .T. ) ;
#2911 = FACE_OUTER_BOUND ( 'NONE', #3456, .T. ) ;
#2912 = CARTESIAN_POINT ( 'NONE',  ( 2.395912292388568510, 62.29371960204320402, -14.09999999999999432 ) ) ;
#2913 = LINE ( 'NONE', #5105, #4569 ) ;
#2914 = EDGE_CURVE ( 'NONE', #6129, #1080, #408, .T. ) ;
#2915 = LINE ( 'NONE', #2338, #4232 ) ;
#2916 = CARTESIAN_POINT ( 'NONE',  ( 38.91611069239093013, 47.63297594396316015, -16.10000000000000142 ) ) ;
#2917 = ORIENTED_EDGE ( 'NONE', *, *, #1202, .T. ) ;
#2918 = DIRECTION ( 'NONE',  ( -0.000000000000000000, -0.000000000000000000, -1.000000000000000000 ) ) ;
#2919 = CARTESIAN_POINT ( 'NONE',  ( 41.83051764446660314, 48.17408934811528809, 7.500000000000000000 ) ) ;
#2920 = CARTESIAN_POINT ( 'NONE',  ( 57.22114264446660314, 60.38391077668671159, -16.09999999999999787 ) ) ;
#2921 = EDGE_CURVE ( 'NONE', #6138, #3451, #2568, .T. ) ;
#2922 = EDGE_CURVE ( 'NONE', #2746, #2549, #3107, .T. ) ;
#2923 = B_SPLINE_CURVE_WITH_KNOTS ( 'NONE', 3,
 ( #1523, #1462, #5633, #972, #3606, #1005, #322 ),
 .UNSPECIFIED., .F., .F.,
 ( 4, 1, 1, 1, 4 ),
 ( 0.000000000000000000, 0.2170270573702704764, 0.4442759721777730930, 0.7020208026378519373, 1.000000000000000000 ),
 .UNSPECIFIED. ) ;
#2924 = DIRECTION ( 'NONE',  ( -0.000000000000000000, -0.000000000000000000, 1.000000000000000000 ) ) ;
#2925 = CARTESIAN_POINT ( 'NONE',  ( 74.44617958108719336, 51.57291614546851832, -16.09999999999999787 ) ) ;
#2926 = DIRECTION ( 'NONE',  ( -0.000000000000000000, -0.000000000000000000, -1.000000000000000000 ) ) ;
#2927 = CARTESIAN_POINT ( 'NONE',  ( 74.79422786859755945, 46.57801286948176767, -16.09999999999999432 ) ) ;
#2928 = VERTEX_POINT ( 'NONE', #6193 ) ;
#2929 = LINE ( 'NONE', #3945, #1511 ) ;
#2930 = CARTESIAN_POINT ( 'NONE',  ( 43.76663039720063608, 46.74480227728888337, -16.09999999999999432 ) ) ;
#2931 = CARTESIAN_POINT ( 'NONE',  ( 26.51243728732374194, 60.42018309811528809, -14.09999999999997300 ) ) ;
#2932 = CARTESIAN_POINT ( 'NONE',  ( 51.17666201135579485, 60.60516329178470585, -16.09999999999997655 ) ) ;
#2933 = DIRECTION ( 'NONE',  ( -0.000000000000000000, -0.000000000000000000, -1.000000000000000000 ) ) ;
#2934 = ORIENTED_EDGE ( 'NONE', *, *, #911, .F. ) ;
#2935 = VECTOR ( 'NONE', #2936, 1000.000000000000000 ) ;
#2936 = DIRECTION ( 'NONE',  ( -0.000000000000000000, -0.000000000000000000, -1.000000000000000000 ) ) ;
#2937 = ORIENTED_EDGE ( 'NONE', *, *, #3833, .F. ) ;
#2938 = CARTESIAN_POINT ( 'NONE',  ( 57.69627214192275488, 61.09439897283483134, -14.09999999999998721 ) ) ;
#2939 = AXIS2_PLACEMENT_3D ( 'NONE', #1343, #299, #2369 ) ;
#2940 = CARTESIAN_POINT ( 'NONE',  ( 73.30931228732374905, 51.17353131240100339, 7.500000000000000000 ) ) ;
#2941 = CARTESIAN_POINT ( 'NONE',  ( 52.99842878151299885, 53.00157121848699404, -24.09999999999999787 ) ) ;
#2942 = CARTESIAN_POINT ( 'NONE',  ( 43.94347239658969073, 60.37344443850036413, -16.09999999999999787 ) ) ;
#2943 = ORIENTED_EDGE ( 'NONE', *, *, #6390, .T. ) ;
#2944 = VECTOR ( 'NONE', #79, 1000.000000000000000 ) ;
#2945 = AXIS2_PLACEMENT_3D ( 'NONE', #1108, #5798, #3196 ) ;
#2946 = B_SPLINE_CURVE_WITH_KNOTS ( 'NONE', 3,
 ( #1810, #775, #2798, #2388, #2321, #5980, #4860 ),
 .UNSPECIFIED., .F., .F.,
 ( 4, 1, 1, 1, 4 ),
 ( 0.006938903727760221615, 0.3098592912016710499, 0.5707156612193656775, 0.7863180522357571256, 0.9999999999999998890 ),
 .UNSPECIFIED. ) ;
#2947 = ORIENTED_EDGE ( 'NONE', *, *, #4793, .T. ) ;
#2948 = CARTESIAN_POINT ( 'NONE',  ( 43.12795068018088784, 61.05355363382957279, -14.09999999999998366 ) ) ;
#2949 = AXIS2_PLACEMENT_3D ( 'NONE', #4795, #6349, #80 ) ;
#2950 = CARTESIAN_POINT ( 'NONE',  ( 105.9601459312399925, 53.03888764915900111, -1.599999999999998979 ) ) ;
#2951 = EDGE_LOOP ( 'NONE', ( #913, #2145, #2074, #2090 ) ) ;
#2952 = CARTESIAN_POINT ( 'NONE',  ( 33.03574139049977987, 46.64024746490152751, -16.09999999999999076 ) ) ;
#2953 = LINE ( 'NONE', #3529, #906 ) ;
#2954 = EDGE_CURVE ( 'NONE', #3451, #2202, #5588, .T. ) ;
#2955 = ORIENTED_EDGE ( 'NONE', *, *, #5854, .T. ) ;
#2956 = DIRECTION ( 'NONE',  ( 0.2835844554808930607, -0.9589472647698649155, 0.000000000000000000 ) ) ;
#2957 = VECTOR ( 'NONE', #2751, 1000.000000000000114 ) ;
#2958 = CARTESIAN_POINT ( 'NONE',  ( 51.88338700372743517, 60.37083618906824256, -14.09999999999998721 ) ) ;
#2959 = ORIENTED_EDGE ( 'NONE', *, *, #2037, .F. ) ;
#2960 = CARTESIAN_POINT ( 'NONE',  ( 30.84000425160946079, 61.57531702668671869, -16.09999999999998721 ) ) ;
#2961 = CARTESIAN_POINT ( 'NONE',  ( 51.12181228732374194, 61.21817416954385749, -16.09999999999999787 ) ) ;
#2962 = ADVANCED_FACE ( 'NONE', ( #6601 ), #925, .T. ) ;
#2963 = ADVANCED_FACE ( 'NONE', ( #2061 ), #3080, .T. ) ;
#2964 = VERTEX_POINT ( 'NONE', #4034 ) ;
#2965 = CARTESIAN_POINT ( 'NONE',  ( 48.32992256162073375, 60.56732234218866751, -16.09999999999999787 ) ) ;
#2966 = CARTESIAN_POINT ( 'NONE',  ( 31.21217702590643839, 60.56732234218865329, -16.09999999999998366 ) ) ;
#2967 = DIRECTION ( 'NONE',  ( -0.000000000000000000, -0.000000000000000000, 1.000000000000000000 ) ) ;
#2968 = CARTESIAN_POINT ( 'NONE',  ( 74.08219175160945724, 51.66181256240100339, -16.09999999999999076 ) ) ;
#2969 = CARTESIAN_POINT ( 'NONE',  ( 43.12795068018088784, 61.05355363382957279, -16.09999999999999787 ) ) ;
#2970 = DIRECTION ( 'NONE',  ( 0.4682040445279447294, 0.8836203781532396828, 0.000000000000000000 ) ) ;
#2971 = VERTEX_POINT ( 'NONE', #1955 ) ;
#2972 = EDGE_CURVE ( 'NONE', #1274, #6353, #6708, .T. ) ;
#2973 = APPROVAL_ROLE ( '' ) ;
#2974 = EDGE_CURVE ( 'NONE', #4238, #2713, #5682, .T. ) ;
#2975 = CARTESIAN_POINT ( 'NONE',  ( 53.04230130916199215, 0.04330999182739999481, -6.099999999999997868 ) ) ;
#2976 = ORIENTED_EDGE ( 'NONE', *, *, #4229, .T. ) ;
#2977 = CARTESIAN_POINT ( 'NONE',  ( 70.42426764446661025, 53.94696881240100339, -14.09999999999998721 ) ) ;
#2978 = LINE ( 'NONE', #1677, #3929 ) ;
#2979 = AXIS2_PLACEMENT_3D ( 'NONE', #2663, #4134, #600 ) ;
#2980 = DIRECTION ( 'NONE',  ( -0.000000000000000000, -0.000000000000000000, -1.000000000000000000 ) ) ;
#2981 = ORIENTED_EDGE ( 'NONE', *, *, #4096, .T. ) ;
#2982 = ORIENTED_EDGE ( 'NONE', *, *, #5885, .F. ) ;
#2983 = CARTESIAN_POINT ( 'NONE',  ( 62.86567389446659604, 56.41627684811528809, -16.09999999999999787 ) ) ;
#2984 = VECTOR ( 'NONE', #4080, 1000.000000000000000 ) ;
#2985 = CARTESIAN_POINT ( 'NONE',  ( 39.77311909278490987, 61.39546626969976728, -16.10000000000000142 ) ) ;
#2986 = ORIENTED_EDGE ( 'NONE', *, *, #3198, .T. ) ;
#2987 = B_SPLINE_CURVE_WITH_KNOTS ( 'NONE', 3,
 ( #4154, #1497, #3067, #6212, #3578 ),
 .UNSPECIFIED., .F., .F.,
 ( 4, 1, 4 ),
 ( 0.000000000000000000, 0.4812987511691149689, 0.9999999999999998890 ),
 .UNSPECIFIED. ) ;
#2988 = CARTESIAN_POINT ( 'NONE',  ( 52.13891701802840828, 105.9528752296086651, -6.099999999999997868 ) ) ;
#2989 = CC_DESIGN_APPROVAL ( #5623, ( #2224 ) ) ;
#2990 = CARTESIAN_POINT ( 'NONE',  ( -8.735449373249057459, 17.54696942318817676, -14.09999999999999432 ) ) ;
#2991 = DIRECTION ( 'NONE',  ( -0.4549405027596899465, 0.8905218351892111306, 0.000000000000000000 ) ) ;
#2992 = DIRECTION ( 'NONE',  ( -0.1588756372959864438, -0.9872986031965172993, 0.000000000000000000 ) ) ;
#2993 = ORIENTED_EDGE ( 'NONE', *, *, #4846, .T. ) ;
#2994 = CARTESIAN_POINT ( 'NONE',  ( 49.77909795352819344, 47.59304208072604325, -16.09999999999999076 ) ) ;
#2995 = ORIENTED_EDGE ( 'NONE', *, *, #6689, .T. ) ;
#2996 = LINE ( 'NONE', #2900, #81 ) ;
#2997 = LINE ( 'NONE', #3439, #3687 ) ;
#2998 = ADVANCED_FACE ( 'NONE', ( #6742 ), #2096, .T. ) ;
#2999 = CARTESIAN_POINT ( 'NONE',  ( 74.08219175160945724, 51.66181256240100339, -14.09999999999996945 ) ) ;
#3000 = B_SPLINE_CURVE_WITH_KNOTS ( 'NONE', 3,
 ( #909, #2079, #6208, #141, #6306 ),
 .UNSPECIFIED., .F., .F.,
 ( 4, 1, 4 ),
 ( 0.000000000000000000, 0.5842061712145215635, 1.000000000000000000 ),
 .UNSPECIFIED. ) ;
#3001 = CARTESIAN_POINT ( 'NONE',  ( 72.62498358225938944, 57.31379381209588786, -14.09999999999998721 ) ) ;
#3002 = DIRECTION ( 'NONE',  ( 0.000000000000000000, 0.000000000000000000, -1.000000000000000000 ) ) ;
#3003 = VERTEX_POINT ( 'NONE', #538 ) ;
#3004 = DIRECTION ( 'NONE',  ( -1.000000000000000000, 0.000000000000000000, 0.000000000000000000 ) ) ;
#3005 = VERTEX_POINT ( 'NONE', #3678 ) ;
#3006 = ADVANCED_FACE ( 'NONE', ( #160 ), #505, .T. ) ;
#3007 = CARTESIAN_POINT ( 'NONE',  ( 26.85362864658967652, 60.37344443850036413, -14.09999999999998721 ) ) ;
#3008 = EDGE_CURVE ( 'NONE', #3149, #1166, #6323, .T. ) ;
#3009 = LINE ( 'NONE', #5645, #4573 ) ;
#3010 = DIRECTION ( 'NONE',  ( -0.000000000000000000, -0.000000000000000000, -1.000000000000000000 ) ) ;
#3011 = DIRECTION ( 'NONE',  ( -0.000000000000000000, 0.000000000000000000, -1.000000000000000000 ) ) ;
#3012 = VERTEX_POINT ( 'NONE', #5778 ) ;
#3013 = EDGE_LOOP ( 'NONE', ( #3261, #3764, #4438, #3379 ) ) ;
#3014 = CARTESIAN_POINT ( 'NONE',  ( 43.52766961443654026, 46.59639167186492159, -14.09999999999996945 ) ) ;
#3015 = CARTESIAN_POINT ( 'NONE',  ( 73.65815736722707641, 51.59667376997271759, -14.09999999999998366 ) ) ;
#3016 = DIRECTION ( 'NONE',  ( 0.7123933378326325894, -0.7017804017010452755, 0.000000000000000000 ) ) ;
#3017 = DIRECTION ( 'NONE',  ( -0.7105900021676226919, 0.7036063166426363980, 0.000000000000000000 ) ) ;
#3018 = CARTESIAN_POINT ( 'NONE',  ( 51.18740055492274621, 61.29565135717918878, -16.10000000000000142 ) ) ;
#3019 = CARTESIAN_POINT ( 'NONE',  ( 53.37069621589517254, 59.80076345525814219, -16.09999999999999787 ) ) ;
#3020 = ORIENTED_EDGE ( 'NONE', *, *, #736, .F. ) ;
#3021 = CARTESIAN_POINT ( 'NONE',  ( 69.16274504690545655, 61.45624690605409768, -14.09999999999999432 ) ) ;
#3022 = CARTESIAN_POINT ( 'NONE',  ( 57.11028625834182293, 61.57290903759179201, -16.09999999999998366 ) ) ;
#3023 = EDGE_LOOP ( 'NONE', ( #1485, #3316, #5828, #5159, #5069 ) ) ;
#3024 = PLANE ( 'NONE',  #1178 ) ;
#3025 = B_SPLINE_SURFACE_WITH_KNOTS ( 'NONE', 3, 1, ( 
 ( #57, #2159 ),
 ( #5714, #3082 ),
 ( #1546, #3629 ),
 ( #5150, #3177 ),
 ( #479, #3683 ) ),
 .UNSPECIFIED., .F., .F., .F.,
 ( 4, 1, 4 ),
 ( 2, 2 ),
 ( 0.000000000000000000, 0.4553261816266693796, 1.000000000000000000 ),
 ( 0.000000000000000000, 1.000000000000000000 ),
 .UNSPECIFIED. ) ;
#3026 = CARTESIAN_POINT ( 'NONE',  ( 38.82503896167033730, 46.72810106426538823, -16.09999999999999432 ) ) ;
#3027 = LINE ( 'NONE', #5602, #308 ) ;
#3028 = DIRECTION ( 'NONE',  ( -1.000000000000000000, 0.000000000000000000, 0.000000000000000000 ) ) ;
#3029 = LINE ( 'NONE', #4591, #4389 ) ;
#3030 = VERTEX_POINT ( 'NONE', #2662 ) ;
#3031 = EDGE_CURVE ( 'NONE', #246, #3463, #5810, .T. ) ;
#3032 = LINE ( 'NONE', #3612, #4227 ) ;
#3033 = CARTESIAN_POINT ( 'NONE',  ( 58.35953550160945724, 51.23491524097242689, -16.09999999999999787 ) ) ;
#3034 = ORIENTED_EDGE ( 'NONE', *, *, #6310, .T. ) ;
#3035 = CARTESIAN_POINT ( 'NONE',  ( 53.01076318018088784, 60.17464738382957989, 7.500000000000000000 ) ) ;
#3036 = DIRECTION ( 'NONE',  ( -0.8938896758213661364, 0.4482870146011066481, 0.000000000000000000 ) ) ;
#3037 = VECTOR ( 'NONE', #750, 1000.000000000000000 ) ;
#3038 = EDGE_CURVE ( 'NONE', #2814, #2027, #4222, .T. ) ;
#3039 = CARTESIAN_POINT ( 'NONE',  ( 32.05139854595269355, 46.89605398170554196, -16.10000000000000142 ) ) ;
#3040 = EDGE_CURVE ( 'NONE', #1669, #3298, #2734, .T. ) ;
#3041 = ORIENTED_EDGE ( 'NONE', *, *, #6568, .F. ) ;
#3042 = AXIS2_PLACEMENT_3D ( 'NONE', #1334, #5450, #781 ) ;
#3043 = ORIENTED_EDGE ( 'NONE', *, *, #771, .F. ) ;
#3044 = AXIS2_PLACEMENT_3D ( 'NONE', #5007, #5040, #5990 ) ;
#3045 = CARTESIAN_POINT ( 'NONE',  ( -2.913682602885095729, 52.95769869083799364, -6.099999999999997868 ) ) ;
#3046 = FACE_OUTER_BOUND ( 'NONE', #2491, .T. ) ;
#3047 = CARTESIAN_POINT ( 'NONE',  ( 72.51411139446661025, 59.38223666954386459, 7.500000000000000000 ) ) ;
#3048 = VECTOR ( 'NONE', #6501, 1000.000000000000000 ) ;
#3049 = DIRECTION ( 'NONE',  ( 0.000000000000000000, -1.000000000000000000, 0.000000000000000000 ) ) ;
#3050 = VECTOR ( 'NONE', #1256, 1000.000000000000000 ) ;
#3051 = CARTESIAN_POINT ( 'NONE',  ( 57.68528827485359045, 61.13452409587087288, -14.09999999999996945 ) ) ;
#3052 = EDGE_CURVE ( 'NONE', #5225, #3087, #159, .T. ) ;
#3053 = ORIENTED_EDGE ( 'NONE', *, *, #5966, .T. ) ;
#3054 = VECTOR ( 'NONE', #3981, 1000.000000000000227 ) ;
#3055 = CARTESIAN_POINT ( 'NONE',  ( 26.38534433418051250, 61.50104826110218426, -14.09999999999998366 ) ) ;
#3056 = VERTEX_POINT ( 'NONE', #1086 ) ;
#3057 = DIRECTION ( 'NONE',  ( -0.000000000000000000, -0.000000000000000000, -1.000000000000000000 ) ) ;
#3058 = CARTESIAN_POINT ( 'NONE',  ( 43.12795068018088784, 61.05355363382957279, -16.09999999999999787 ) ) ;
#3059 = ORIENTED_EDGE ( 'NONE', *, *, #154, .F. ) ;
#3060 = AXIS2_PLACEMENT_3D ( 'NONE', #2563, #2054, #4156 ) ;
#3061 = FACE_OUTER_BOUND ( 'NONE', #1722, .T. ) ;
#3062 = DIRECTION ( 'NONE',  ( -0.9509444353687637186, -0.3093617313779827294, 0.000000000000000000 ) ) ;
#3063 = CARTESIAN_POINT ( 'NONE',  ( 72.64524978732374905, 59.12554024097243399, -14.09999999999998721 ) ) ;
#3064 = CARTESIAN_POINT ( 'NONE',  ( 51.17666201135579485, 60.60516329178470585, -16.09999999999999432 ) ) ;
#3065 = VERTEX_POINT ( 'NONE', #1670 ) ;
#3066 = DIRECTION ( 'NONE',  ( -0.000000000000000000, -0.000000000000000000, -1.000000000000000000 ) ) ;
#3067 = CARTESIAN_POINT ( 'NONE',  ( 29.82607991034230821, 60.17861698699847040, -16.09999999999999787 ) ) ;
#3068 = ORIENTED_EDGE ( 'NONE', *, *, #2045, .F. ) ;
#3069 = DIRECTION ( 'NONE',  ( -1.000000000000000000, 0.000000000000000000, -0.000000000000000000 ) ) ;
#3070 = PLANE ( 'NONE',  #2412 ) ;
#3071 = EDGE_CURVE ( 'NONE', #3901, #2437, #1967, .T. ) ;
#3072 = DIRECTION ( 'NONE',  ( -0.000000000000000000, -0.000000000000000000, -1.000000000000000000 ) ) ;
#3073 = ORIENTED_EDGE ( 'NONE', *, *, #4566, .T. ) ;
#3074 = VERTEX_POINT ( 'NONE', #2228 ) ;
#3075 = CARTESIAN_POINT ( 'NONE',  ( 43.76663039720063608, 46.74480227728888337, -16.09999999999998721 ) ) ;
#3076 = EDGE_CURVE ( 'NONE', #4984, #2533, #5238, .T. ) ;
#3077 = B_SPLINE_CURVE_WITH_KNOTS ( 'NONE', 3,
 ( #1114, #1078, #3165, #3778, #1733, #628, #3273 ),
 .UNSPECIFIED., .F., .F.,
 ( 4, 1, 1, 1, 4 ),
 ( 0.000000000000000000, 0.2005391517638917820, 0.4247066699754329933, 0.6847454015251058790, 1.000000000000000000 ),
 .UNSPECIFIED. ) ;
#3078 = CIRCLE ( 'NONE', #122, 0.8999999999999992450 ) ;
#3079 = DIRECTION ( 'NONE',  ( -0.000000000000000000, -0.000000000000000000, -1.000000000000000000 ) ) ;
#3080 = B_SPLINE_SURFACE_WITH_KNOTS ( 'NONE', 3, 1, ( 
 ( #4069, #4132 ),
 ( #3014, #2503 ),
 ( #5172, #4571 ),
 ( #1048, #3075 ),
 ( #4100, #6159 ),
 ( #988, #5145 ),
 ( #5044, #476 ) ),
 .UNSPECIFIED., .F., .F., .F.,
 ( 4, 1, 1, 1, 4 ),
 ( 2, 2 ),
 ( 0.000000000000000000, 0.2661664700887593216, 0.5066687799002669301, 0.7425562787700072942, 0.9999999999999998890 ),
 ( 0.000000000000000000, 1.000000000000000000 ),
 .UNSPECIFIED. ) ;
#3081 = DIRECTION ( 'NONE',  ( 0.9452941647275984183, 0.3262191627295246144, 0.000000000000000000 ) ) ;
#3082 = CARTESIAN_POINT ( 'NONE',  ( 40.34656676739326997, 47.97978865821855976, -16.09999999999998721 ) ) ;
#3083 = ORIENTED_EDGE ( 'NONE', *, *, #183, .T. ) ;
#3084 = VECTOR ( 'NONE', #3300, 1000.000000000000000 ) ;
#3085 = EDGE_CURVE ( 'NONE', #1645, #3149, #5107, .T. ) ;
#3086 = CARTESIAN_POINT ( 'NONE',  ( 38.62002226264259974, 47.39117675095017290, -14.09999999999996412 ) ) ;
#3087 = VERTEX_POINT ( 'NONE', #1192 ) ;
#3088 = EDGE_CURVE ( 'NONE', #5054, #564, #2196, .T. ) ;
#3089 = LINE ( 'NONE', #483, #3499 ) ;
#3090 = ORIENTED_EDGE ( 'NONE', *, *, #5526, .T. ) ;
#3091 = AXIS2_PLACEMENT_3D ( 'NONE', #1509, #1961, #447 ) ;
#3092 = DIRECTION ( 'NONE',  ( -0.4624889039072900832, -0.8866250694417756595, 0.000000000000000000 ) ) ;
#3093 = ORIENTED_EDGE ( 'NONE', *, *, #2056, .T. ) ;
#3094 = CARTESIAN_POINT ( 'NONE',  ( 38.87013818018088784, 46.69529470525814929, -16.09999999999999787 ) ) ;
#3095 = CARTESIAN_POINT ( 'NONE',  ( 35.38094005101135764, 61.32294003667997373, -14.09999999999998010 ) ) ;
#3096 = CARTESIAN_POINT ( 'NONE',  ( 27.26857568018088784, 60.36995988382957279, -16.09999999999999787 ) ) ;
#3097 = DIRECTION ( 'NONE',  ( -0.4549405027596899465, 0.8905218351892111306, 0.000000000000000000 ) ) ;
#3098 = ORIENTED_EDGE ( 'NONE', *, *, #6113, .F. ) ;
#3099 = DIRECTION ( 'NONE',  ( -0.9999923193465235505, -0.003919342796991469487, 0.000000000000000000 ) ) ;
#3100 = CARTESIAN_POINT ( 'NONE',  ( 105.8760383473322548, 50.07962605223539043, -24.09999999999999787 ) ) ;
#3101 = CARTESIAN_POINT ( 'NONE',  ( 43.19770514446660314, 47.70812952668671869, 7.500000000000000000 ) ) ;
#3102 = CARTESIAN_POINT ( 'NONE',  ( 52.53922300160945724, 47.82531702668671159, -14.09999999999998721 ) ) ;
#3103 = VERTEX_POINT ( 'NONE', #6386 ) ;
#3104 = DIRECTION ( 'NONE',  ( 0.4482205491200540459, -0.8939230052675214422, 0.000000000000000000 ) ) ;
#3105 = EDGE_LOOP ( 'NONE', ( #1147, #6567, #3106, #1900, #2257 ) ) ;
#3106 = ORIENTED_EDGE ( 'NONE', *, *, #2738, .T. ) ;
#3107 = LINE ( 'NONE', #6096, #629 ) ;
#3108 = CARTESIAN_POINT ( 'NONE',  ( 38.74543905741057870, 60.35540885637099962, -14.09999999999996945 ) ) ;
#3109 = CARTESIAN_POINT ( 'NONE',  ( 32.63408907303803375, 46.57531702668671869, -16.09999999999998721 ) ) ;
#3110 = CARTESIAN_POINT ( 'NONE',  ( 57.61990152989377378, 61.29266403342483471, -14.09999999999998721 ) ) ;
#3111 = ADVANCED_FACE ( 'NONE', ( #5879 ), #6114, .T. ) ;
#3112 = CARTESIAN_POINT ( 'NONE',  ( 62.13743728732374194, 61.57252684811528809, -14.09999999999997300 ) ) ;
#3113 = VERTEX_POINT ( 'NONE', #3318 ) ;
#3114 = CARTESIAN_POINT ( 'NONE',  ( 47.95774978732374194, 61.57531702668671869, -14.09999999999998721 ) ) ;
#3115 = CARTESIAN_POINT ( 'NONE',  ( 48.45440157303802664, 60.99216970525814219, -16.09999999999999076 ) ) ;
#3116 = B_SPLINE_CURVE_WITH_KNOTS ( 'NONE', 3,
 ( #1387, #3978, #1806, #4959, #2965, #1357, #5503 ),
 .UNSPECIFIED., .F., .F.,
 ( 4, 1, 1, 1, 4 ),
 ( 0.000000000000000000, 0.2826927617233503942, 0.5273111742167917448, 0.7580647735485528393, 1.000000000000000000 ),
 .UNSPECIFIED. ) ;
#3117 = ORIENTED_EDGE ( 'NONE', *, *, #3166, .F. ) ;
#3118 = ADVANCED_FACE ( 'NONE', ( #2877 ), #3960, .T. ) ;
#3119 = FACE_OUTER_BOUND ( 'NONE', #520, .T. ) ;
#3120 = ADVANCED_FACE ( 'NONE', ( #4905 ), #5078, .T. ) ;
#3121 = CARTESIAN_POINT ( 'NONE',  ( 63.30880973947876100, 56.60380429003031111, -14.09999999999997655 ) ) ;
#3122 = DIRECTION ( 'NONE',  ( 0.4617352796546739246, 0.8870177740734512817, 0.000000000000000000 ) ) ;
#3123 = DIRECTION ( 'NONE',  ( -0.000000000000000000, -0.000000000000000000, -1.000000000000000000 ) ) ;
#3124 = ORIENTED_EDGE ( 'NONE', *, *, #3240, .T. ) ;
#3125 = ORIENTED_EDGE ( 'NONE', *, *, #3076, .T. ) ;
#3126 = CARTESIAN_POINT ( 'NONE',  ( -2.913682602885095729, 52.95769869083799364, -1.599999999999998979 ) ) ;
#3127 = PLANE ( 'NONE',  #5646 ) ;
#3128 = LINE ( 'NONE', #6347, #529 ) ;
#3129 = B_SPLINE_SURFACE_WITH_KNOTS ( 'NONE', 3, 1, ( 
 ( #2297, #747 ),
 ( #4499, #1298 ),
 ( #4466, #2330 ),
 ( #6531, #6563 ),
 ( #2846, #1916 ),
 ( #1264, #3350 ),
 ( #3387, #5456 ) ),
 .UNSPECIFIED., .F., .F., .F.,
 ( 4, 1, 1, 1, 4 ),
 ( 2, 2 ),
 ( 0.000000000000000000, 0.1286101008388225442, 0.3421221418694614380, 0.6267200659374966287, 1.000000000000000000 ),
 ( 0.000000000000000000, 1.000000000000000000 ),
 .UNSPECIFIED. ) ;
#3130 = DIRECTION ( 'NONE',  ( -0.000000000000000000, -0.000000000000000000, 1.000000000000000000 ) ) ;
#3131 = ORIENTED_EDGE ( 'NONE', *, *, #873, .T. ) ;
#3132 = FACE_OUTER_BOUND ( 'NONE', #6239, .T. ) ;
#3133 = VERTEX_POINT ( 'NONE', #229 ) ;
#3134 = ORIENTED_EDGE ( 'NONE', *, *, #2505, .F. ) ;
#3135 = CARTESIAN_POINT ( 'NONE',  ( 56.15654255804167150, 60.25940487334762707, -14.09999999999997300 ) ) ;
#3136 = CARTESIAN_POINT ( 'NONE',  ( 38.30835023002582318, 60.23971812400779413, -14.09999999999996412 ) ) ;
#3137 = DIRECTION ( 'NONE',  ( -0.8841219758046062749, -0.4672561737412991856, 0.000000000000000000 ) ) ;
#3138 = CARTESIAN_POINT ( 'NONE',  ( 52.14230130916199357, 0.04330999182740010583, -1.599999999999998979 ) ) ;
#3139 = CARTESIAN_POINT ( 'NONE',  ( 44.00406675160945724, 60.36995988382957279, -14.09999999999998721 ) ) ;
#3140 = B_SPLINE_CURVE_WITH_KNOTS ( 'NONE', 3,
 ( #5851, #6502, #2780, #5993, #271 ),
 .UNSPECIFIED., .F., .F.,
 ( 4, 1, 4 ),
 ( 0.000000000000000000, 0.1238993430993872019, 1.000000000000000000 ),
 .UNSPECIFIED. ) ;
#3141 = CARTESIAN_POINT ( 'NONE',  ( 38.78862543398395957, 47.57333819283532961, -14.09999999999998721 ) ) ;
#3142 = CARTESIAN_POINT ( 'NONE',  ( 26.03810693018088784, 61.05355363382957279, -14.09999999999996945 ) ) ;
#3143 = VECTOR ( 'NONE', #799, 1000.000000000000000 ) ;
#3144 = CARTESIAN_POINT ( 'NONE',  ( 37.15797965785144896, 59.01924920048309531, 7.500000000000000000 ) ) ;
#3145 = ORIENTED_EDGE ( 'NONE', *, *, #4915, .T. ) ;
#3146 = AXIS2_PLACEMENT_3D ( 'NONE', #2022, #2085, #4561 ) ;
#3147 = EDGE_CURVE ( 'NONE', #1863, #930, #3176, .T. ) ;
#3148 = CARTESIAN_POINT ( 'NONE',  ( 48.24148494808215304, 61.47726389958332049, -16.09999999999999432 ) ) ;
#3149 = VERTEX_POINT ( 'NONE', #5917 ) ;
#3150 = CARTESIAN_POINT ( 'NONE',  ( 28.09167835875231489, 59.95980363382957989, -14.09999999999998721 ) ) ;
#3151 = AXIS2_PLACEMENT_3D ( 'NONE', #1035, #490, #2580 ) ;
#3152 = PLANE ( 'NONE',  #3810 ) ;
#3153 = EDGE_LOOP ( 'NONE', ( #3668, #2567, #3977, #1835 ) ) ;
#3154 = LINE ( 'NONE', #5255, #3163 ) ;
#3155 = ADVANCED_FACE ( 'NONE', ( #2911 ), #3129, .T. ) ;
#3156 = EDGE_CURVE ( 'NONE', #2414, #63, #6184, .T. ) ;
#3157 = VECTOR ( 'NONE', #60, 1000.000000000000000 ) ;
#3158 = DIRECTION ( 'NONE',  ( 1.000000000000000000, 0.000000000000000000, 0.000000000000000000 ) ) ;
#3159 = ORIENTED_EDGE ( 'NONE', *, *, #2921, .T. ) ;
#3160 = VERTEX_POINT ( 'NONE', #919 ) ;
#3161 = CARTESIAN_POINT ( 'NONE',  ( 61.91136104050680444, 61.52948599171536870, -14.09999999999999076 ) ) ;
#3162 = CARTESIAN_POINT ( 'NONE',  ( 35.38094005101135764, 61.32294003667997373, -14.09999999999996589 ) ) ;
#3163 = VECTOR ( 'NONE', #552, 1000.000000000000000 ) ;
#3164 = CARTESIAN_POINT ( 'NONE',  ( 57.67076568985465457, 60.76043240391734912, -16.09999999999999787 ) ) ;
#3165 = CARTESIAN_POINT ( 'NONE',  ( 74.18866200879712380, 46.69754331375261103, -14.09999999999998366 ) ) ;
#3166 = EDGE_CURVE ( 'NONE', #473, #2176, #2055, .T. ) ;
#3167 = ADVANCED_FACE ( 'NONE', ( #4659 ), #2465, .F. ) ;
#3168 = B_SPLINE_CURVE_WITH_KNOTS ( 'NONE', 3,
 ( #4623, #4554, #6554, #6692, #2016 ),
 .UNSPECIFIED., .F., .F.,
 ( 4, 1, 4 ),
 ( 0.000000000000000000, 0.5384690655777928381, 1.000000000000000000 ),
 .UNSPECIFIED. ) ;
#3169 = EDGE_LOOP ( 'NONE', ( #588, #6068, #4480, #3773 ) ) ;
#3170 = CARTESIAN_POINT ( 'NONE',  ( 57.58107568018088784, 54.14228131240100339, -16.09999999999999787 ) ) ;
#3171 = VERTEX_POINT ( 'NONE', #1471 ) ;
#3172 = EDGE_LOOP ( 'NONE', ( #5664, #5061, #33, #2380 ) ) ;
#3173 = CARTESIAN_POINT ( 'NONE',  ( 73.65815736722707641, 51.59667376997271759, -16.09999999999999432 ) ) ;
#3174 = DIRECTION ( 'NONE',  ( 0.000000000000000000, -0.000000000000000000, 1.000000000000000000 ) ) ;
#3175 = CARTESIAN_POINT ( 'NONE',  ( 62.19464910571920768, 61.57085691692334706, -14.09999999999998366 ) ) ;
#3176 = B_SPLINE_CURVE_WITH_KNOTS ( 'NONE', 3,
 ( #1366, #2938, #5003, #1229, #5418, #3859, #2430 ),
 .UNSPECIFIED., .F., .F.,
 ( 4, 1, 1, 1, 4 ),
 ( 0.000000000000000000, 0.05024162472995571255, 0.2356937995791573703, 0.5559225806950739424, 1.000000000000000000 ),
 .UNSPECIFIED. ) ;
#3177 = CARTESIAN_POINT ( 'NONE',  ( 39.91334180967673717, 47.76364926074756312, -16.09999999999998721 ) ) ;
#3178 = CARTESIAN_POINT ( 'NONE',  ( 66.23899978732373484, 60.32531702668671869, -16.09999999999999787 ) ) ;
#3179 = VECTOR ( 'NONE', #646, 1000.000000000000000 ) ;
#3180 = CARTESIAN_POINT ( 'NONE',  ( 26.03810693018088784, 61.05355363382957279, -16.09999999999999432 ) ) ;
#3181 = CARTESIAN_POINT ( 'NONE',  ( 63.04826782400148488, 56.43967831155516279, -14.09999999999998721 ) ) ;
#3182 = ORIENTED_EDGE ( 'NONE', *, *, #6191, .F. ) ;
#3183 = LINE ( 'NONE', #5756, #3307 ) ;
#3184 = VECTOR ( 'NONE', #3771, 1000.000000000000000 ) ;
#3185 = ORIENTED_EDGE ( 'NONE', *, *, #1397, .T. ) ;
#3186 = VERTEX_POINT ( 'NONE', #3581 ) ;
#3187 = CARTESIAN_POINT ( 'NONE',  ( 53.04230130916199215, 0.04330999182739999481, -1.599999999999998979 ) ) ;
#3188 = ADVANCED_FACE ( 'NONE', ( #399 ), #5548, .F. ) ;
#3189 = LINE ( 'NONE', #4277, #203 ) ;
#3190 = ORIENTED_EDGE ( 'NONE', *, *, #5363, .F. ) ;
#3191 = CC_DESIGN_APPROVAL ( #2357, ( #5919 ) ) ;
#3192 = LINE ( 'NONE', #657, #2957 ) ;
#3193 = FACE_OUTER_BOUND ( 'NONE', #4338, .T. ) ;
#3194 = VERTEX_POINT ( 'NONE', #1946 ) ;
#3195 = ORIENTED_EDGE ( 'NONE', *, *, #6069, .T. ) ;
#3196 = DIRECTION ( 'NONE',  ( 1.000000000000000000, 0.000000000000000000, 0.000000000000000000 ) ) ;
#3197 = CARTESIAN_POINT ( 'NONE',  ( 62.13875949603951199, 56.72622945712951292, -16.09999999999999787 ) ) ;
#3198 = EDGE_CURVE ( 'NONE', #710, #1166, #974, .T. ) ;
#3199 = CARTESIAN_POINT ( 'NONE',  ( 48.42091943018088784, 60.73268309811529519, -16.10000000000000142 ) ) ;
#3200 = CARTESIAN_POINT ( 'NONE',  ( 43.89524978732374194, 47.05243756240100339, -14.09999999999996945 ) ) ;
#3201 = ORIENTED_EDGE ( 'NONE', *, *, #3085, .F. ) ;
#3202 = CARTESIAN_POINT ( 'NONE',  ( 57.73813736918347672, 61.02751012131820119, -14.09999999999998721 ) ) ;
#3203 = ORIENTED_EDGE ( 'NONE', *, *, #3147, .T. ) ;
#3204 = ADVANCED_FACE ( 'NONE', ( #4563 ), #4025, .F. ) ;
#3205 = ADVANCED_FACE ( 'NONE', ( #6183 ), #1004, .T. ) ;
#3206 = ORIENTED_EDGE ( 'NONE', *, *, #1599, .F. ) ;
#3207 = CARTESIAN_POINT ( 'NONE',  ( 57.56468058945135624, 61.39504321537589249, -16.10000000000000142 ) ) ;
#3208 = CARTESIAN_POINT ( 'NONE',  ( 39.88855335875231134, 60.71036166954386459, -16.09999999999999432 ) ) ;
#3209 = CARTESIAN_POINT ( 'NONE',  ( 62.62878655617620893, 61.36261731289516064, -14.09999999999998721 ) ) ;
#3210 = CARTESIAN_POINT ( 'NONE',  ( 57.59585381358657230, 60.61517154432095111, -16.09999999999998721 ) ) ;
#3211 = EDGE_CURVE ( 'NONE', #1396, #4746, #6671, .T. ) ;
#3212 = CARTESIAN_POINT ( 'NONE',  ( 48.37757167326935814, 61.31179960689747332, -14.09999999999999076 ) ) ;
#3213 = CARTESIAN_POINT ( 'NONE',  ( 62.30211262734024302, 61.56772021035151710, -14.09999999999998010 ) ) ;
#3214 = CARTESIAN_POINT ( 'NONE',  ( 61.44826318018088784, 61.17632149097243399, -14.09999999999998721 ) ) ;
#3215 = VERTEX_POINT ( 'NONE', #2530 ) ;
#3216 = CARTESIAN_POINT ( 'NONE',  ( 44.00406675160945724, 60.36995988382957279, -14.09999999999997300 ) ) ;
#3217 = ORIENTED_EDGE ( 'NONE', *, *, #375, .F. ) ;
#3218 = ORIENTED_EDGE ( 'NONE', *, *, #4534, .F. ) ;
#3219 = CARTESIAN_POINT ( 'NONE',  ( 52.99842878151299885, 53.00157121848699404, -6.099999999999997868 ) ) ;
#3220 = CARTESIAN_POINT ( 'NONE',  ( 63.37448502409612416, 56.69237379460889770, -16.09999999999999076 ) ) ;
#3221 = VERTEX_POINT ( 'NONE', #4597 ) ;
#3222 = CARTESIAN_POINT ( 'NONE',  ( 74.12202644789633155, 46.77561710835419717, -16.09999999999999432 ) ) ;
#3223 = ORIENTED_EDGE ( 'NONE', *, *, #3656, .F. ) ;
#3224 = LINE ( 'NONE', #620, #5471 ) ;
#3225 = VERTEX_POINT ( 'NONE', #6702 ) ;
#3226 = ORIENTED_EDGE ( 'NONE', *, *, #5239, .F. ) ;
#3227 = FACE_OUTER_BOUND ( 'NONE', #5344, .T. ) ;
#3228 = DIRECTION ( 'NONE',  ( 0.000000000000000000, 1.000000000000000000, 0.000000000000000000 ) ) ;
#3229 = CARTESIAN_POINT ( 'NONE',  ( 43.13413819116905046, 60.98931422084856990, -16.09999999999999076 ) ) ;
#3230 = CARTESIAN_POINT ( 'NONE',  ( 26.03810693018089140, 61.05355363382957989, -16.09999999999999076 ) ) ;
#3231 = LINE ( 'NONE', #2727, #2404 ) ;
#3232 = ORIENTED_EDGE ( 'NONE', *, *, #653, .F. ) ;
#3233 = EDGE_CURVE ( 'NONE', #2804, #1655, #2024, .T. ) ;
#3234 = FACE_OUTER_BOUND ( 'NONE', #4047, .T. ) ;
#3235 = ORIENTED_EDGE ( 'NONE', *, *, #5494, .F. ) ;
#3236 = ORIENTED_EDGE ( 'NONE', *, *, #5897, .F. ) ;
#3237 = CARTESIAN_POINT ( 'NONE',  ( 31.33665603732374549, 60.99216970525814219, -14.09999999999996589 ) ) ;
#3238 = DIRECTION ( 'NONE',  ( -0.000000000000000000, -0.000000000000000000, -1.000000000000000000 ) ) ;
#3239 = ADVANCED_FACE ( 'NONE', ( #882 ), #6154, .T. ) ;
#3240 = EDGE_CURVE ( 'NONE', #2514, #2313, #2088, .T. ) ;
#3241 = CARTESIAN_POINT ( 'NONE',  ( 62.44947715681995248, 61.51780941854363505, -14.09999999999998721 ) ) ;
#3242 = CARTESIAN_POINT ( 'NONE',  ( 65.73397746589516544, 47.25612059811529519, 7.500000000000000000 ) ) ;
#3243 = CARTESIAN_POINT ( 'NONE',  ( 56.50127657303802664, 61.57531702668671869, 7.500000000000000000 ) ) ;
#3244 = CARTESIAN_POINT ( 'NONE',  ( 38.56879889446660314, 47.14172327668672580, -14.09999999999997300 ) ) ;
#3245 = CARTESIAN_POINT ( 'NONE',  ( 69.99178996589516544, 56.73993756240100339, 7.500000000000000000 ) ) ;
#3246 = VERTEX_POINT ( 'NONE', #5675 ) ;
#3247 = CARTESIAN_POINT ( 'NONE',  ( 26.58570010380315196, 60.40633410964733230, -16.09999999999999432 ) ) ;
#3248 = EDGE_CURVE ( 'NONE', #4259, #4067, #3486, .T. ) ;
#3249 = VECTOR ( 'NONE', #328, 1000.000000000000000 ) ;
#3250 = CARTESIAN_POINT ( 'NONE',  ( 58.35953550160945724, 48.99719202668671869, 7.500000000000000000 ) ) ;
#3251 = VERTEX_POINT ( 'NONE', #6732 ) ;
#3252 = VERTEX_POINT ( 'NONE', #6049 ) ;
#3253 = CARTESIAN_POINT ( 'NONE',  ( 57.68871326065540472, 60.79668268572237366, -16.09999999999999076 ) ) ;
#3254 = VECTOR ( 'NONE', #888, 1000.000000000000000 ) ;
#3255 = VECTOR ( 'NONE', #164, 1000.000000000000114 ) ;
#3256 = CARTESIAN_POINT ( 'NONE',  ( 39.94156675160945724, 60.96147774097243399, -14.09999999999997300 ) ) ;
#3257 = ORIENTED_EDGE ( 'NONE', *, *, #4578, .T. ) ;
#3258 = CARTESIAN_POINT ( 'NONE',  ( 74.09056228732374905, 46.81248220525814929, -14.09999999999997300 ) ) ;
#3259 = ORIENTED_EDGE ( 'NONE', *, *, #6402, .F. ) ;
#3260 = CARTESIAN_POINT ( 'NONE',  ( 33.28978103732374905, 46.87665631240100339, -16.09999999999999787 ) ) ;
#3261 = ORIENTED_EDGE ( 'NONE', *, *, #6551, .T. ) ;
#3262 = VERTEX_POINT ( 'NONE', #2977 ) ;
#3263 = CARTESIAN_POINT ( 'NONE',  ( 56.00183460875231134, 60.06304024097243399, 7.500000000000000000 ) ) ;
#3264 = AXIS2_PLACEMENT_3D ( 'NONE', #705, #3440, #289 ) ;
#3265 = AXIS2_PLACEMENT_3D ( 'NONE', #661, #6374, #4825 ) ;
#3266 = CARTESIAN_POINT ( 'NONE',  ( 52.99842878151299885, 53.00157121848699404, -6.099999999999997868 ) ) ;
#3267 = CARTESIAN_POINT ( 'NONE',  ( 43.12795068018089495, 61.05355363382957989, -16.09999999999999076 ) ) ;
#3268 = CARTESIAN_POINT ( 'NONE',  ( 75.27917835875231845, 46.85712506240100339, 7.500000000000000000 ) ) ;
#3269 = LINE ( 'NONE', #4929, #345 ) ;
#3270 = DIRECTION ( 'NONE',  ( -1.000000000000000000, 0.000000000000000000, 0.000000000000000000 ) ) ;
#3271 = CARTESIAN_POINT ( 'NONE',  ( 26.54594101945656703, 61.54878410874777472, -16.09999999999999432 ) ) ;
#3272 = VECTOR ( 'NONE', #776, 1000.000000000000000 ) ;
#3273 = CARTESIAN_POINT ( 'NONE',  ( 74.74067389446662446, 46.57531702668672580, -14.09999999999998366 ) ) ;
#3274 = EDGE_LOOP ( 'NONE', ( #4471, #942, #4099, #4362 ) ) ;
#3275 = CARTESIAN_POINT ( 'NONE',  ( 75.32382121589517965, 47.35377684811528809, -16.09999999999999787 ) ) ;
#3276 = ORIENTED_EDGE ( 'NONE', *, *, #1913, .T. ) ;
#3277 = VECTOR ( 'NONE', #2341, 1000.000000000000000 ) ;
#3278 = VERTEX_POINT ( 'NONE', #4155 ) ;
#3279 = EDGE_CURVE ( 'NONE', #1080, #51, #1481, .T. ) ;
#3280 = CARTESIAN_POINT ( 'NONE',  ( 73.30931228732374905, 51.17353131240100339, -16.09999999999999787 ) ) ;
#3281 = CARTESIAN_POINT ( 'NONE',  ( 70.94882654737253347, 60.88057748795399249, -14.09999999999998721 ) ) ;
#3282 = COORDINATED_UNIVERSAL_TIME_OFFSET ( 8, 0, .AHEAD. ) ;
#3283 = CARTESIAN_POINT ( 'NONE',  ( 39.61791245057145261, 60.44729077854557886, -16.09999999999999432 ) ) ;
#3284 = CARTESIAN_POINT ( 'NONE',  ( 72.64524978732374905, 59.12554024097243399, 7.500000000000000000 ) ) ;
#3285 = EDGE_CURVE ( 'NONE', #1792, #2474, #1142, .T. ) ;
#3286 = CARTESIAN_POINT ( 'NONE',  ( 66.03810693018088784, 51.02286166954385749, 7.500000000000000000 ) ) ;
#3287 = CARTESIAN_POINT ( 'NONE',  ( 39.88855335875231134, 60.71036166954386459, -14.09999999999998010 ) ) ;
#3288 = DIRECTION ( 'NONE',  ( 0.7053842388225748383, -0.7088251375485330463, 0.000000000000000000 ) ) ;
#3289 = VERTEX_POINT ( 'NONE', #118 ) ;
#3290 = LINE ( 'NONE', #547, #6440 ) ;
#3291 = ORIENTED_EDGE ( 'NONE', *, *, #654, .T. ) ;
#3292 = CARTESIAN_POINT ( 'NONE',  ( 61.44826318018088784, 61.17632149097243399, -16.09999999999999787 ) ) ;
#3293 = EDGE_CURVE ( 'NONE', #6353, #1884, #6015, .T. ) ;
#3294 = EDGE_CURVE ( 'NONE', #2719, #1669, #2221, .T. ) ;
#3295 = DIRECTION ( 'NONE',  ( -0.7051597336342276812, -0.7090484821652924818, 0.000000000000000000 ) ) ;
#3296 = ORIENTED_EDGE ( 'NONE', *, *, #5198, .T. ) ;
#3297 = CARTESIAN_POINT ( 'NONE',  ( 48.58740567540692723, 48.77874423345995325, -16.10000000000000142 ) ) ;
#3298 = VERTEX_POINT ( 'NONE', #627 ) ;
#3299 = AXIS2_PLACEMENT_3D ( 'NONE', #4503, #1339, #1368 ) ;
#3300 = DIRECTION ( 'NONE',  ( -0.000000000000000000, -0.000000000000000000, -1.000000000000000000 ) ) ;
#3301 = ORIENTED_EDGE ( 'NONE', *, *, #1538, .T. ) ;
#3302 = ORIENTED_EDGE ( 'NONE', *, *, #4534, .T. ) ;
#3303 = CARTESIAN_POINT ( 'NONE',  ( 62.13875949603951199, 56.72622945712951292, -14.09999999999999076 ) ) ;
#3304 = LINE ( 'NONE', #1176, #6171 ) ;
#3305 = CARTESIAN_POINT ( 'NONE',  ( 43.60228103732374194, 60.42018309811528809, -14.09999999999996945 ) ) ;
#3306 = DIRECTION ( 'NONE',  ( -0.4655355741995736985, 0.8850291685332597469, 0.000000000000000000 ) ) ;
#3307 = VECTOR ( 'NONE', #578, 1000.000000000000000 ) ;
#3308 = EDGE_CURVE ( 'NONE', #1044, #4067, #1189, .T. ) ;
#3309 = CARTESIAN_POINT ( 'NONE',  ( 30.08584442868565745, 60.30460812381907942, -14.09999999999998366 ) ) ;
#3310 = DIRECTION ( 'NONE',  ( -0.000000000000000000, -0.000000000000000000, 1.000000000000000000 ) ) ;
#3311 = CARTESIAN_POINT ( 'NONE',  ( 43.25642071488005769, 47.70600962240276743, -14.09999999999997300 ) ) ;
#3312 = ORIENTED_EDGE ( 'NONE', *, *, #6033, .F. ) ;
#3313 = B_SPLINE_CURVE_WITH_KNOTS ( 'NONE', 3,
 ( #4616, #4108, #6166, #1516, #5661, #998, #6296, #510, #32, #99, #3658 ),
 .UNSPECIFIED., .F., .F.,
 ( 4, 1, 1, 1, 1, 1, 1, 1, 4 ),
 ( 0.000000000000000000, 0.09062867434650614951, 0.1899433145563664549, 0.3002185469317217859, 0.4195486914607028384, 0.5502072130635523584, 0.6903289737404209037, 0.8395006164404897886, 1.000000000000000000 ),
 .UNSPECIFIED. ) ;
#3314 = VECTOR ( 'NONE', #688, 1000.000000000000000 ) ;
#3315 = LINE ( 'NONE', #5805, #5209 ) ;
#3316 = ORIENTED_EDGE ( 'NONE', *, *, #4661, .T. ) ;
#3317 = VERTEX_POINT ( 'NONE', #3644 ) ;
#3318 = CARTESIAN_POINT ( 'NONE',  ( 74.09056228732374905, 46.81248220525814929, -16.09999999999999787 ) ) ;
#3319 = CARTESIAN_POINT ( 'NONE',  ( 72.64524978732374905, 59.12554024097243399, -14.09999999999998721 ) ) ;
#3320 = CARTESIAN_POINT ( 'NONE',  ( 63.44324085875231845, 56.90734827668671869, 7.500000000000000000 ) ) ;
#3321 = CARTESIAN_POINT ( 'NONE',  ( 0.000000000000000000, 60.36995988382957279, -14.09999999999999432 ) ) ;
#3322 = CARTESIAN_POINT ( 'NONE',  ( 72.27415603732374905, 48.35545095525814219, -16.09999999999999787 ) ) ;
#3323 = PLANE ( 'NONE',  #4596 ) ;
#3324 = ORIENTED_EDGE ( 'NONE', *, *, #2789, .F. ) ;
#3325 = DIRECTION ( 'NONE',  ( 0.9509444353687637186, 0.3093617313779827294, 0.000000000000000000 ) ) ;
#3326 = EDGE_CURVE ( 'NONE', #2814, #5861, #68, .T. ) ;
#3327 = VERTEX_POINT ( 'NONE', #6243 ) ;
#3328 = EDGE_LOOP ( 'NONE', ( #108, #4619, #6373, #2547 ) ) ;
#3329 = FACE_BOUND ( 'NONE', #2566, .T. ) ;
#3330 = CARTESIAN_POINT ( 'NONE',  ( 75.24485459512276009, 46.81420247564337700, -16.09999999999999787 ) ) ;
#3331 = CARTESIAN_POINT ( 'NONE',  ( 74.63435021221803822, 51.32543628315492867, -16.09999999999999432 ) ) ;
#3332 = CARTESIAN_POINT ( 'NONE',  ( 55.68096407303803375, 48.71538399097242689, -14.09999999999998721 ) ) ;
#3333 = ORIENTED_EDGE ( 'NONE', *, *, #3958, .T. ) ;
#3334 = CARTESIAN_POINT ( 'NONE',  ( 49.10464242592443185, 48.25792642039525049, -16.09999999999998366 ) ) ;
#3335 = EDGE_CURVE ( 'NONE', #2273, #5394, #1588, .T. ) ;
#3336 = EDGE_CURVE ( 'NONE', #4746, #2533, #3128, .T. ) ;
#3337 = ORIENTED_EDGE ( 'NONE', *, *, #665, .T. ) ;
#3338 = CARTESIAN_POINT ( 'NONE',  ( 57.66328717154959804, 61.17865326882748178, -16.09999999999999432 ) ) ;
#3339 = CARTESIAN_POINT ( 'NONE',  ( 29.43933460875231845, 59.99607595525814929, -14.09999999999997300 ) ) ;
#3340 = DIRECTION ( 'NONE',  ( 0.4730919445747421292, -0.8810130600499002096, 0.000000000000000000 ) ) ;
#3341 = CARTESIAN_POINT ( 'NONE',  ( 0.000000000000000000, 60.36995988382957279, -14.09999999999999432 ) ) ;
#3342 = LINE ( 'NONE', #4390, #6109 ) ;
#3343 = CARTESIAN_POINT ( 'NONE',  ( 35.31266050160945724, 61.13725899097242689, -16.09999999999999787 ) ) ;
#3344 = CARTESIAN_POINT ( 'NONE',  ( 51.95328550160945724, 60.36995988382957279, -16.09999999999998010 ) ) ;
#3345 = ORIENTED_EDGE ( 'NONE', *, *, #278, .F. ) ;
#3346 = EDGE_CURVE ( 'NONE', #4203, #3225, #3672, .T. ) ;
#3347 = LINE ( 'NONE', #5343, #1966 ) ;
#3348 = ORIENTED_EDGE ( 'NONE', *, *, #3992, .F. ) ;
#3349 = ORIENTED_EDGE ( 'NONE', *, *, #1540, .T. ) ;
#3350 = CARTESIAN_POINT ( 'NONE',  ( 75.32361710296092383, 47.29140213802463677, -16.09999999999999076 ) ) ;
#3351 = CARTESIAN_POINT ( 'NONE',  ( 66.03810693018088784, 49.33201345525814219, 7.500000000000000000 ) ) ;
#3352 = CARTESIAN_POINT ( 'NONE',  ( 52.32681992518482161, 60.37655658031840034, -14.09999999999997300 ) ) ;
#3353 = CARTESIAN_POINT ( 'NONE',  ( 26.91422300160945724, 60.36995988382957279, -16.09999999999999787 ) ) ;
#3354 = CARTESIAN_POINT ( 'NONE',  ( 105.8718682856381292, 55.99802778473634390, -6.099999999999997868 ) ) ;
#3355 = EDGE_LOOP ( 'NONE', ( #4681, #5894, #3732, #3190 ) ) ;
#3356 = DIRECTION ( 'NONE',  ( 0.000000000000000000, 0.000000000000000000, -1.000000000000000000 ) ) ;
#3357 = CARTESIAN_POINT ( 'NONE',  ( 47.98934413687841527, 60.37864441258799530, -14.09999999999997300 ) ) ;
#3358 = EDGE_LOOP ( 'NONE', ( #5395, #4774, #3784, #1169 ) ) ;
#3359 = EDGE_LOOP ( 'NONE', ( #168, #402, #4275, #3259 ) ) ;
#3360 = CARTESIAN_POINT ( 'NONE',  ( 74.02911002781206662, 51.66009094942418045, -14.09999999999996945 ) ) ;
#3361 = EDGE_CURVE ( 'NONE', #3475, #6120, #5850, .T. ) ;
#3362 = LINE ( 'NONE', #173, #4673 ) ;
#3363 = ORIENTED_EDGE ( 'NONE', *, *, #6337, .T. ) ;
#3364 = CIRCLE ( 'NONE', #4223, 2.956992594712494871 ) ;
#3365 = LINE ( 'NONE', #2277, #3822 ) ;
#3366 = DIRECTION ( 'NONE',  ( -0.000000000000000000, -0.000000000000000000, -1.000000000000000000 ) ) ;
#3367 = VERTEX_POINT ( 'NONE', #6277 ) ;
#3368 = ORIENTED_EDGE ( 'NONE', *, *, #977, .F. ) ;
#3369 = CARTESIAN_POINT ( 'NONE',  ( 51.27502441098638997, 61.37525239769569652, -16.09999999999999787 ) ) ;
#3370 = CARTESIAN_POINT ( 'NONE',  ( 48.74119004948047262, 48.61993379424637851, -14.09999999999997655 ) ) ;
#3371 = VECTOR ( 'NONE', #354, 1000.000000000000000 ) ;
#3372 = CARTESIAN_POINT ( 'NONE',  ( 73.57405132752461441, 47.77435210488406625, 7.500000000000000000 ) ) ;
#3373 = FACE_OUTER_BOUND ( 'NONE', #3835, .T. ) ;
#3374 = ADVANCED_FACE ( 'NONE', ( #593 ), #6214, .T. ) ;
#3375 = CARTESIAN_POINT ( 'NONE',  ( 74.58048917979188275, 51.43971310915052442, -16.09999999999998721 ) ) ;
#3376 = CARTESIAN_POINT ( 'NONE',  ( 26.91422300160945724, 60.36995988382957279, 7.500000000000000000 ) ) ;
#3377 = VECTOR ( 'NONE', #5554, 1000.000000000000000 ) ;
#3378 = CARTESIAN_POINT ( 'NONE',  ( 51.27502441098638997, 61.37525239769569652, -14.09999999999998721 ) ) ;
#3379 = ORIENTED_EDGE ( 'NONE', *, *, #6066, .F. ) ;
#3380 = VECTOR ( 'NONE', #3270, 1000.000000000000000 ) ;
#3381 = CARTESIAN_POINT ( 'NONE',  ( 57.03978103732374194, 61.57531702668671869, 7.500000000000000000 ) ) ;
#3382 = VERTEX_POINT ( 'NONE', #2687 ) ;
#3383 = AXIS2_PLACEMENT_3D ( 'NONE', #3101, #982, #470 ) ;
#3384 = VERTEX_POINT ( 'NONE', #3199 ) ;
#3385 = VECTOR ( 'NONE', #3072, 1000.000000000000000 ) ;
#3386 = EDGE_CURVE ( 'NONE', #4987, #782, #3712, .T. ) ;
#3387 = CARTESIAN_POINT ( 'NONE',  ( 75.32382121589517965, 47.35377684811528809, -14.09999999999997300 ) ) ;
#3388 = EDGE_CURVE ( 'NONE', #4668, #2661, #4756, .T. ) ;
#3389 = LINE ( 'NONE', #2366, #1551 ) ;
#3390 = VECTOR ( 'NONE', #1015, 1000.000000000000114 ) ;
#3391 = LINE ( 'NONE', #5458, #742 ) ;
#3392 = CARTESIAN_POINT ( 'NONE',  ( -0.8566900081725992155, 52.95769869083799364, -6.099999999999997868 ) ) ;
#3393 = CARTESIAN_POINT ( 'NONE',  ( 43.72504889446660314, 61.57531702668671869, 7.500000000000000000 ) ) ;
#3394 = VECTOR ( 'NONE', #4008, 1000.000000000000000 ) ;
#3395 = DIRECTION ( 'NONE',  ( 0.7088251375485330463, 0.7053842388225748383, 0.000000000000000000 ) ) ;
#3396 = VERTEX_POINT ( 'NONE', #5802 ) ;
#3397 = CARTESIAN_POINT ( 'NONE',  ( 30.65864264446659959, 60.36995988382957279, 7.500000000000000000 ) ) ;
#3398 = LINE ( 'NONE', #5892, #5038 ) ;
#3399 = VERTEX_POINT ( 'NONE', #1181 ) ;
#3400 = ORIENTED_EDGE ( 'NONE', *, *, #4000, .F. ) ;
#3401 = CARTESIAN_POINT ( 'NONE',  ( 0.9433099918273991635, 52.95769869083799364, -16.09999999999999787 ) ) ;
#3402 = CARTESIAN_POINT ( 'NONE',  ( 0.04330999182739999481, 52.95769869083799364, -1.599999999999998979 ) ) ;
#3403 = ORIENTED_EDGE ( 'NONE', *, *, #5189, .T. ) ;
#3404 = CARTESIAN_POINT ( 'NONE',  ( 49.94874363917161020, 47.43162983982129077, -16.09999999999999787 ) ) ;
#3405 = CARTESIAN_POINT ( 'NONE',  ( 57.64524978732374194, 47.49049559811528809, -16.09999999999999787 ) ) ;
#3406 = ORIENTED_EDGE ( 'NONE', *, *, #6148, .F. ) ;
#3407 = CARTESIAN_POINT ( 'NONE',  ( 62.58834490382754723, 56.48086975402811305, -16.09999999999999787 ) ) ;
#3408 = DIRECTION ( 'NONE',  ( -0.4430571442855825159, 0.8964933724782936375, 0.000000000000000000 ) ) ;
#3409 = CARTESIAN_POINT ( 'NONE',  ( 51.21286953930442110, 46.93660240098677860, -14.09999999999996945 ) ) ;
#3410 = DIRECTION ( 'NONE',  ( -0.1588756372959864160, -0.9872986031965172993, 0.000000000000000000 ) ) ;
#3411 = FACE_OUTER_BOUND ( 'NONE', #6282, .T. ) ;
#3412 = VECTOR ( 'NONE', #5978, 1000.000000000000114 ) ;
#3413 = DIRECTION ( 'NONE',  ( -0.3169793965334328778, 0.9484324236197857472, 0.000000000000000000 ) ) ;
#3414 = FACE_OUTER_BOUND ( 'NONE', #1603, .T. ) ;
#3415 = VERTEX_POINT ( 'NONE', #2186 ) ;
#3416 = ADVANCED_FACE ( 'NONE', ( #1661 ), #3457, .T. ) ;
#3417 = FACE_OUTER_BOUND ( 'NONE', #859, .T. ) ;
#3418 = AXIS2_PLACEMENT_3D ( 'NONE', #6, #4086, #5093 ) ;
#3419 = LINE ( 'NONE', #397, #1186 ) ;
#3420 = ORIENTED_EDGE ( 'NONE', *, *, #4532, .T. ) ;
#3421 = CARTESIAN_POINT ( 'NONE',  ( 56.53357820826649771, 60.35379301899976667, -16.09999999999998721 ) ) ;
#3422 = AXIS2_PLACEMENT_3D ( 'NONE', #6647, #3049, #5149 ) ;
#3423 = CARTESIAN_POINT ( 'NONE',  ( 55.99811458700737177, 105.8748276154417312, -24.09999999999999787 ) ) ;
#3424 = EDGE_CURVE ( 'NONE', #4817, #556, #3853, .T. ) ;
#3425 = DIRECTION ( 'NONE',  ( -0.9999757922540613020, -0.006958082053458793798, 0.000000000000000000 ) ) ;
#3426 = ADVANCED_FACE ( 'NONE', ( #221 ), #5378, .T. ) ;
#3427 = LINE ( 'NONE', #4942, #3254 ) ;
#3428 = LINE ( 'NONE', #2307, #3179 ) ;
#3429 = ORIENTED_EDGE ( 'NONE', *, *, #1020, .T. ) ;
#3430 = LINE ( 'NONE', #6474, #6668 ) ;
#3431 = ADVANCED_FACE ( 'NONE', ( #3816 ), #4456, .T. ) ;
#3432 = CARTESIAN_POINT ( 'NONE',  ( 74.08219175160947145, 51.66181256240101050, -16.09999999999999076 ) ) ;
#3433 = PLANE ( 'NONE',  #2081 ) ;
#3434 = ORIENTED_EDGE ( 'NONE', *, *, #4122, .F. ) ;
#3435 = CARTESIAN_POINT ( 'NONE',  ( 31.22315032849568084, 61.38786541851526835, -16.09999999999999432 ) ) ;
#3436 = CARTESIAN_POINT ( 'NONE',  ( 48.42091943018088784, 60.73268309811529519, -14.09999999999996945 ) ) ;
#3437 = VERTEX_POINT ( 'NONE', #3343 ) ;
#3438 = DIRECTION ( 'NONE',  ( 0.2865143271847972462, -0.9580759574886758001, 0.000000000000000000 ) ) ;
#3439 = CARTESIAN_POINT ( 'NONE',  ( 0.1251749871924237589, 50.00183953862546815, -24.09999999999999787 ) ) ;
#3440 = DIRECTION ( 'NONE',  ( -0.3053449637388644389, 0.9522418039129092460, 0.000000000000000000 ) ) ;
#3441 = CARTESIAN_POINT ( 'NONE',  ( 51.75117919201014871, 60.37249365527298295, -16.09999999999998010 ) ) ;
#3442 = FACE_OUTER_BOUND ( 'NONE', #577, .T. ) ;
#3443 = ORIENTED_EDGE ( 'NONE', *, *, #4374, .T. ) ;
#3444 = CARTESIAN_POINT ( 'NONE',  ( 38.56879889446660314, 47.14172327668672580, -14.09999999999998366 ) ) ;
#3445 = VERTEX_POINT ( 'NONE', #1288 ) ;
#3446 = CARTESIAN_POINT ( 'NONE',  ( 72.62571853732374905, 56.88223666954385749, -14.09999999999997300 ) ) ;
#3447 = CARTESIAN_POINT ( 'NONE',  ( 43.36548320809378509, 47.70207196080882994, -14.09999999999998721 ) ) ;
#3448 = EDGE_CURVE ( 'NONE', #51, #3005, #2946, .T. ) ;
#3449 = DIRECTION ( 'NONE',  ( -0.000000000000000000, -0.000000000000000000, 1.000000000000000000 ) ) ;
#3450 = PLANE ( 'NONE',  #6274 ) ;
#3451 = VERTEX_POINT ( 'NONE', #5445 ) ;
#3452 = CARTESIAN_POINT ( 'NONE',  ( 32.01745960875231845, 46.94641077668671869, -14.09999999999997300 ) ) ;
#3453 = ADVANCED_FACE ( 'NONE', ( #1773 ), #4930, .T. ) ;
#3454 = ADVANCED_FACE ( 'NONE', ( #3411 ), #1258, .T. ) ;
#3455 = DIRECTION ( 'NONE',  ( -0.9547580632462130401, -0.2973836590439025707, 0.000000000000000000 ) ) ;
#3456 = EDGE_LOOP ( 'NONE', ( #2995, #5636, #2583, #3996 ) ) ;
#3457 = B_SPLINE_SURFACE_WITH_KNOTS ( 'NONE', 3, 1, ( 
 ( #3748, #3230 ),
 ( #4896, #2868 ),
 ( #5912, #1732 ),
 ( #258, #4319 ),
 ( #4426, #1222 ),
 ( #5873, #6379 ),
 ( #2931, #2833 ) ),
 .UNSPECIFIED., .F., .F., .F.,
 ( 4, 1, 1, 1, 4 ),
 ( 2, 2 ),
 ( 0.000000000000000000, 0.2299342313464998733, 0.4583369283291793272, 0.7109019876121617232, 1.000000000000000000 ),
 ( 0.000000000000000000, 1.000000000000000000 ),
 .UNSPECIFIED. ) ;
#3458 = CARTESIAN_POINT ( 'NONE',  ( 47.85071017400476734, 60.37299079924869005, -16.09999999999999076 ) ) ;
#3459 = EDGE_LOOP ( 'NONE', ( #4221, #5628, #4743, #2047 ) ) ;
#3460 = LINE ( 'NONE', #4442, #4130 ) ;
#3461 = EDGE_CURVE ( 'NONE', #5757, #3012, #2864, .T. ) ;
#3462 = CARTESIAN_POINT ( 'NONE',  ( 51.06124199310438172, 60.84291854081659068, -14.09999999999999076 ) ) ;
#3463 = VERTEX_POINT ( 'NONE', #1330 ) ;
#3464 = ADVANCED_FACE ( 'NONE', ( #5478 ), #6711, .T. ) ;
#3465 = CARTESIAN_POINT ( 'NONE',  ( 69.99178996589516544, 56.73993756240100339, -16.09999999999999787 ) ) ;
#3466 = DIRECTION ( 'NONE',  ( 0.9667052278615118066, 0.2558925603162832130, -0.000000000000000000 ) ) ;
#3467 = CARTESIAN_POINT ( 'NONE',  ( 30.22058460875231489, 60.36995988382957279, -16.09999999999999787 ) ) ;
#3468 = ORIENTED_EDGE ( 'NONE', *, *, #4488, .T. ) ;
#3469 = CARTESIAN_POINT ( 'NONE',  ( 55.27917835875231845, 46.57531702668671869, -14.09999999999998721 ) ) ;
#3470 = CARTESIAN_POINT ( 'NONE',  ( 31.05818491033887696, 60.45294197436518147, -16.09999999999998721 ) ) ;
#3471 = CARTESIAN_POINT ( 'NONE',  ( 38.56879889446659604, 47.14172327668671869, -14.09999999999997655 ) ) ;
#3472 = CARTESIAN_POINT ( 'NONE',  ( 40.34656676739326997, 47.97978865821855976, -16.09999999999999432 ) ) ;
#3473 = CARTESIAN_POINT ( 'NONE',  ( 39.26355335875231134, 61.57531702668671869, 7.500000000000000000 ) ) ;
#3474 = LINE ( 'NONE', #5031, #2762 ) ;
#3475 = VERTEX_POINT ( 'NONE', #6078 ) ;
#3476 = AXIS2_PLACEMENT_3D ( 'NONE', #2909, #4593, #2147 ) ;
#3477 = CARTESIAN_POINT ( 'NONE',  ( 50.07953380410244648, 105.8793492453731773, -1.599999999999998979 ) ) ;
#3478 = ORIENTED_EDGE ( 'NONE', *, *, #4194, .T. ) ;
#3479 = DIRECTION ( 'NONE',  ( -1.000000000000000000, 0.000000000000000000, -0.000000000000000000 ) ) ;
#3480 = CIRCLE ( 'NONE', #855, 2.956992594712500200 ) ;
#3481 = CARTESIAN_POINT ( 'NONE',  ( 50.43458066772974746, 47.20889847557580055, -16.09999999999999787 ) ) ;
#3482 = VECTOR ( 'NONE', #2528, 1000.000000000000000 ) ;
#3483 = CARTESIAN_POINT ( 'NONE',  ( 43.60228103732374194, 60.42018309811528809, -16.09999999999999787 ) ) ;
#3484 = LINE ( 'NONE', #5552, #758 ) ;
#3485 = ORIENTED_EDGE ( 'NONE', *, *, #1663, .T. ) ;
#3486 = CIRCLE ( 'NONE', #1625, 0.8999999999999980238 ) ;
#3487 = CIRCLE ( 'NONE', #531, 52.95827939944611984 ) ;
#3488 = EDGE_CURVE ( 'NONE', #3999, #5327, #2373, .T. ) ;
#3489 = ORIENTED_EDGE ( 'NONE', *, *, #103, .T. ) ;
#3490 = DIRECTION ( 'NONE',  ( -0.9452941647275984183, -0.3262191627295246144, 0.000000000000000000 ) ) ;
#3491 = VECTOR ( 'NONE', #2306, 1000.000000000000000 ) ;
#3492 = CARTESIAN_POINT ( 'NONE',  ( 74.08219175160945724, 51.66181256240100339, -14.09999999999998010 ) ) ;
#3493 = EDGE_LOOP ( 'NONE', ( #4733, #783, #659, #2308 ) ) ;
#3494 = CARTESIAN_POINT ( 'NONE',  ( 68.56600871589517965, 60.32531702668671869, -16.09999999999999787 ) ) ;
#3495 = PLANE ( 'NONE',  #3422 ) ;
#3496 = ORIENTED_EDGE ( 'NONE', *, *, #154, .T. ) ;
#3497 = EDGE_CURVE ( 'NONE', #4460, #144, #4588, .T. ) ;
#3498 = CARTESIAN_POINT ( 'NONE',  ( 39.90347190675824862, 61.19469349240278433, -14.09999999999999076 ) ) ;
#3499 = VECTOR ( 'NONE', #453, 1000.000000000000000 ) ;
#3500 = CARTESIAN_POINT ( 'NONE',  ( 61.40920068018088784, 60.93357595525814929, -14.09999999999998721 ) ) ;
#3501 = ORIENTED_EDGE ( 'NONE', *, *, #533, .T. ) ;
#3502 = B_SPLINE_CURVE_WITH_KNOTS ( 'NONE', 3,
 ( #5128, #2488, #4084, #1390, #3095, #6662, #3511 ),
 .UNSPECIFIED., .F., .F.,
 ( 4, 1, 1, 1, 4 ),
 ( 0.000000000000000000, 0.2813994077956885054, 0.5226029350789829220, 0.7496766156661363034, 1.000000000000000000 ),
 .UNSPECIFIED. ) ;
#3503 = LINE ( 'NONE', #2515, #1427 ) ;
#3504 = ORIENTED_EDGE ( 'NONE', *, *, #142, .F. ) ;
#3505 = CARTESIAN_POINT ( 'NONE',  ( 57.24181132119971949, 61.56841701682370882, -16.09999999999997655 ) ) ;
#3506 = ORIENTED_EDGE ( 'NONE', *, *, #5412, .F. ) ;
#3507 = EDGE_CURVE ( 'NONE', #3030, #386, #459, .T. ) ;
#3508 = CARTESIAN_POINT ( 'NONE',  ( 30.08584442868565745, 60.30460812381907942, -14.09999999999996945 ) ) ;
#3509 = EDGE_CURVE ( 'NONE', #1047, #2152, #3027, .T. ) ;
#3510 = CARTESIAN_POINT ( 'NONE',  ( 53.37069621589517254, 59.80076345525814219, -16.09999999999999787 ) ) ;
#3511 = CARTESIAN_POINT ( 'NONE',  ( 35.31266050160945724, 61.13725899097242689, -14.09999999999998721 ) ) ;
#3512 = CARTESIAN_POINT ( 'NONE',  ( 31.06151684033942928, -16.16900876620410799, -14.09999999999999432 ) ) ;
#3513 = CARTESIAN_POINT ( 'NONE',  ( 30.22058460875231489, 60.36995988382957279, -16.09999999999999787 ) ) ;
#3514 = ORIENTED_EDGE ( 'NONE', *, *, #1157, .T. ) ;
#3515 = FACE_OUTER_BOUND ( 'NONE', #5625, .T. ) ;
#3516 = PLANE ( 'NONE',  #4021 ) ;
#3517 = ORIENTED_EDGE ( 'NONE', *, *, #4317, .F. ) ;
#3518 = ADVANCED_FACE ( 'NONE', ( #3541 ), #6585, .T. ) ;
#3519 = CARTESIAN_POINT ( 'NONE',  ( 39.88855335875231845, 60.71036166954387170, -16.09999999999999076 ) ) ;
#3520 = FACE_OUTER_BOUND ( 'NONE', #1830, .T. ) ;
#3521 = AXIS2_PLACEMENT_3D ( 'NONE', #853, #1443, #1958 ) ;
#3522 = CARTESIAN_POINT ( 'NONE',  ( 62.86567389446659604, 56.41627684811528809, 7.500000000000000000 ) ) ;
#3523 = CARTESIAN_POINT ( 'NONE',  ( 32.05139854595269355, 46.89605398170554196, -14.09999999999998366 ) ) ;
#3524 = ORIENTED_EDGE ( 'NONE', *, *, #4033, .F. ) ;
#3525 = B_SPLINE_CURVE_WITH_KNOTS ( 'NONE', 3,
 ( #2455, #6115, #4521, #2634, #321, #3141, #6042, #3948, #5716, #4171, #2421 ),
 .UNSPECIFIED., .F., .F.,
 ( 4, 1, 1, 1, 1, 1, 1, 1, 4 ),
 ( 0.000000000000000000, 0.1752250181123758688, 0.3261467021328368077, 0.4593989018059582152, 0.5779097559557525576, 0.6821195799892347811, 0.7825267332147866073, 0.8858193418869440006, 1.000000000000000000 ),
 .UNSPECIFIED. ) ;
#3526 = CARTESIAN_POINT ( 'NONE',  ( -11.75132265508856122, 36.58934553970762238, -14.09999999999999432 ) ) ;
#3527 = VECTOR ( 'NONE', #6527, 1000.000000000000114 ) ;
#3528 = CARTESIAN_POINT ( 'NONE',  ( 73.92801980979722032, 51.65681226480896271, -14.09999999999999076 ) ) ;
#3529 = CARTESIAN_POINT ( 'NONE',  ( 65.73397746589516544, 47.25612059811529519, 7.500000000000000000 ) ) ;
#3530 = LINE ( 'NONE', #1482, #5440 ) ;
#3531 = CARTESIAN_POINT ( 'NONE',  ( 43.72504889446660314, 61.57531702668671869, -16.09999999999999787 ) ) ;
#3532 = ORIENTED_EDGE ( 'NONE', *, *, #4692, .F. ) ;
#3533 = CARTESIAN_POINT ( 'NONE',  ( 43.88776793047021130, 47.19395826583033227, -16.09999999999999787 ) ) ;
#3534 = VERTEX_POINT ( 'NONE', #1426 ) ;
#3535 = EDGE_CURVE ( 'NONE', #3186, #1097, #3502, .T. ) ;
#3536 = CYLINDRICAL_SURFACE ( 'NONE', #1660, 0.8999999999999992450 ) ;
#3537 = B_SPLINE_CURVE_WITH_KNOTS ( 'NONE', 3,
 ( #4527, #1364, #2393, #5510, #916, #2428, #843 ),
 .UNSPECIFIED., .F., .F.,
 ( 4, 1, 1, 1, 4 ),
 ( 0.000000000000000000, 0.1873988105559856732, 0.4127422862092121614, 0.6875932791423946533, 1.000000000000000000 ),
 .UNSPECIFIED. ) ;
#3538 = ORIENTED_EDGE ( 'NONE', *, *, #1183, .T. ) ;
#3539 = CARTESIAN_POINT ( 'NONE',  ( 51.07085395105370651, 61.10680505308197752, -16.09999999999999432 ) ) ;
#3540 = CARTESIAN_POINT ( 'NONE',  ( 43.88296433897939153, 46.99529982635592518, -16.10000000000000142 ) ) ;
#3541 = FACE_OUTER_BOUND ( 'NONE', #484, .T. ) ;
#3542 = CARTESIAN_POINT ( 'NONE',  ( 72.62576864645842534, 56.94920066622695032, -14.09999999999998721 ) ) ;
#3543 = EDGE_CURVE ( 'NONE', #2027, #3399, #3168, .T. ) ;
#3544 = EDGE_CURVE ( 'NONE', #894, #3278, #6145, .T. ) ;
#3545 = LINE ( 'NONE', #2018, #3851 ) ;
#3546 = ORIENTED_EDGE ( 'NONE', *, *, #2154, .F. ) ;
#3547 = DIRECTION ( 'NONE',  ( -1.000000000000000000, 0.000000000000000000, 0.000000000000000000 ) ) ;
#3548 = CARTESIAN_POINT ( 'NONE',  ( 52.99842878151299885, 53.00157121848699404, -16.09999999999999787 ) ) ;
#3549 = CARTESIAN_POINT ( 'NONE',  ( 3.137772646700858203, -3.177117758258245050, -14.09999999999999432 ) ) ;
#3550 = ORIENTED_EDGE ( 'NONE', *, *, #6660, .T. ) ;
#3551 = CARTESIAN_POINT ( 'NONE',  ( 39.92900063436164970, 60.84048397464962932, -16.09999999999999076 ) ) ;
#3552 = CARTESIAN_POINT ( 'NONE',  ( 38.45027203373617652, 60.28536784625013212, -16.10000000000000142 ) ) ;
#3553 = B_SPLINE_CURVE_WITH_KNOTS ( 'NONE', 3,
 ( #545, #6203, #3181, #1549, #2671, #4233, #2134, #3761, #4202 ),
 .UNSPECIFIED., .F., .F.,
 ( 4, 1, 1, 1, 1, 1, 4 ),
 ( 0.000000000000000000, 0.2067089010957227357, 0.4597951786394025575, 0.5947476787588045211, 0.7228465956166283402, 0.8577565441032175553, 0.9999999999999998890 ),
 .UNSPECIFIED. ) ;
#3554 = EDGE_CURVE ( 'NONE', #1792, #5757, #5571, .T. ) ;
#3555 = CARTESIAN_POINT ( 'NONE',  ( 41.83051764446660314, 48.17408934811528809, -14.09999999999998721 ) ) ;
#3556 = ORIENTED_EDGE ( 'NONE', *, *, #6435, .T. ) ;
#3557 = ORIENTED_EDGE ( 'NONE', *, *, #1755, .F. ) ;
#3558 = CARTESIAN_POINT ( 'NONE',  ( 58.35953550160945724, 48.99719202668671869, -16.09999999999999787 ) ) ;
#3559 = DIRECTION ( 'NONE',  ( 1.000000000000000000, -0.000000000000000000, 0.000000000000000000 ) ) ;
#3560 = CARTESIAN_POINT ( 'NONE',  ( 72.72058460875231845, 48.78792863382957279, 7.500000000000000000 ) ) ;
#3561 = CARTESIAN_POINT ( 'NONE',  ( 0.04330999182739999481, 52.95769869083799364, -1.599999999999998979 ) ) ;
#3562 = CARTESIAN_POINT ( 'NONE',  ( 70.57214710875231845, 47.82531702668671159, -16.09999999999999787 ) ) ;
#3563 = VERTEX_POINT ( 'NONE', #1939 ) ;
#3564 = B_SPLINE_CURVE_WITH_KNOTS ( 'NONE', 3,
 ( #5540, #5129, #1463, #2489, #4149, #877, #4085 ),
 .UNSPECIFIED., .F., .F.,
 ( 4, 1, 1, 1, 4 ),
 ( 0.000000000000000000, 0.2529665494731413999, 0.4931748093182236614, 0.7404953766132241766, 1.000000000000000000 ),
 .UNSPECIFIED. ) ;
#3565 = FACE_OUTER_BOUND ( 'NONE', #968, .T. ) ;
#3566 = ORIENTED_EDGE ( 'NONE', *, *, #2506, .T. ) ;
#3567 = CARTESIAN_POINT ( 'NONE',  ( 70.09032478047463144, 61.16074479725705970, -14.09999999999999432 ) ) ;
#3568 = LINE ( 'NONE', #5627, #3956 ) ;
#3569 = ORIENTED_EDGE ( 'NONE', *, *, #1301, .T. ) ;
#3570 = CARTESIAN_POINT ( 'NONE',  ( 62.05863968800183983, 61.55752520064093147, -16.09999999999999432 ) ) ;
#3571 = B_SPLINE_SURFACE_WITH_KNOTS ( 'NONE', 3, 1, ( 
 ( #1602, #4738 ),
 ( #5753, #1093 ),
 ( #62, #2703 ),
 ( #2201, #4679 ),
 ( #4269, #5247 ),
 ( #576, #6332 ),
 ( #1678, #2103 ) ),
 .UNSPECIFIED., .F., .F., .F.,
 ( 4, 1, 1, 1, 4 ),
 ( 2, 2 ),
 ( 0.000000000000000000, 0.2244113494442513124, 0.4513270568285693840, 0.7046054108960632112, 1.000000000000000000 ),
 ( 0.000000000000000000, 1.000000000000000000 ),
 .UNSPECIFIED. ) ;
#3572 = EDGE_CURVE ( 'NONE', #20, #1567, #3808, .T. ) ;
#3573 = CARTESIAN_POINT ( 'NONE',  ( 75.32325736923901616, 47.18147139454920591, -16.09999999999999076 ) ) ;
#3574 = DIRECTION ( 'NONE',  ( -0.1510758749634225628, -0.9885221697079110692, 0.000000000000000000 ) ) ;
#3575 = CARTESIAN_POINT ( 'NONE',  ( 45.18710246589517965, 59.95980363382957989, -14.09999999999998721 ) ) ;
#3576 = ORIENTED_EDGE ( 'NONE', *, *, #2012, .T. ) ;
#3577 = CARTESIAN_POINT ( 'NONE',  ( 61.44826318018088784, 61.17632149097243399, -14.09999999999998721 ) ) ;
#3578 = CARTESIAN_POINT ( 'NONE',  ( 30.22058460875231489, 60.36995988382957279, -16.09999999999999787 ) ) ;
#3579 = ORIENTED_EDGE ( 'NONE', *, *, #6069, .F. ) ;
#3580 = ADVANCED_FACE ( 'NONE', ( #1978 ), #4051, .T. ) ;
#3581 = CARTESIAN_POINT ( 'NONE',  ( 35.92928996589517254, 61.55578577668671869, -14.09999999999998010 ) ) ;
#3582 = FACE_OUTER_BOUND ( 'NONE', #546, .T. ) ;
#3583 = VECTOR ( 'NONE', #815, 1000.000000000000000 ) ;
#3584 = DIRECTION ( 'NONE',  ( -0.000000000000000000, -0.000000000000000000, 1.000000000000000000 ) ) ;
#3585 = ORIENTED_EDGE ( 'NONE', *, *, #6147, .F. ) ;
#3586 = EDGE_CURVE ( 'NONE', #1697, #6136, #2923, .T. ) ;
#3587 = EDGE_CURVE ( 'NONE', #3065, #4689, #2422, .T. ) ;
#3588 = AXIS2_PLACEMENT_3D ( 'NONE', #4537, #5075, #1506 ) ;
#3589 = ORIENTED_EDGE ( 'NONE', *, *, #1781, .T. ) ;
#3590 = AXIS2_PLACEMENT_3D ( 'NONE', #5952, #1749, #1304 ) ;
#3591 = DIRECTION ( 'NONE',  ( -0.000000000000000000, -0.000000000000000000, -1.000000000000000000 ) ) ;
#3592 = CARTESIAN_POINT ( 'NONE',  ( 39.85241141925833830, 60.65826374572937851, -14.09999999999997655 ) ) ;
#3593 = DIRECTION ( 'NONE',  ( 0.000000000000000000, -1.000000000000000000, 0.000000000000000000 ) ) ;
#3594 = VECTOR ( 'NONE', #2967, 1000.000000000000000 ) ;
#3595 = LINE ( 'NONE', #993, #3633 ) ;
#3596 = VECTOR ( 'NONE', #3946, 1000.000000000000000 ) ;
#3597 = DIRECTION ( 'NONE',  ( 0.000000000000000000, -1.000000000000000000, 0.000000000000000000 ) ) ;
#3598 = VECTOR ( 'NONE', #1869, 1000.000000000000000 ) ;
#3599 = FACE_OUTER_BOUND ( 'NONE', #4570, .T. ) ;
#3600 = ORIENTED_EDGE ( 'NONE', *, *, #5351, .T. ) ;
#3601 = CARTESIAN_POINT ( 'NONE',  ( 69.34820944449089097, 61.39701958899491530, -14.09999999999999432 ) ) ;
#3602 = PLANE ( 'NONE',  #1006 ) ;
#3603 = ORIENTED_EDGE ( 'NONE', *, *, #4761, .T. ) ;
#3604 = AXIS2_PLACEMENT_3D ( 'NONE', #4332, #331, #6396 ) ;
#3605 = DIRECTION ( 'NONE',  ( 0.1666794849554069091, -0.9860111304113154951, 0.000000000000000000 ) ) ;
#3606 = CARTESIAN_POINT ( 'NONE',  ( 38.74093000512508667, 46.78928413384564067, -14.09999999999999076 ) ) ;
#3607 = DIRECTION ( 'NONE',  ( -0.000000000000000000, -0.000000000000000000, -1.000000000000000000 ) ) ;
#3608 = ORIENTED_EDGE ( 'NONE', *, *, #4653, .F. ) ;
#3609 = LINE ( 'NONE', #1556, #2220 ) ;
#3610 = ORIENTED_EDGE ( 'NONE', *, *, #6355, .F. ) ;
#3611 = ADVANCED_FACE ( 'NONE', ( #2140 ), #3152, .T. ) ;
#3612 = CARTESIAN_POINT ( 'NONE',  ( 39.20495960875231845, 60.36995988382957279, 7.500000000000000000 ) ) ;
#3613 = CARTESIAN_POINT ( 'NONE',  ( 35.85314771496926056, 61.55214889759434271, -16.09999999999998721 ) ) ;
#3614 = ORIENTED_EDGE ( 'NONE', *, *, #5231, .T. ) ;
#3615 = DIRECTION ( 'NONE',  ( -0.000000000000000000, -0.000000000000000000, -1.000000000000000000 ) ) ;
#3616 = DIRECTION ( 'NONE',  ( -1.000000000000000000, 0.000000000000000000, 0.000000000000000000 ) ) ;
#3617 = ORIENTED_EDGE ( 'NONE', *, *, #4782, .T. ) ;
#3618 = ADVANCED_FACE ( 'NONE', ( #5695 ), #2109, .T. ) ;
#3619 = CARTESIAN_POINT ( 'NONE',  ( 72.64524978732374905, 59.12554024097243399, 7.500000000000000000 ) ) ;
#3620 = VERTEX_POINT ( 'NONE', #4651 ) ;
#3621 = ORIENTED_EDGE ( 'NONE', *, *, #4988, .T. ) ;
#3622 = CARTESIAN_POINT ( 'NONE',  ( 31.33665603732374549, 60.99216970525814219, -16.09999999999999787 ) ) ;
#3623 = VECTOR ( 'NONE', #5356, 1000.000000000000000 ) ;
#3624 = CARTESIAN_POINT ( 'NONE',  ( 38.81154443018088784, 60.36995988382957279, -14.09999999999996945 ) ) ;
#3625 = ADVANCED_FACE ( 'NONE', ( #4 ), #4062, .T. ) ;
#3626 = EDGE_CURVE ( 'NONE', #778, #4145, #1133, .T. ) ;
#3627 = B_SPLINE_SURFACE_WITH_KNOTS ( 'NONE', 3, 1, ( 
 ( #6257, #3686 ),
 ( #4200, #2635 ),
 ( #4736, #5177 ),
 ( #3657, #98 ),
 ( #3213, #1027 ),
 ( #2068, #6748 ),
 ( #3112, #508 ) ),
 .UNSPECIFIED., .F., .F., .F.,
 ( 4, 1, 1, 1, 4 ),
 ( 2, 2 ),
 ( 0.000000000000000000, 0.2336755999538390194, 0.4674888856310830954, 0.7164998065456318344, 1.000000000000000000 ),
 ( 0.000000000000000000, 1.000000000000000000 ),
 .UNSPECIFIED. ) ;
#3628 =( NAMED_UNIT ( * ) SI_UNIT ( $, .STERADIAN. ) SOLID_ANGLE_UNIT ( ) );
#3629 = CARTESIAN_POINT ( 'NONE',  ( 40.13302287073888408, 47.86558133860411601, -16.09999999999999076 ) ) ;
#3630 = VECTOR ( 'NONE', #6655, 1000.000000000000000 ) ;
#3631 = FACE_OUTER_BOUND ( 'NONE', #3013, .T. ) ;
#3632 = CARTESIAN_POINT ( 'NONE',  ( 70.50239264446659604, 57.72487059811528809, -16.09999999999999787 ) ) ;
#3633 = VECTOR ( 'NONE', #5047, 1000.000000000000000 ) ;
#3634 = EDGE_CURVE ( 'NONE', #3262, #1047, #1065, .T. ) ;
#3635 = CARTESIAN_POINT ( 'NONE',  ( 50.03643282303804085, 47.34819649097244110, -16.09999999999999432 ) ) ;
#3636 = ORIENTED_EDGE ( 'NONE', *, *, #1736, .T. ) ;
#3637 = CARTESIAN_POINT ( 'NONE',  ( 48.45445160184914357, 60.93966854192218108, -14.09999999999998366 ) ) ;
#3638 = FACE_OUTER_BOUND ( 'NONE', #2329, .T. ) ;
#3639 = DIRECTION ( 'NONE',  ( -1.000000000000000000, 0.000000000000000000, 0.000000000000000000 ) ) ;
#3640 = CARTESIAN_POINT ( 'NONE',  ( 66.03810693018088784, 0.000000000000000000, -14.09999999999999432 ) ) ;
#3641 = ORIENTED_EDGE ( 'NONE', *, *, #6094, .F. ) ;
#3642 = DIRECTION ( 'NONE',  ( 1.000000000000000000, 0.000000000000000000, 0.000000000000000000 ) ) ;
#3643 = CARTESIAN_POINT ( 'NONE',  ( 63.69156675160945724, 60.81917863382957279, -16.09999999999999787 ) ) ;
#3644 = CARTESIAN_POINT ( 'NONE',  ( 62.11511585875231845, 56.82643309811528809, -16.09999999999999787 ) ) ;
#3645 = CARTESIAN_POINT ( 'NONE',  ( 38.81154443018088784, 60.36995988382957279, -16.09999999999999787 ) ) ;
#3646 = CARTESIAN_POINT ( 'NONE',  ( 74.58048917979188275, 51.43971310915052442, -14.09999999999998366 ) ) ;
#3647 = VERTEX_POINT ( 'NONE', #1100 ) ;
#3648 = ORIENTED_EDGE ( 'NONE', *, *, #5593, .F. ) ;
#3649 = ADVANCED_FACE ( 'NONE', ( #3638 ), #2110, .T. ) ;
#3650 = CARTESIAN_POINT ( 'NONE',  ( 30.84000425160946079, 61.57531702668671869, -16.09999999999999787 ) ) ;
#3651 = CARTESIAN_POINT ( 'NONE',  ( 52.38576318018088784, 46.57531702668671869, -16.09999999999999787 ) ) ;
#3652 = PLANE ( 'NONE',  #1962 ) ;
#3653 = CARTESIAN_POINT ( 'NONE',  ( 39.88855335875231134, 60.71036166954386459, -16.09999999999999787 ) ) ;
#3654 = EDGE_CURVE ( 'NONE', #6560, #3904, #1077, .T. ) ;
#3655 = CARTESIAN_POINT ( 'NONE',  ( 63.44324085875231845, 58.17687952668671869, -16.09999999999999787 ) ) ;
#3656 = EDGE_CURVE ( 'NONE', #727, #3821, #5905, .T. ) ;
#3657 = CARTESIAN_POINT ( 'NONE',  ( 62.44947715681995248, 61.51780941854363505, -14.09999999999997300 ) ) ;
#3658 = CARTESIAN_POINT ( 'NONE',  ( 68.79201318018088784, 61.57531702668671869, -16.09999999999999787 ) ) ;
#3659 = PLANE ( 'NONE',  #2327 ) ;
#3660 = EDGE_LOOP ( 'NONE', ( #5083, #4347, #4799, #7 ) ) ;
#3661 = CARTESIAN_POINT ( 'NONE',  ( 58.35953550160945724, 51.23491524097242689, -16.09999999999999787 ) ) ;
#3662 = EDGE_CURVE ( 'NONE', #4192, #6019, #3189, .T. ) ;
#3663 = EDGE_CURVE ( 'NONE', #3783, #4824, #4148, .T. ) ;
#3664 = CARTESIAN_POINT ( 'NONE',  ( 63.37448502409612416, 56.69237379460889770, -14.09999999999997655 ) ) ;
#3665 = ORIENTED_EDGE ( 'NONE', *, *, #2972, .T. ) ;
#3666 = CARTESIAN_POINT ( 'NONE',  ( 74.18866200879712380, 46.69754331375261103, -16.09999999999998721 ) ) ;
#3667 = DIRECTION ( 'NONE',  ( 1.000000000000000000, 0.000000000000000000, 0.000000000000000000 ) ) ;
#3668 = ORIENTED_EDGE ( 'NONE', *, *, #3346, .T. ) ;
#3669 = ORIENTED_EDGE ( 'NONE', *, *, #6059, .F. ) ;
#3670 = CARTESIAN_POINT ( 'NONE',  ( 70.83442389446661025, 46.57531702668671869, -14.09999999999998721 ) ) ;
#3671 = CARTESIAN_POINT ( 'NONE',  ( 35.52087354132063979, 61.46544411962886301, -16.09999999999999432 ) ) ;
#3672 = LINE ( 'NONE', #2148, #6627 ) ;
#3673 = B_SPLINE_SURFACE_WITH_KNOTS ( 'NONE', 3, 1, ( 
 ( #1248, #2825 ),
 ( #1355, #2451 ),
 ( #4448, #6411 ),
 ( #1766, #4887 ),
 ( #3876, #215 ),
 ( #5902, #3334 ),
 ( #768, #5934 ),
 ( #4924, #5158 ),
 ( #5086, #2994 ),
 ( #1518, #419 ),
 ( #933, #3635 ) ),
 .UNSPECIFIED., .F., .F., .F.,
 ( 4, 1, 1, 1, 1, 1, 1, 1, 4 ),
 ( 2, 2 ),
 ( 0.000000000000000000, 0.08808573639073195849, 0.1866786466866670879, 0.2958176834783229348, 0.4155185625401417449, 0.5457812838721192161, 0.6866168489635621208, 0.8380134888332255727, 1.000000000000000000 ),
 ( 0.000000000000000000, 1.000000000000000000 ),
 .UNSPECIFIED. ) ;
#3674 = CARTESIAN_POINT ( 'NONE',  ( 43.86223646664431186, 47.32649832620397490, -14.09999999999996945 ) ) ;
#3675 = LINE ( 'NONE', #5199, #3385 ) ;
#3676 = ORIENTED_EDGE ( 'NONE', *, *, #1378, .F. ) ;
#3677 = VERTEX_POINT ( 'NONE', #5967 ) ;
#3678 = CARTESIAN_POINT ( 'NONE',  ( 57.69826318018088784, 61.09261613382957989, -16.10000000000000142 ) ) ;
#3679 = VECTOR ( 'NONE', #4803, 1000.000000000000000 ) ;
#3680 = CARTESIAN_POINT ( 'NONE',  ( 39.20495960875231845, 60.36995988382957279, -16.09999999999999432 ) ) ;
#3681 = CARTESIAN_POINT ( 'NONE',  ( 32.56634556104485512, 46.58522341502117570, -14.09999999999996412 ) ) ;
#3682 = EDGE_CURVE ( 'NONE', #3171, #630, #692, .T. ) ;
#3683 = CARTESIAN_POINT ( 'NONE',  ( 39.79368728732374194, 47.70812952668671869, -16.09999999999999076 ) ) ;
#3684 = AXIS2_PLACEMENT_3D ( 'NONE', #1985, #6529, #5545 ) ;
#3685 = LINE ( 'NONE', #3321, #1734 ) ;
#3686 = CARTESIAN_POINT ( 'NONE',  ( 62.65641050160945724, 61.32420095525814929, -16.09999999999999076 ) ) ;
#3687 = VECTOR ( 'NONE', #5504, 1000.000000000000000 ) ;
#3688 = CARTESIAN_POINT ( 'NONE',  ( 70.50239264446659604, 0.000000000000000000, -14.09999999999999432 ) ) ;
#3689 = VERTEX_POINT ( 'NONE', #6367 ) ;
#3690 = AXIS2_PLACEMENT_3D ( 'NONE', #6454, #6489, #2356 ) ;
#3691 = CARTESIAN_POINT ( 'NONE',  ( 26.71861822394327390, 60.38120838282624447, -16.09999999999999076 ) ) ;
#3692 = CARTESIAN_POINT ( 'NONE',  ( 43.67554385380315551, 60.40633410964733230, -16.09999999999999432 ) ) ;
#3693 = EDGE_CURVE ( 'NONE', #5394, #398, #1318, .T. ) ;
#3694 = ORIENTED_EDGE ( 'NONE', *, *, #3747, .F. ) ;
#3695 = B_SPLINE_CURVE_WITH_KNOTS ( 'NONE', 3,
 ( #6452, #2382, #5592, #5621, #4541, #6100, #3407, #217, #4038, #4386, #928 ),
 .UNSPECIFIED., .F., .F.,
 ( 4, 1, 1, 1, 1, 1, 1, 1, 4 ),
 ( 0.000000000000000000, 0.1101624406791440330, 0.2262065302928193689, 0.3638642837295504862, 0.5310447810791494305, 0.6958205021527626988, 0.8275155774792034569, 0.9284961809181873083, 1.000000000000000000 ),
 .UNSPECIFIED. ) ;
#3696 = DIRECTION ( 'NONE',  ( -1.000000000000000000, 0.000000000000000000, 0.000000000000000000 ) ) ;
#3697 = AXIS2_PLACEMENT_3D ( 'NONE', #5091, #5539, #3062 ) ;
#3698 = AXIS2_PLACEMENT_3D ( 'NONE', #1156, #716, #4369 ) ;
#3699 = DIRECTION ( 'NONE',  ( 0.7182402227891723223, 0.6957952158270134246, 0.000000000000000000 ) ) ;
#3700 = ORIENTED_EDGE ( 'NONE', *, *, #4572, .F. ) ;
#3701 = CARTESIAN_POINT ( 'NONE',  ( 53.03888764915900111, 105.9601459312399925, -1.599999999999998979 ) ) ;
#3702 = VERTEX_POINT ( 'NONE', #5898 ) ;
#3703 = CIRCLE ( 'NONE', #3711, 52.95827939944611984 ) ;
#3704 = LINE ( 'NONE', #2717, #4496 ) ;
#3705 = ORIENTED_EDGE ( 'NONE', *, *, #921, .F. ) ;
#3706 = EDGE_CURVE ( 'NONE', #769, #2837, #862, .T. ) ;
#3707 = EDGE_CURVE ( 'NONE', #2648, #6129, #2269, .T. ) ;
#3708 = ORIENTED_EDGE ( 'NONE', *, *, #4697, .T. ) ;
#3709 = CARTESIAN_POINT ( 'NONE',  ( 62.12285926261790792, 56.79361592825555505, -14.09999999999999076 ) ) ;
#3710 = CARTESIAN_POINT ( 'NONE',  ( 29.56499462873739503, 60.05538659097184251, -16.09999999999999076 ) ) ;
#3711 = AXIS2_PLACEMENT_3D ( 'NONE', #360, #1524, #3028 ) ;
#3712 = LINE ( 'NONE', #5770, #2843 ) ;
#3713 = PLANE ( 'NONE',  #2949 ) ;
#3714 = ORIENTED_EDGE ( 'NONE', *, *, #4291, .T. ) ;
#3715 = EDGE_CURVE ( 'NONE', #1019, #6657, #3802, .T. ) ;
#3716 = LINE ( 'NONE', #6738, #2189 ) ;
#3717 = ORIENTED_EDGE ( 'NONE', *, *, #4572, .T. ) ;
#3718 = ORIENTED_EDGE ( 'NONE', *, *, #5492, .T. ) ;
#3719 = CARTESIAN_POINT ( 'NONE',  ( 57.11028625834182293, 61.57290903759179201, -16.09999999999999432 ) ) ;
#3720 = CARTESIAN_POINT ( 'NONE',  ( 39.78054087712100539, 60.55466371537126946, -14.09999999999998366 ) ) ;
#3721 = FACE_OUTER_BOUND ( 'NONE', #1171, .T. ) ;
#3722 = CARTESIAN_POINT ( 'NONE',  ( 57.36508962962993508, 60.41961820541699524, -14.09999999999997300 ) ) ;
#3723 = DIRECTION ( 'NONE',  ( -0.000000000000000000, -0.000000000000000000, -1.000000000000000000 ) ) ;
#3724 = VECTOR ( 'NONE', #1292, 1000.000000000000000 ) ;
#3725 = CARTESIAN_POINT ( 'NONE',  ( 26.19098179247790270, 61.38105942959558092, -16.09999999999999787 ) ) ;
#3726 = B_SPLINE_CURVE_WITH_KNOTS ( 'NONE', 3,
 ( #5561, #897, #3055, #5049, #2478, #4544, #6611 ),
 .UNSPECIFIED., .F., .F.,
 ( 4, 1, 1, 1, 4 ),
 ( 0.000000000000000000, 0.3261631261545659410, 0.5868059191059555868, 0.7990061949277679210, 1.000000000000000000 ),
 .UNSPECIFIED. ) ;
#3727 = CARTESIAN_POINT ( 'NONE',  ( 0.1251749871924237589, 50.00183953862546815, -6.099999999999997868 ) ) ;
#3728 = ORIENTED_EDGE ( 'NONE', *, *, #4909, .F. ) ;
#3729 = CARTESIAN_POINT ( 'NONE',  ( 26.63520514446659959, 61.57531702668671869, -16.09999999999999787 ) ) ;
#3730 = AXIS2_PLACEMENT_3D ( 'NONE', #5728, #143, #3158 ) ;
#3731 = ORIENTED_EDGE ( 'NONE', *, *, #277, .F. ) ;
#3732 = ORIENTED_EDGE ( 'NONE', *, *, #569, .F. ) ;
#3733 = CARTESIAN_POINT ( 'NONE',  ( 0.000000000000000000, 0.000000000000000000, -16.09999999999999787 ) ) ;
#3734 = B_SPLINE_SURFACE_WITH_KNOTS ( 'NONE', 3, 1, ( 
 ( #1273, #828 ),
 ( #1379, #3458 ),
 ( #3357, #795 ),
 ( #1828, #3900 ),
 ( #4948, #274 ),
 ( #4439, #5392 ),
 ( #2409, #759 ) ),
 .UNSPECIFIED., .F., .F., .F.,
 ( 4, 1, 1, 1, 4 ),
 ( 2, 2 ),
 ( 0.000000000000000000, 0.2826927617233503942, 0.5273111742167917448, 0.7580647735485528393, 1.000000000000000000 ),
 ( 0.000000000000000000, 1.000000000000000000 ),
 .UNSPECIFIED. ) ;
#3735 = ADVANCED_FACE ( 'NONE', ( #139 ), #3841, .T. ) ;
#3736 = DIRECTION ( 'NONE',  ( -0.4672561737412991856, 0.8841219758046062749, 0.000000000000000000 ) ) ;
#3737 = ORIENTED_EDGE ( 'NONE', *, *, #699, .F. ) ;
#3738 = VECTOR ( 'NONE', #2272, 1000.000000000000000 ) ;
#3739 = CARTESIAN_POINT ( 'NONE',  ( 39.05149978732374194, 46.57531702668671869, -16.09999999999999787 ) ) ;
#3740 = ORIENTED_EDGE ( 'NONE', *, *, #6617, .T. ) ;
#3741 = DIRECTION ( 'NONE',  ( -1.000000000000000000, 0.000000000000000000, 0.000000000000000000 ) ) ;
#3742 = ORIENTED_EDGE ( 'NONE', *, *, #1416, .T. ) ;
#3743 = ORIENTED_EDGE ( 'NONE', *, *, #6660, .F. ) ;
#3744 = CARTESIAN_POINT ( 'NONE',  ( 57.64803996589516544, 61.24049559811528809, -14.09999999999997655 ) ) ;
#3745 = LINE ( 'NONE', #590, #5426 ) ;
#3746 = FACE_OUTER_BOUND ( 'NONE', #1106, .T. ) ;
#3747 = EDGE_CURVE ( 'NONE', #5126, #5915, #3362, .T. ) ;
#3748 = CARTESIAN_POINT ( 'NONE',  ( 26.03810693018089140, 61.05355363382957989, -14.09999999999997655 ) ) ;
#3749 = ADVANCED_FACE ( 'NONE', ( #5931 ), #948, .T. ) ;
#3750 = LINE ( 'NONE', #1696, #5325 ) ;
#3751 = CARTESIAN_POINT ( 'NONE',  ( 64.01522746589517965, 59.27341970525814219, -14.09999999999998721 ) ) ;
#3752 = ORIENTED_EDGE ( 'NONE', *, *, #2331, .T. ) ;
#3753 = ORIENTED_EDGE ( 'NONE', *, *, #1919, .T. ) ;
#3754 = CARTESIAN_POINT ( 'NONE',  ( 57.41884476958838945, 61.50068666244150251, -16.10000000000000142 ) ) ;
#3755 = CARTESIAN_POINT ( 'NONE',  ( 62.05863968800183983, 61.55752520064093147, -14.09999999999997300 ) ) ;
#3756 = CARTESIAN_POINT ( 'NONE',  ( 32.11836448549863121, 46.79669347231399712, -16.09999999999998010 ) ) ;
#3757 = LINE ( 'NONE', #3320, #3679 ) ;
#3758 = VERTEX_POINT ( 'NONE', #5397 ) ;
#3759 = DIRECTION ( 'NONE',  ( -0.000000000000000000, -0.000000000000000000, -1.000000000000000000 ) ) ;
#3760 = DIRECTION ( 'NONE',  ( 0.000000000000000000, 0.000000000000000000, -1.000000000000000000 ) ) ;
#3761 = CARTESIAN_POINT ( 'NONE',  ( 63.43673364371148438, 56.86865426328698447, -14.09999999999998721 ) ) ;
#3762 = ORIENTED_EDGE ( 'NONE', *, *, #595, .T. ) ;
#3763 = DIRECTION ( 'NONE',  ( -0.3169793965334328778, 0.9484324236197857472, 0.000000000000000000 ) ) ;
#3764 = ORIENTED_EDGE ( 'NONE', *, *, #771, .T. ) ;
#3765 = ORIENTED_EDGE ( 'NONE', *, *, #4009, .T. ) ;
#3766 = DIRECTION ( 'NONE',  ( -1.000000000000000000, 0.000000000000000000, 0.000000000000000000 ) ) ;
#3767 = CARTESIAN_POINT ( 'NONE',  ( 43.72504889446660314, 61.57531702668671869, -16.09999999999999432 ) ) ;
#3768 = VERTEX_POINT ( 'NONE', #1277 ) ;
#3769 = CARTESIAN_POINT ( 'NONE',  ( 39.05149978732374194, 46.57531702668671869, -16.09999999999999787 ) ) ;
#3770 = ORIENTED_EDGE ( 'NONE', *, *, #3543, .T. ) ;
#3771 = DIRECTION ( 'NONE',  ( -0.000000000000000000, -0.000000000000000000, -1.000000000000000000 ) ) ;
#3772 = EDGE_LOOP ( 'NONE', ( #4888, #1796, #5157, #2346 ) ) ;
#3773 = ORIENTED_EDGE ( 'NONE', *, *, #2216, .F. ) ;
#3774 = FACE_OUTER_BOUND ( 'NONE', #5302, .T. ) ;
#3775 = CARTESIAN_POINT ( 'NONE',  ( 62.86567389446659604, 56.41627684811528809, -16.09999999999999432 ) ) ;
#3776 = CARTESIAN_POINT ( 'NONE',  ( 43.80846197394327390, 60.38120838282624447, -14.09999999999998721 ) ) ;
#3777 = DIRECTION ( 'NONE',  ( 0.9507096663120009339, -0.3100824573898432468, 0.000000000000000000 ) ) ;
#3778 = CARTESIAN_POINT ( 'NONE',  ( 74.33987534269266462, 46.62487989388291965, -14.09999999999998721 ) ) ;
#3779 = ORIENTED_EDGE ( 'NONE', *, *, #5709, .F. ) ;
#3780 = B_SPLINE_CURVE_WITH_KNOTS ( 'NONE', 3,
 ( #2961, #5970, #6005, #1838, #1282 ),
 .UNSPECIFIED., .F., .F.,
 ( 4, 1, 4 ),
 ( 0.000000000000000000, 0.4906606431025513082, 1.000000000000000000 ),
 .UNSPECIFIED. ) ;
#3781 = ADVANCED_FACE ( 'NONE', ( #726 ), #2540, .T. ) ;
#3782 = CARTESIAN_POINT ( 'NONE',  ( 22.90454784189324045, 70.02247483093273672, -14.09999999999999432 ) ) ;
#3783 = VERTEX_POINT ( 'NONE', #348 ) ;
#3784 = ORIENTED_EDGE ( 'NONE', *, *, #4508, .F. ) ;
#3785 = CARTESIAN_POINT ( 'NONE',  ( 31.33665603732374549, 60.99216970525814219, -16.09999999999998721 ) ) ;
#3786 = CARTESIAN_POINT ( 'NONE',  ( 70.58657045401045593, 61.00107196781920749, -16.09999999999999432 ) ) ;
#3787 = SECURITY_CLASSIFICATION_LEVEL ( 'unclassified' ) ;
#3788 = EDGE_CURVE ( 'NONE', #1837, #710, #4458, .T. ) ;
#3789 = CARTESIAN_POINT ( 'NONE',  ( 70.83442389446661025, 46.57531702668671869, -16.09999999999999787 ) ) ;
#3790 = ADVANCED_FACE ( 'NONE', ( #6104 ), #380, .T. ) ;
#3791 = CARTESIAN_POINT ( 'NONE',  ( 31.33670606613485887, 60.93966854192218108, -14.09999999999998366 ) ) ;
#3792 = CARTESIAN_POINT ( 'NONE',  ( 39.85241141925833830, 60.65826374572937851, -14.09999999999998721 ) ) ;
#3793 = CARTESIAN_POINT ( 'NONE',  ( 1.608578867009938371E-11, 60.36995988384345679, -14.09999999999999432 ) ) ;
#3794 = ORIENTED_EDGE ( 'NONE', *, *, #3654, .F. ) ;
#3795 = VECTOR ( 'NONE', #2652, 1000.000000000000000 ) ;
#3796 = DIRECTION ( 'NONE',  ( -1.000000000000000000, 0.000000000000000000, 0.000000000000000000 ) ) ;
#3797 = AXIS2_PLACEMENT_3D ( 'NONE', #3284, #5350, #6467 ) ;
#3798 = VERTEX_POINT ( 'NONE', #5528 ) ;
#3799 = ORIENTED_EDGE ( 'NONE', *, *, #2667, .T. ) ;
#3800 = CARTESIAN_POINT ( 'NONE',  ( 57.71151487712035788, 61.07097895026998913, -16.09999999999999432 ) ) ;
#3801 = AXIS2_PLACEMENT_3D ( 'NONE', #3219, #2274, #5285 ) ;
#3802 = LINE ( 'NONE', #5468, #3598 ) ;
#3803 = ORIENTED_EDGE ( 'NONE', *, *, #5755, .F. ) ;
#3804 = CARTESIAN_POINT ( 'NONE',  ( 48.74119004948047262, 48.61993379424637851, -16.09999999999998721 ) ) ;
#3805 = CARTESIAN_POINT ( 'NONE',  ( 0.000000000000000000, 60.36995988382957279, -14.09999999999999432 ) ) ;
#3806 = ORIENTED_EDGE ( 'NONE', *, *, #1416, .F. ) ;
#3807 = ORIENTED_EDGE ( 'NONE', *, *, #2215, .F. ) ;
#3808 = B_SPLINE_CURVE_WITH_KNOTS ( 'NONE', 3,
 ( #1492, #908, #5026, #4114, #3573, #6625, #2456 ),
 .UNSPECIFIED., .F., .F.,
 ( 4, 1, 1, 1, 4 ),
 ( 0.000000000000000000, 0.1286101008388225442, 0.3421221418694614380, 0.6267200659374966287, 1.000000000000000000 ),
 .UNSPECIFIED. ) ;
#3809 = CARTESIAN_POINT ( 'NONE',  ( 49.01243728732374194, 51.61158934811528809, -16.09999999999999787 ) ) ;
#3810 = AXIS2_PLACEMENT_3D ( 'NONE', #616, #4207, #5220 ) ;
#3811 = AXIS2_PLACEMENT_3D ( 'NONE', #2782, #4335, #5281 ) ;
#3812 = CARTESIAN_POINT ( 'NONE',  ( 62.21494370055980738, 56.64215256128153442, -16.09999999999999432 ) ) ;
#3813 = CARTESIAN_POINT ( 'NONE',  ( 53.03888764915900111, 105.9601459312399925, -6.099999999999997868 ) ) ;
#3814 = DIRECTION ( 'NONE',  ( 0.7919140746849535617, 0.6106325395160936420, 0.000000000000000000 ) ) ;
#3815 = CARTESIAN_POINT ( 'NONE',  ( 56.10228103732374194, 60.23603131240100339, -14.09999999999998010 ) ) ;
#3816 = FACE_OUTER_BOUND ( 'NONE', #2238, .T. ) ;
#3817 = VECTOR ( 'NONE', #4723, 1000.000000000000114 ) ;
#3818 = CARTESIAN_POINT ( 'NONE',  ( 43.36548320809378509, 47.70207196080882994, -14.09999999999996945 ) ) ;
#3819 = VERTEX_POINT ( 'NONE', #6684 ) ;
#3820 = CARTESIAN_POINT ( 'NONE',  ( 50.03643282303804085, 47.34819649097244110, 7.499999999999996447 ) ) ;
#3821 = VERTEX_POINT ( 'NONE', #2413 ) ;
#3822 = VECTOR ( 'NONE', #4344, 1000.000000000000000 ) ;
#3823 = ORIENTED_EDGE ( 'NONE', *, *, #4646, .T. ) ;
#3824 = CARTESIAN_POINT ( 'NONE',  ( 74.02911002781206662, 51.66009094942418045, -16.09999999999999787 ) ) ;
#3825 = EDGE_CURVE ( 'NONE', #2114, #4505, #800, .T. ) ;
#3826 = DIRECTION ( 'NONE',  ( 0.000000000000000000, 0.000000000000000000, -1.000000000000000000 ) ) ;
#3827 = CALENDAR_DATE ( 2025, 23, 7 ) ;
#3828 = CARTESIAN_POINT ( 'NONE',  ( 64.01522746589517965, 59.27341970525814219, -16.09999999999999787 ) ) ;
#3829 = LINE ( 'NONE', #4935, #305 ) ;
#3830 = LINE ( 'NONE', #2811, #1621 ) ;
#3831 = EDGE_CURVE ( 'NONE', #3171, #5143, #4579, .T. ) ;
#3832 = DIRECTION ( 'NONE',  ( 0.9998891085341151674, -0.01489196544626041063, 0.000000000000000000 ) ) ;
#3833 = EDGE_CURVE ( 'NONE', #2533, #4238, #4614, .T. ) ;
#3834 = DIRECTION ( 'NONE',  ( 0.8939230052675214422, 0.4482205491200541014, -0.000000000000000000 ) ) ;
#3835 = EDGE_LOOP ( 'NONE', ( #2564, #2628, #2429, #2227 ) ) ;
#3836 = PLANE ( 'NONE',  #3811 ) ;
#3837 = DIRECTION ( 'NONE',  ( -0.000000000000000000, -0.000000000000000000, 1.000000000000000000 ) ) ;
#3838 = ORIENTED_EDGE ( 'NONE', *, *, #6514, .T. ) ;
#3839 = ORIENTED_EDGE ( 'NONE', *, *, #5696, .T. ) ;
#3840 = CARTESIAN_POINT ( 'NONE',  ( 43.47114264446660314, 46.57531702668671869, 7.500000000000000000 ) ) ;
#3841 = PLANE ( 'NONE',  #4465 ) ;
#3842 = FACE_OUTER_BOUND ( 'NONE', #5202, .T. ) ;
#3843 = CARTESIAN_POINT ( 'NONE',  ( 72.62498358225938944, 57.31379381209588786, -16.09999999999999787 ) ) ;
#3844 = CIRCLE ( 'NONE', #1889, 52.95827939944611984 ) ;
#3845 = CARTESIAN_POINT ( 'NONE',  ( 48.45440157303802664, 60.99216970525814219, -14.09999999999996589 ) ) ;
#3846 = ORIENTED_EDGE ( 'NONE', *, *, #5401, .T. ) ;
#3847 = CYLINDRICAL_SURFACE ( 'NONE', #961, 2.960456600711785846 ) ;
#3848 = CARTESIAN_POINT ( 'NONE',  ( 62.70288116508543652, 56.44531918396728543, -14.09999999999997300 ) ) ;
#3849 = CARTESIAN_POINT ( 'NONE',  ( 43.60228103732374194, 60.42018309811528809, -16.09999999999998721 ) ) ;
#3850 = CARTESIAN_POINT ( 'NONE',  ( 57.64524978732374194, 47.49049559811528809, 7.500000000000000000 ) ) ;
#3851 = VECTOR ( 'NONE', #4053, 1000.000000000000000 ) ;
#3852 = PLANE ( 'NONE',  #2639 ) ;
#3853 = LINE ( 'NONE', #2359, #1417 ) ;
#3854 = CARTESIAN_POINT ( 'NONE',  ( 43.12795068018088784, 61.05355363382957279, -14.09999999999998366 ) ) ;
#3855 = CC_DESIGN_APPROVAL ( #6534, ( #3961 ) ) ;
#3856 = CARTESIAN_POINT ( 'NONE',  ( 72.72058460875231845, 48.78792863382957279, -16.09999999999999787 ) ) ;
#3857 = ORIENTED_EDGE ( 'NONE', *, *, #2291, .T. ) ;
#3858 = EDGE_LOOP ( 'NONE', ( #4210, #353, #6695, #2982 ) ) ;
#3859 = CARTESIAN_POINT ( 'NONE',  ( 57.65364326904170866, 61.21776872434307393, -14.09999999999998721 ) ) ;
#3860 = CARTESIAN_POINT ( 'NONE',  ( 53.03888764915900111, 105.9601459312399925, -1.599999999999998979 ) ) ;
#3861 = FACE_OUTER_BOUND ( 'NONE', #5721, .T. ) ;
#3862 = EDGE_CURVE ( 'NONE', #2223, #4407, #2802, .T. ) ;
#3863 = PLANE ( 'NONE',  #4026 ) ;
#3864 = PLANE ( 'NONE',  #1867 ) ;
#3865 = CARTESIAN_POINT ( 'NONE',  ( 48.45440157303802664, 60.99216970525814219, -14.09999999999998010 ) ) ;
#3866 = ORIENTED_EDGE ( 'NONE', *, *, #3293, .F. ) ;
#3867 = LINE ( 'NONE', #169, #1666 ) ;
#3868 = VERTEX_POINT ( 'NONE', #4515 ) ;
#3869 = ADVANCED_FACE ( 'NONE', ( #3565 ), #3433, .T. ) ;
#3870 = VERTEX_POINT ( 'NONE', #4077 ) ;
#3871 = LINE ( 'NONE', #4379, #5741 ) ;
#3872 = EDGE_CURVE ( 'NONE', #5451, #3194, #962, .T. ) ;
#3873 = CARTESIAN_POINT ( 'NONE',  ( 57.59585381358657230, 60.61517154432095111, -14.09999999999998366 ) ) ;
#3874 = ORIENTED_EDGE ( 'NONE', *, *, #59, .F. ) ;
#3875 = CARTESIAN_POINT ( 'NONE',  ( 49.77909795352819344, 47.59304208072604325, -16.09999999999999787 ) ) ;
#3876 = CARTESIAN_POINT ( 'NONE',  ( 48.91492323699430500, 48.44766874358349185, -14.09999999999997655 ) ) ;
#3877 = ORIENTED_EDGE ( 'NONE', *, *, #6017, .F. ) ;
#3878 = VERTEX_POINT ( 'NONE', #3500 ) ;
#3879 = DIRECTION ( 'NONE',  ( -0.2901183712691673966, 0.9569907683212652838, 0.000000000000000000 ) ) ;
#3880 = EDGE_CURVE ( 'NONE', #429, #334, #3726, .T. ) ;
#3881 = LINE ( 'NONE', #1844, #2710 ) ;
#3882 = ADVANCED_FACE ( 'NONE', ( #451 ), #190, .T. ) ;
#3883 = CARTESIAN_POINT ( 'NONE',  ( 0.9433099918273991635, 52.95769869083799364, -1.599999999999998979 ) ) ;
#3884 = LINE ( 'NONE', #4424, #3412 ) ;
#3885 = CARTESIAN_POINT ( 'NONE',  ( 74.66254889446661025, 51.26560720525814929, -16.09999999999999076 ) ) ;
#3886 = CARTESIAN_POINT ( 'NONE',  ( 43.60228103732374194, 60.42018309811528809, -14.09999999999998010 ) ) ;
#3887 = DIRECTION ( 'NONE',  ( -0.2586434078850006757, 0.9659728710256997308, 0.000000000000000000 ) ) ;
#3888 = ORIENTED_EDGE ( 'NONE', *, *, #2136, .F. ) ;
#3889 = DIRECTION ( 'NONE',  ( -0.000000000000000000, -0.000000000000000000, 1.000000000000000000 ) ) ;
#3890 = EDGE_LOOP ( 'NONE', ( #5819, #3794 ) ) ;
#3891 = ORIENTED_EDGE ( 'NONE', *, *, #699, .T. ) ;
#3892 = CARTESIAN_POINT ( 'NONE',  ( 72.63906909313904237, 58.77306583829738429, -14.09999999999997655 ) ) ;
#3893 = CARTESIAN_POINT ( 'NONE',  ( 105.9601459312399925, 53.03888764915900111, -1.599999999999998979 ) ) ;
#3894 = DIRECTION ( 'NONE',  ( -0.000000000000000000, -0.000000000000000000, 1.000000000000000000 ) ) ;
#3895 = CARTESIAN_POINT ( 'NONE',  ( 55.99934424987079495, 105.9601459312399925, -1.599999999999998979 ) ) ;
#3896 = CARTESIAN_POINT ( 'NONE',  ( 26.51243728732374194, 60.42018309811528809, -16.09999999999999787 ) ) ;
#3897 = CARTESIAN_POINT ( 'NONE',  ( 73.03587478732374905, 47.28123220525814219, -16.09999999999999787 ) ) ;
#3898 = ORIENTED_EDGE ( 'NONE', *, *, #103, .F. ) ;
#3899 = CARTESIAN_POINT ( 'NONE',  ( 32.63408907303803375, 46.57531702668671869, -14.09999999999997300 ) ) ;
#3900 = CARTESIAN_POINT ( 'NONE',  ( 48.17593044605315100, 60.45294197436516725, -16.09999999999999076 ) ) ;
#3901 = VERTEX_POINT ( 'NONE', #5212 ) ;
#3902 = CARTESIAN_POINT ( 'NONE',  ( 48.39580782303802664, 61.27397774097242689, -14.09999999999998010 ) ) ;
#3903 = CARTESIAN_POINT ( 'NONE',  ( 79.92000910921302648, 40.07256794771818420, -14.09999999999999432 ) ) ;
#3904 = VERTEX_POINT ( 'NONE', #1575 ) ;
#3905 = VECTOR ( 'NONE', #4725, 1000.000000000000000 ) ;
#3906 = CARTESIAN_POINT ( 'NONE',  ( 31.25982613755506989, 61.31179960689748043, -16.09999999999998721 ) ) ;
#3907 = ORIENTED_EDGE ( 'NONE', *, *, #3052, .T. ) ;
#3908 = ADVANCED_FACE ( 'NONE', ( #3631 ), #5783, .T. ) ;
#3909 = CARTESIAN_POINT ( 'NONE',  ( 45.18710246589517965, 59.95980363382957989, -16.09999999999999787 ) ) ;
#3910 = ORIENTED_EDGE ( 'NONE', *, *, #1113, .F. ) ;
#3911 = CARTESIAN_POINT ( 'NONE',  ( 51.12181228732374194, 61.21817416954385749, -16.09999999999999787 ) ) ;
#3912 = CARTESIAN_POINT ( 'NONE',  ( 30.08584442868565745, 60.30460812381907942, -16.09999999999998721 ) ) ;
#3913 = AXIS2_PLACEMENT_3D ( 'NONE', #4083, #5723, #1489 ) ;
#3914 = LINE ( 'NONE', #3372, #3596 ) ;
#3915 = DIRECTION ( 'NONE',  ( -0.000000000000000000, -0.000000000000000000, -1.000000000000000000 ) ) ;
#3916 = CARTESIAN_POINT ( 'NONE',  ( 52.27505765699678619, 60.38784890353707624, -16.09999999999999432 ) ) ;
#3917 = CARTESIAN_POINT ( 'NONE',  ( 49.71835246589517965, 49.49942416954385749, -16.09999999999999787 ) ) ;
#3918 = ADVANCED_FACE ( 'NONE', ( #3599 ), #3627, .T. ) ;
#3919 = EDGE_CURVE ( 'NONE', #2180, #2777, #1601, .T. ) ;
#3920 = AXIS2_PLACEMENT_3D ( 'NONE', #4606, #503, #2029 ) ;
#3921 = CARTESIAN_POINT ( 'NONE',  ( 51.47205888128794271, 61.52375132560094784, -14.09999999999998721 ) ) ;
#3922 = VECTOR ( 'NONE', #5077, 1000.000000000000114 ) ;
#3923 = CARTESIAN_POINT ( 'NONE',  ( 26.30882067721539030, 60.53158347776597026, -16.09999999999999787 ) ) ;
#3924 = VERTEX_POINT ( 'NONE', #481 ) ;
#3925 = VECTOR ( 'NONE', #2694, 1000.000000000000000 ) ;
#3926 = AXIS2_PLACEMENT_3D ( 'NONE', #370, #1950, #3011 ) ;
#3927 = CARTESIAN_POINT ( 'NONE',  ( 56.85207080986886297, 60.38149582604587096, -16.09999999999999432 ) ) ;
#3928 = CARTESIAN_POINT ( 'NONE',  ( 61.48308411722760525, 61.22677631824290501, -14.09999999999998010 ) ) ;
#3929 = VECTOR ( 'NONE', #1399, 1000.000000000000000 ) ;
#3930 = DIRECTION ( 'NONE',  ( 0.003919342796991469487, -0.9999923193465236615, 0.000000000000000000 ) ) ;
#3931 = CC_DESIGN_PERSON_AND_ORGANIZATION_ASSIGNMENT ( #6558, #5348, ( #2224 ) ) ;
#3932 = DIRECTION ( 'NONE',  ( -0.000000000000000000, -0.000000000000000000, -1.000000000000000000 ) ) ;
#3933 = DIRECTION ( 'NONE',  ( 1.000000000000000000, -2.664535259100669532E-13, 0.000000000000000000 ) ) ;
#3934 = ORIENTED_EDGE ( 'NONE', *, *, #6704, .T. ) ;
#3935 = CARTESIAN_POINT ( 'NONE',  ( 56.10228103732374194, 60.23603131240100339, 7.500000000000000000 ) ) ;
#3936 = LINE ( 'NONE', #5996, #245 ) ;
#3937 = ORIENTED_EDGE ( 'NONE', *, *, #6113, .T. ) ;
#3938 = CARTESIAN_POINT ( 'NONE',  ( 57.36508962962993508, 60.41961820541699524, -16.09999999999999787 ) ) ;
#3939 = CARTESIAN_POINT ( 'NONE',  ( 75.17781861010082878, 46.73037256951656104, -16.10000000000000142 ) ) ;
#3940 = ORIENTED_EDGE ( 'NONE', *, *, #5927, .T. ) ;
#3941 = CARTESIAN_POINT ( 'NONE',  ( 31.33665603732374549, 60.99216970525814219, -16.09999999999999076 ) ) ;
#3942 = CARTESIAN_POINT ( 'NONE',  ( 48.45453560052821018, 60.85151876839533003, -16.09999999999999787 ) ) ;
#3943 = B_SPLINE_CURVE_WITH_KNOTS ( 'NONE', 3,
 ( #731, #4075, #4105, #5973, #5474, #6485, #2001 ),
 .UNSPECIFIED., .F., .F.,
 ( 4, 1, 1, 1, 4 ),
 ( 0.000000000000000000, 0.1554207360201361743, 0.3729876177277507421, 0.6538581053173657676, 1.000000000000000000 ),
 .UNSPECIFIED. ) ;
#3944 = EDGE_LOOP ( 'NONE', ( #2781, #5788, #442, #647 ) ) ;
#3945 = CARTESIAN_POINT ( 'NONE',  ( 71.91701318018088784, 55.43134381240100339, -16.09999999999999787 ) ) ;
#3946 = DIRECTION ( 'NONE',  ( -0.000000000000000000, -0.000000000000000000, -1.000000000000000000 ) ) ;
#3947 = EDGE_CURVE ( 'NONE', #2418, #6302, #5752, .T. ) ;
#3948 = CARTESIAN_POINT ( 'NONE',  ( 38.62002226264259974, 47.39117675095017290, -14.09999999999998010 ) ) ;
#3949 = CARTESIAN_POINT ( 'NONE',  ( 52.22732407154605738, 60.38364111526535538, -16.09999999999999432 ) ) ;
#3950 = VECTOR ( 'NONE', #1772, 1000.000000000000000 ) ;
#3951 = CARTESIAN_POINT ( 'NONE',  ( -1.208933919110365495E-11, 61.57531702667909457, -14.09999999999999432 ) ) ;
#3952 = CARTESIAN_POINT ( 'NONE',  ( 51.10503901960423434, 61.18151630072723179, -14.09999999999998721 ) ) ;
#3953 = ORIENTED_EDGE ( 'NONE', *, *, #946, .F. ) ;
#3954 = DATE_AND_TIME ( #3827, #1011 ) ;
#3955 = DIRECTION ( 'NONE',  ( -0.7919140746849535617, -0.6106325395160936420, 0.000000000000000000 ) ) ;
#3956 = VECTOR ( 'NONE', #6167, 1000.000000000000000 ) ;
#3957 = ORIENTED_EDGE ( 'NONE', *, *, #4861, .F. ) ;
#3958 = EDGE_CURVE ( 'NONE', #2153, #1990, #1055, .T. ) ;
#3959 = ADVANCED_FACE ( 'NONE', ( #2162 ), #5676, .T. ) ;
#3960 = CYLINDRICAL_SURFACE ( 'NONE', #4997, 2.956992594712500200 ) ;
#3961 = SECURITY_CLASSIFICATION ( '', '', #3787 ) ;
#3962 = CARTESIAN_POINT ( 'NONE',  ( 66.56824085875231845, 52.04127684811528809, -16.09999999999999787 ) ) ;
#3963 = DIRECTION ( 'NONE',  ( -0.000000000000000000, -0.000000000000000000, -1.000000000000000000 ) ) ;
#3964 = EDGE_CURVE ( 'NONE', #6168, #1452, #2978, .T. ) ;
#3965 = ORIENTED_EDGE ( 'NONE', *, *, #2621, .F. ) ;
#3966 = DIRECTION ( 'NONE',  ( -0.000000000000000000, -0.000000000000000000, -1.000000000000000000 ) ) ;
#3967 = LINE ( 'NONE', #6645, #2322 ) ;
#3968 = ORIENTED_EDGE ( 'NONE', *, *, #6617, .F. ) ;
#3969 = CARTESIAN_POINT ( 'NONE',  ( 52.99842878151299885, 53.00157121848699404, -1.599999999999998979 ) ) ;
#3970 = ORIENTED_EDGE ( 'NONE', *, *, #1744, .T. ) ;
#3971 = FACE_OUTER_BOUND ( 'NONE', #4635, .T. ) ;
#3972 = DIRECTION ( 'NONE',  ( 0.2558925603162831020, -0.9667052278615116956, 0.000000000000000000 ) ) ;
#3973 = CARTESIAN_POINT ( 'NONE',  ( 74.66254889446661025, 51.26560720525814929, -16.09999999999999787 ) ) ;
#3974 = CARTESIAN_POINT ( 'NONE',  ( 43.89268869699334630, 47.10088105874139330, -16.09999999999999432 ) ) ;
#3975 = ORIENTED_EDGE ( 'NONE', *, *, #4271, .T. ) ;
#3976 = CARTESIAN_POINT ( 'NONE',  ( 48.45440157303802664, 60.99216970525814219, -16.09999999999999076 ) ) ;
#3977 = ORIENTED_EDGE ( 'NONE', *, *, #2002, .F. ) ;
#3978 = CARTESIAN_POINT ( 'NONE',  ( 47.85071017400476734, 60.37299079924869005, -16.09999999999999787 ) ) ;
#3979 = CARTESIAN_POINT ( 'NONE',  ( 31.21217702590643839, 60.56732234218865329, -14.09999999999996589 ) ) ;
#3980 = CARTESIAN_POINT ( 'NONE',  ( 31.22315032849568084, 61.38786541851526835, -14.09999999999999787 ) ) ;
#3981 = DIRECTION ( 'NONE',  ( 0.9546102138819017036, -0.2978579183979331302, 0.000000000000000000 ) ) ;
#3982 = CARTESIAN_POINT ( 'NONE',  ( 43.24035516290486214, 60.68105338696633311, -14.09999999999998721 ) ) ;
#3983 = CARTESIAN_POINT ( 'NONE',  ( 51.18740055492274621, 61.29565135717918878, -16.09999999999999432 ) ) ;
#3984 = ORIENTED_EDGE ( 'NONE', *, *, #3509, .F. ) ;
#3985 = EDGE_CURVE ( 'NONE', #3677, #5248, #285, .T. ) ;
#3986 = DATE_TIME_ROLE ( 'classification_date' ) ;
#3987 = CARTESIAN_POINT ( 'NONE',  ( 30.87159860116412347, 60.37864441258800952, -16.09999999999999787 ) ) ;
#3988 = ORIENTED_EDGE ( 'NONE', *, *, #3535, .F. ) ;
#3989 = CARTESIAN_POINT ( 'NONE',  ( 72.62587443240941809, 57.09056910366901860, -16.09999999999999076 ) ) ;
#3990 = CARTESIAN_POINT ( 'NONE',  ( 74.66254889446661025, 51.26560720525814929, 7.500000000000000000 ) ) ;
#3991 = DIRECTION ( 'NONE',  ( 0.9992611746313129206, -0.03843312210124109896, 0.000000000000000000 ) ) ;
#3992 = EDGE_CURVE ( 'NONE', #4364, #854, #5446, .T. ) ;
#3993 = CARTESIAN_POINT ( 'NONE',  ( 63.18810177551592488, 60.31815766247434851, -14.09999999999998721 ) ) ;
#3994 = DIRECTION ( 'NONE',  ( 0.000000000000000000, 1.000000000000000000, 0.000000000000000000 ) ) ;
#3995 = ORIENTED_EDGE ( 'NONE', *, *, #5808, .T. ) ;
#3996 = ORIENTED_EDGE ( 'NONE', *, *, #738, .F. ) ;
#3997 = CARTESIAN_POINT ( 'NONE',  ( 63.43673364371148438, 56.86865426328698447, -16.09999999999999787 ) ) ;
#3998 = DIRECTION ( 'NONE',  ( 0.000000000000000000, 1.000000000000000000, 0.000000000000000000 ) ) ;
#3999 = VERTEX_POINT ( 'NONE', #1367 ) ;
#4000 = EDGE_CURVE ( 'NONE', #4160, #2755, #1612, .T. ) ;
#4001 = CARTESIAN_POINT ( 'NONE',  ( 32.88431522185697986, 46.58143135395914669, -16.09999999999999076 ) ) ;
#4002 = EDGE_CURVE ( 'NONE', #2316, #2514, #2230, .T. ) ;
#4003 = B_SPLINE_SURFACE_WITH_KNOTS ( 'NONE', 3, 1, ( 
 ( #2298, #2735 ),
 ( #3755, #128 ),
 ( #2229, #6356 ),
 ( #1888, #6498 ),
 ( #6532, #296 ),
 ( #3928, #847 ),
 ( #5005, #5989 ) ),
 .UNSPECIFIED., .F., .F., .F.,
 ( 4, 1, 1, 1, 4 ),
 ( 2, 2 ),
 ( 0.000000000000000000, 0.2919549195686680920, 0.5456857322257750997, 0.7775984603223666802, 1.000000000000000000 ),
 ( 0.000000000000000000, 1.000000000000000000 ),
 .UNSPECIFIED. ) ;
#4004 = CARTESIAN_POINT ( 'NONE',  ( 52.99842878151299885, 53.00157121848699404, -6.099999999999997868 ) ) ;
#4005 = B_SPLINE_CURVE_WITH_KNOTS ( 'NONE', 3,
 ( #3896, #5992, #790, #1789, #3353 ),
 .UNSPECIFIED., .F., .F.,
 ( 4, 1, 4 ),
 ( 0.000000000000000000, 0.5511875762474863771, 1.000000000000000000 ),
 .UNSPECIFIED. ) ;
#4006 = CARTESIAN_POINT ( 'NONE',  ( 73.78416819505713420, 51.63544494102692539, -16.09999999999999076 ) ) ;
#4007 = DIRECTION ( 'NONE',  ( 0.4447913246674480847, 0.8956342319834458277, -0.000000000000000000 ) ) ;
#4008 = DIRECTION ( 'NONE',  ( -0.000000000000000000, -0.000000000000000000, 1.000000000000000000 ) ) ;
#4009 = EDGE_CURVE ( 'NONE', #2516, #900, #1776, .T. ) ;
#4010 = FACE_OUTER_BOUND ( 'NONE', #3858, .T. ) ;
#4011 = ORIENTED_EDGE ( 'NONE', *, *, #1337, .T. ) ;
#4012 = CARTESIAN_POINT ( 'NONE',  ( 62.62878655617620893, 61.36261731289516064, -16.09999999999999787 ) ) ;
#4013 = CARTESIAN_POINT ( 'NONE',  ( 31.30317389446660314, 60.73268309811528809, -14.09999999999996945 ) ) ;
#4014 = CARTESIAN_POINT ( 'NONE',  ( 38.58120879475012543, 47.01793347077984464, -16.09999999999999787 ) ) ;
#4015 = CARTESIAN_POINT ( 'NONE',  ( 38.81154443018088784, 60.36995988382957279, 7.500000000000000000 ) ) ;
#4016 = CARTESIAN_POINT ( 'NONE',  ( 72.62587443240941809, 57.09056910366901860, -14.09999999999998721 ) ) ;
#4017 = B_SPLINE_CURVE_WITH_KNOTS ( 'NONE', 3,
 ( #1051, #3209, #26, #3241, #5208, #3175, #2158 ),
 .UNSPECIFIED., .F., .F.,
 ( 4, 1, 1, 1, 4 ),
 ( 0.000000000000000000, 0.2336755999538390194, 0.4674888856310830954, 0.7164998065456318344, 1.000000000000000000 ),
 .UNSPECIFIED. ) ;
#4018 = FACE_OUTER_BOUND ( 'NONE', #1275, .T. ) ;
#4019 = ORIENTED_EDGE ( 'NONE', *, *, #1327, .F. ) ;
#4020 = PERSON_AND_ORGANIZATION ( #1833, #1116 ) ;
#4021 = AXIS2_PLACEMENT_3D ( 'NONE', #5033, #293, #3955 ) ;
#4022 = VECTOR ( 'NONE', #3340, 1000.000000000000000 ) ;
#4023 = CARTESIAN_POINT ( 'NONE',  ( 26.05662824968335300, 60.86126327753767384, -16.10000000000000142 ) ) ;
#4024 = EDGE_LOOP ( 'NONE', ( #3538, #5233, #3731, #1541 ) ) ;
#4025 = CYLINDRICAL_SURFACE ( 'NONE', #4780, 51.50000000000000000 ) ;
#4026 = AXIS2_PLACEMENT_3D ( 'NONE', #5489, #1824, #3490 ) ;
#4027 = CARTESIAN_POINT ( 'NONE',  ( 63.69156675160945724, 60.81917863382957279, 7.500000000000000000 ) ) ;
#4028 = AXIS2_PLACEMENT_3D ( 'NONE', #2408, #6473, #2887 ) ;
#4029 = CARTESIAN_POINT ( 'NONE',  ( 32.43699128771915241, 46.60413937651448890, -16.09999999999999432 ) ) ;
#4030 = ORIENTED_EDGE ( 'NONE', *, *, #5519, .F. ) ;
#4031 = VECTOR ( 'NONE', #2858, 1000.000000000000114 ) ;
#4032 = EDGE_LOOP ( 'NONE', ( #4430, #995, #283, #3504 ) ) ;
#4033 = EDGE_CURVE ( 'NONE', #900, #1924, #5355, .T. ) ;
#4034 = CARTESIAN_POINT ( 'NONE',  ( 39.44491496589517254, 47.70812952668671869, -14.09999999999998010 ) ) ;
#4035 = VECTOR ( 'NONE', #5138, 1000.000000000000000 ) ;
#4036 = CARTESIAN_POINT ( 'NONE',  ( 63.44324085875231845, 56.90734827668671869, -16.09999999999999787 ) ) ;
#4037 = DIRECTION ( 'NONE',  ( -0.000000000000000000, -0.000000000000000000, 1.000000000000000000 ) ) ;
#4038 = CARTESIAN_POINT ( 'NONE',  ( 62.79250437975536414, 56.42466820338489697, -16.09999999999999432 ) ) ;
#4039 = CARTESIAN_POINT ( 'NONE',  ( 52.22732407154605738, 60.38364111526535538, -16.09999999999998721 ) ) ;
#4040 = VECTOR ( 'NONE', #3057, 1000.000000000000000 ) ;
#4041 = EDGE_CURVE ( 'NONE', #5529, #6494, #4140, .T. ) ;
#4042 = EDGE_CURVE ( 'NONE', #3298, #2019, #6434, .T. ) ;
#4043 = CARTESIAN_POINT ( 'NONE',  ( 39.26355335875231134, 61.57531702668671869, -16.09999999999999076 ) ) ;
#4044 = ORIENTED_EDGE ( 'NONE', *, *, #3587, .T. ) ;
#4045 = CARTESIAN_POINT ( 'NONE',  ( 69.72013979298822051, 61.28165405815338573, -14.09999999999999432 ) ) ;
#4046 = CARTESIAN_POINT ( 'NONE',  ( 57.61990152989377378, 61.29266403342483471, -14.09999999999996945 ) ) ;
#4047 = EDGE_LOOP ( 'NONE', ( #1527, #1066, #2578, #2236 ) ) ;
#4048 = CARTESIAN_POINT ( 'NONE',  ( 75.32382121589517965, 47.35377684811528809, 7.500000000000000000 ) ) ;
#4049 = ADVANCED_FACE ( 'NONE', ( #1790 ), #3864, .T. ) ;
#4050 = CARTESIAN_POINT ( 'NONE',  ( 43.85942212481219116, 46.88580859890556241, -16.10000000000000142 ) ) ;
#4051 = PLANE ( 'NONE',  #5974 ) ;
#4052 = CARTESIAN_POINT ( 'NONE',  ( 37.01187925160945724, 59.50779470525814929, 7.500000000000000000 ) ) ;
#4053 = DIRECTION ( 'NONE',  ( -0.000000000000000000, -0.000000000000000000, -1.000000000000000000 ) ) ;
#4054 = EDGE_LOOP ( 'NONE', ( #5742, #1816 ) ) ;
#4055 = CARTESIAN_POINT ( 'NONE',  ( 0.000000000000000000, 46.57531702668671869, -14.09999999999999432 ) ) ;
#4056 = PLANE ( 'NONE',  #4461 ) ;
#4057 = PLANE ( 'NONE',  #3684 ) ;
#4058 = LINE ( 'NONE', #1560, #5965 ) ;
#4059 = EDGE_LOOP ( 'NONE', ( #583, #2342, #924, #4936 ) ) ;
#4060 = CIRCLE ( 'NONE', #2869, 0.9000000000000119016 ) ;
#4061 = CARTESIAN_POINT ( 'NONE',  ( 39.88855335875231845, 60.71036166954387170, -14.09999999999997300 ) ) ;
#4062 = B_SPLINE_SURFACE_WITH_KNOTS ( 'NONE', 3, 1, ( 
 ( #5822, #1685 ),
 ( #582, #1554 ),
 ( #1613, #2611 ),
 ( #2175, #2712 ),
 ( #3121, #2643 ),
 ( #3664, #3220 ),
 ( #5725, #4784 ),
 ( #4685, #6338 ),
 ( #1168, #5287 ) ),
 .UNSPECIFIED., .F., .F., .F.,
 ( 4, 1, 1, 1, 1, 1, 4 ),
 ( 2, 2 ),
 ( 0.000000000000000000, 0.2067089010957227357, 0.4597951786394025575, 0.5947476787588045211, 0.7228465956166283402, 0.8577565441032175553, 0.9999999999999998890 ),
 ( 0.000000000000000000, 1.000000000000000000 ),
 .UNSPECIFIED. ) ;
#4063 = DIRECTION ( 'NONE',  ( -0.000000000000000000, -0.000000000000000000, -1.000000000000000000 ) ) ;
#4064 = ORIENTED_EDGE ( 'NONE', *, *, #233, .T. ) ;
#4065 = VECTOR ( 'NONE', #5021, 1000.000000000000000 ) ;
#4066 = CARTESIAN_POINT ( 'NONE',  ( 52.32681992518482161, 60.37655658031840034, -16.09999999999999787 ) ) ;
#4067 = VERTEX_POINT ( 'NONE', #6021 ) ;
#4068 = VERTEX_POINT ( 'NONE', #3322 ) ;
#4069 = CARTESIAN_POINT ( 'NONE',  ( 43.47114264446660314, 46.57531702668671869, -14.09999999999997300 ) ) ;
#4070 = VECTOR ( 'NONE', #959, 1000.000000000000000 ) ;
#4071 = PLANE ( 'NONE',  #4919 ) ;
#4072 = CARTESIAN_POINT ( 'NONE',  ( -7.603359077163180046, 15.38483491162445915, -14.09999999999999432 ) ) ;
#4073 = LINE ( 'NONE', #5079, #6447 ) ;
#4074 = EDGE_CURVE ( 'NONE', #2682, #5972, #5389, .T. ) ;
#4075 = CARTESIAN_POINT ( 'NONE',  ( 56.15654255804167150, 60.25940487334762707, -14.09999999999998721 ) ) ;
#4076 = ORIENTED_EDGE ( 'NONE', *, *, #1456, .F. ) ;
#4077 = CARTESIAN_POINT ( 'NONE',  ( 62.11511585875231845, 56.82643309811528809, -14.09999999999998010 ) ) ;
#4078 = ORIENTED_EDGE ( 'NONE', *, *, #4282, .T. ) ;
#4079 = CARTESIAN_POINT ( 'NONE',  ( 43.64257597075861383, 47.61817373417902388, -16.09999999999999787 ) ) ;
#4080 = DIRECTION ( 'NONE',  ( -0.000000000000000000, -0.000000000000000000, -1.000000000000000000 ) ) ;
#4081 = EDGE_CURVE ( 'NONE', #6687, #1319, #2431, .T. ) ;
#4082 = ORIENTED_EDGE ( 'NONE', *, *, #1252, .T. ) ;
#4083 = CARTESIAN_POINT ( 'NONE',  ( 52.99842878151299885, 53.00157121848699404, -6.099999999999997868 ) ) ;
#4084 = CARTESIAN_POINT ( 'NONE',  ( 35.71173958575848673, 61.54539464141767269, -14.09999999999998010 ) ) ;
#4085 = CARTESIAN_POINT ( 'NONE',  ( 75.27917835875231845, 46.85712506240100339, -14.09999999999998010 ) ) ;
#4086 = DIRECTION ( 'NONE',  ( 0.000000000000000000, 0.000000000000000000, -1.000000000000000000 ) ) ;
#4087 = EDGE_LOOP ( 'NONE', ( #952, #1422 ) ) ;
#4088 = EDGE_CURVE ( 'NONE', #6311, #6370, #883, .T. ) ;
#4089 = ADVANCED_FACE ( 'NONE', ( #3582 ), #6637, .F. ) ;
#4090 = LINE ( 'NONE', #1010, #4126 ) ;
#4091 = CARTESIAN_POINT ( 'NONE',  ( 27.26857568018088784, 60.36995988382957279, -14.09999999999998721 ) ) ;
#4092 = ORIENTED_EDGE ( 'NONE', *, *, #2172, .F. ) ;
#4093 = CARTESIAN_POINT ( 'NONE',  ( 104.4984287815129989, 53.00157121848699404, -167.7639969244287386 ) ) ;
#4094 = FACE_OUTER_BOUND ( 'NONE', #381, .T. ) ;
#4095 = ORIENTED_EDGE ( 'NONE', *, *, #4684, .T. ) ;
#4096 = EDGE_CURVE ( 'NONE', #674, #1274, #920, .T. ) ;
#4097 = CARTESIAN_POINT ( 'NONE',  ( 57.72046226605216646, 60.85476726807972625, -14.09999999999998010 ) ) ;
#4098 = ORIENTED_EDGE ( 'NONE', *, *, #6355, .T. ) ;
#4099 = ORIENTED_EDGE ( 'NONE', *, *, #1744, .F. ) ;
#4100 = CARTESIAN_POINT ( 'NONE',  ( 43.85942212481219116, 46.88580859890556241, -14.09999999999998010 ) ) ;
#4101 = B_SPLINE_CURVE_WITH_KNOTS ( 'NONE', 3,
 ( #2553, #4111, #6169, #2608, #5694, #1003, #3094 ),
 .UNSPECIFIED., .F., .F.,
 ( 4, 1, 1, 1, 4 ),
 ( 0.000000000000000000, 0.2170270573702704764, 0.4442759721777730930, 0.7020208026378519373, 1.000000000000000000 ),
 .UNSPECIFIED. ) ;
#4102 = CARTESIAN_POINT ( 'NONE',  ( 38.62002226264259974, 47.39117675095017290, -16.09999999999999076 ) ) ;
#4103 = DIRECTION ( 'NONE',  ( -0.000000000000000000, -0.000000000000000000, -1.000000000000000000 ) ) ;
#4104 = CARTESIAN_POINT ( 'NONE',  ( 75.27917835875231845, 46.85712506240100339, -14.09999999999998010 ) ) ;
#4105 = CARTESIAN_POINT ( 'NONE',  ( 56.28676247505608643, 60.31549808869674223, -14.09999999999998721 ) ) ;
#4106 = CARTESIAN_POINT ( 'NONE',  ( 51.56753528688566490, 60.40369277362127320, -14.09999999999998721 ) ) ;
#4107 = ORIENTED_EDGE ( 'NONE', *, *, #4042, .T. ) ;
#4108 = CARTESIAN_POINT ( 'NONE',  ( 70.94882654737253347, 60.88057748795399249, -16.09999999999999432 ) ) ;
#4109 = CARTESIAN_POINT ( 'NONE',  ( 57.11028625834182293, 61.57290903759179201, -14.09999999999996589 ) ) ;
#4110 = ORIENTED_EDGE ( 'NONE', *, *, #5836, .T. ) ;
#4111 = CARTESIAN_POINT ( 'NONE',  ( 38.57287158734785493, 47.10109782041629245, -16.09999999999999787 ) ) ;
#4112 = B_SPLINE_SURFACE_WITH_KNOTS ( 'NONE', 3, 1, ( 
 ( #1976, #5183 ),
 ( #6235, #1580 ),
 ( #6620, #3539 ),
 ( #5599, #935 ),
 ( #5252, #4713 ) ),
 .UNSPECIFIED., .F., .F., .F.,
 ( 4, 1, 4 ),
 ( 2, 2 ),
 ( 0.000000000000000000, 0.4906606431025513082, 1.000000000000000000 ),
 ( 0.000000000000000000, 1.000000000000000000 ),
 .UNSPECIFIED. ) ;
#4113 = EDGE_CURVE ( 'NONE', #4833, #3252, #3009, .T. ) ;
#4114 = CARTESIAN_POINT ( 'NONE',  ( 75.31382075277672072, 47.03661247152894731, -16.10000000000000142 ) ) ;
#4115 = DIRECTION ( 'NONE',  ( -0.000000000000000000, -0.000000000000000000, -1.000000000000000000 ) ) ;
#4116 = LINE ( 'NONE', #2046, #6117 ) ;
#4117 = ORIENTED_EDGE ( 'NONE', *, *, #6526, .F. ) ;
#4118 = CARTESIAN_POINT ( 'NONE',  ( 38.87013818018088784, 46.69529470525814929, 7.500000000000000000 ) ) ;
#4119 = DIRECTION ( 'NONE',  ( -0.000000000000000000, -0.000000000000000000, 1.000000000000000000 ) ) ;
#4120 = DIRECTION ( 'NONE',  ( -0.000000000000000000, -0.000000000000000000, -1.000000000000000000 ) ) ;
#4121 = ORIENTED_EDGE ( 'NONE', *, *, #2880, .T. ) ;
#4122 = EDGE_CURVE ( 'NONE', #2804, #4817, #2731, .T. ) ;
#4123 = CARTESIAN_POINT ( 'NONE',  ( 52.13891701802830880, 105.9528752296086651, -6.099999999999997868 ) ) ;
#4124 = ADVANCED_FACE ( 'NONE', ( #3520 ), #6185, .T. ) ;
#4125 = LINE ( 'NONE', #4027, #1423 ) ;
#4126 = VECTOR ( 'NONE', #3066, 1000.000000000000000 ) ;
#4127 = ORIENTED_EDGE ( 'NONE', *, *, #6310, .F. ) ;
#4128 = DIRECTION ( 'NONE',  ( 0.9573844850938605378, 0.2888164602330751674, -0.000000000000000000 ) ) ;
#4129 = ORIENTED_EDGE ( 'NONE', *, *, #4811, .T. ) ;
#4130 = VECTOR ( 'NONE', #2956, 1000.000000000000000 ) ;
#4131 = ORIENTED_EDGE ( 'NONE', *, *, #2160, .T. ) ;
#4132 = CARTESIAN_POINT ( 'NONE',  ( 43.47114264446660314, 46.57531702668671869, -16.09999999999999076 ) ) ;
#4133 = EDGE_CURVE ( 'NONE', #2337, #1353, #6735, .T. ) ;
#4134 = DIRECTION ( 'NONE',  ( 0.000000000000000000, 0.000000000000000000, -1.000000000000000000 ) ) ;
#4135 = FACE_OUTER_BOUND ( 'NONE', #4307, .T. ) ;
#4136 = VECTOR ( 'NONE', #53, 999.9999999999998863 ) ;
#4137 = FACE_OUTER_BOUND ( 'NONE', #1333, .T. ) ;
#4138 = VECTOR ( 'NONE', #2319, 1000.000000000000000 ) ;
#4139 = CARTESIAN_POINT ( 'NONE',  ( 41.83051764446660314, 48.17408934811528809, -16.09999999999999787 ) ) ;
#4140 = CIRCLE ( 'NONE', #3604, 2.956992594712500200 ) ;
#4141 = CARTESIAN_POINT ( 'NONE',  ( 38.62002226264259974, 47.39117675095017290, -16.09999999999998366 ) ) ;
#4142 = ORIENTED_EDGE ( 'NONE', *, *, #6309, .T. ) ;
#4143 = DIRECTION ( 'NONE',  ( -0.000000000000000000, -0.000000000000000000, -1.000000000000000000 ) ) ;
#4144 = CARTESIAN_POINT ( 'NONE',  ( 43.14647199968335656, 60.86126327753767384, -16.10000000000000142 ) ) ;
#4145 = VERTEX_POINT ( 'NONE', #2089 ) ;
#4146 = VECTOR ( 'NONE', #3933, 1000.000000000000000 ) ;
#4147 = CARTESIAN_POINT ( 'NONE',  ( 62.13743728732374194, 61.57252684811528809, -16.09999999999999787 ) ) ;
#4148 = LINE ( 'NONE', #4444, #91 ) ;
#4149 = CARTESIAN_POINT ( 'NONE',  ( 75.17781861010082878, 46.73037256951656104, -14.09999999999999432 ) ) ;
#4150 = DIRECTION ( 'NONE',  ( 0.8810130600499002096, 0.4730919445747421292, -0.000000000000000000 ) ) ;
#4151 = EDGE_LOOP ( 'NONE', ( #4921, #5556, #6220, #2552, #1046 ) ) ;
#4152 = ADVANCED_FACE ( 'NONE', ( #2531 ), #1989, .T. ) ;
#4153 = CARTESIAN_POINT ( 'NONE',  ( 62.13743728732374194, 61.57252684811528809, -14.09999999999998010 ) ) ;
#4154 = CARTESIAN_POINT ( 'NONE',  ( 29.43933460875231845, 59.99607595525814929, -16.09999999999999787 ) ) ;
#4155 = CARTESIAN_POINT ( 'NONE',  ( 66.03810693018088784, 49.33201345525814219, -14.09999999999998721 ) ) ;
#4156 = DIRECTION ( 'NONE',  ( -0.9504448598378766322, 0.3108931784516331120, 0.000000000000000000 ) ) ;
#4157 = EDGE_CURVE ( 'NONE', #2498, #4419, #6089, .T. ) ;
#4158 = CARTESIAN_POINT ( 'NONE',  ( 57.67154155373301450, 60.76551674293570215, -14.09999999999998010 ) ) ;
#4159 = EDGE_CURVE ( 'NONE', #4562, #6221, #5859, .T. ) ;
#4160 = VERTEX_POINT ( 'NONE', #1472 ) ;
#4161 = ORIENTED_EDGE ( 'NONE', *, *, #654, .F. ) ;
#4162 = CARTESIAN_POINT ( 'NONE',  ( 38.81433460875230423, 61.57531702668671159, 7.500000000000000000 ) ) ;
#4163 = VECTOR ( 'NONE', #4301, 1000.000000000000000 ) ;
#4164 = LINE ( 'NONE', #1049, #5136 ) ;
#4165 = PLANE ( 'NONE',  #6076 ) ;
#4166 = B_SPLINE_SURFACE_WITH_KNOTS ( 'NONE', 3, 1, ( 
 ( #6034, #2311 ),
 ( #5560, #6610 ),
 ( #1964, #4039 ),
 ( #895, #6103 ),
 ( #4543, #2477 ) ),
 .UNSPECIFIED., .F., .F., .F.,
 ( 4, 1, 4 ),
 ( 2, 2 ),
 ( 0.000000000000000000, 0.6097165098524741644, 0.9999999999999998890 ),
 ( 0.000000000000000000, 1.000000000000000000 ),
 .UNSPECIFIED. ) ;
#4167 = EDGE_CURVE ( 'NONE', #5449, #261, #434, .T. ) ;
#4168 = CARTESIAN_POINT ( 'NONE',  ( 57.03978103732374194, 61.57531702668671869, -14.09999999999999432 ) ) ;
#4169 = EDGE_CURVE ( 'NONE', #4418, #386, #4125, .T. ) ;
#4170 = VECTOR ( 'NONE', #6298, 1000.000000000000114 ) ;
#4171 = CARTESIAN_POINT ( 'NONE',  ( 38.57102532871969913, 47.18680691405206318, -14.09999999999999432 ) ) ;
#4172 = CARTESIAN_POINT ( 'NONE',  ( 26.54594101945656703, 61.54878410874777472, -14.09999999999996589 ) ) ;
#4173 = FACE_OUTER_BOUND ( 'NONE', #456, .T. ) ;
#4174 = ORIENTED_EDGE ( 'NONE', *, *, #824, .F. ) ;
#4175 = AXIS2_PLACEMENT_3D ( 'NONE', #4225, #2130, #4802 ) ;
#4176 = CARTESIAN_POINT ( 'NONE',  ( 71.01578550160945724, 60.85824113382957279, 7.500000000000000000 ) ) ;
#4177 = ORIENTED_EDGE ( 'NONE', *, *, #3964, .T. ) ;
#4178 = CARTESIAN_POINT ( 'NONE',  ( 26.15051141290486925, 60.68105338696633311, -14.09999999999998721 ) ) ;
#4179 = CARTESIAN_POINT ( 'NONE',  ( 43.28082554247790625, 61.38105942959558092, -16.09999999999999787 ) ) ;
#4180 = LINE ( 'NONE', #3769, #2305 ) ;
#4181 = DIRECTION ( 'NONE',  ( -0.4730919445747421292, 0.8810130600499002096, 0.000000000000000000 ) ) ;
#4182 = ORIENTED_EDGE ( 'NONE', *, *, #3572, .T. ) ;
#4183 = ORIENTED_EDGE ( 'NONE', *, *, #3880, .T. ) ;
#4184 = CARTESIAN_POINT ( 'NONE',  ( 53.04230130916199215, 0.04330999182739999481, -6.099999999999997868 ) ) ;
#4185 = CARTESIAN_POINT ( 'NONE',  ( 30.65864264446659959, 60.36995988382957279, -14.09999999999998010 ) ) ;
#4186 = CARTESIAN_POINT ( 'NONE',  ( 35.85314771496926056, 61.55214889759434271, -14.09999999999996945 ) ) ;
#4187 = CARTESIAN_POINT ( 'NONE',  ( 26.01730920287613102, -13.57136994043164435, -14.09999999999999432 ) ) ;
#4188 = LINE ( 'NONE', #4358, #6189 ) ;
#4189 = ORIENTED_EDGE ( 'NONE', *, *, #5896, .F. ) ;
#4190 = CARTESIAN_POINT ( 'NONE',  ( 74.14806622864190899, 51.65742118067171873, -14.09999999999998721 ) ) ;
#4191 = EDGE_LOOP ( 'NONE', ( #1393, #3496, #74, #135 ) ) ;
#4192 = VERTEX_POINT ( 'NONE', #5677 ) ;
#4193 = CARTESIAN_POINT ( 'NONE',  ( 31.30317389446661025, 60.73268309811529519, -16.09999999999999076 ) ) ;
#4194 = EDGE_CURVE ( 'NONE', #3103, #3133, #1533, .T. ) ;
#4195 = CARTESIAN_POINT ( 'NONE',  ( 39.42301514751959957, 60.38050143897078215, -14.09999999999998010 ) ) ;
#4196 = CARTESIAN_POINT ( 'NONE',  ( 32.11836448549863121, 46.79669347231399712, -14.09999999999996056 ) ) ;
#4197 = CARTESIAN_POINT ( 'NONE',  ( 39.90346906129732218, 60.75834674562596405, -16.10000000000000142 ) ) ;
#4198 = DIRECTION ( 'NONE',  ( -0.8938896758213662475, 0.4482870146011067591, 0.000000000000000000 ) ) ;
#4199 = EDGE_CURVE ( 'NONE', #4259, #6739, #5704, .T. ) ;
#4200 = CARTESIAN_POINT ( 'NONE',  ( 62.62878655617620893, 61.36261731289516064, -14.09999999999997300 ) ) ;
#4201 = EDGE_CURVE ( 'NONE', #6600, #6143, #949, .T. ) ;
#4202 = CARTESIAN_POINT ( 'NONE',  ( 63.44324085875231845, 56.90734827668671869, -14.09999999999998721 ) ) ;
#4203 = VERTEX_POINT ( 'NONE', #3102 ) ;
#4204 = CARTESIAN_POINT ( 'NONE',  ( 48.39580782303802664, 61.27397774097242689, -16.09999999999999787 ) ) ;
#4205 = ORIENTED_EDGE ( 'NONE', *, *, #5239, .T. ) ;
#4206 = LINE ( 'NONE', #3840, #4446 ) ;
#4207 = DIRECTION ( 'NONE',  ( -0.8647889466100778799, 0.5021355173865237331, 0.000000000000000000 ) ) ;
#4208 = ORIENTED_EDGE ( 'NONE', *, *, #1919, .F. ) ;
#4209 = CARTESIAN_POINT ( 'NONE',  ( 74.12202644789633155, 46.77561710835419717, -14.09999999999996945 ) ) ;
#4210 = ORIENTED_EDGE ( 'NONE', *, *, #1070, .T. ) ;
#4211 = CARTESIAN_POINT ( 'NONE',  ( 72.51411139446661025, 59.38223666954386459, 7.500000000000000000 ) ) ;
#4212 = ORIENTED_EDGE ( 'NONE', *, *, #2872, .T. ) ;
#4213 = ORIENTED_EDGE ( 'NONE', *, *, #3706, .T. ) ;
#4214 = DIRECTION ( 'NONE',  ( -0.3035347156267031443, -0.9528203799297202403, 0.000000000000000000 ) ) ;
#4215 = LINE ( 'NONE', #5731, #1610 ) ;
#4216 = DIRECTION ( 'NONE',  ( -0.7090920949651233762, -0.7051158776101785763, 0.000000000000000000 ) ) ;
#4217 = DIRECTION ( 'NONE',  ( -1.000000000000000000, 0.000000000000000000, 0.000000000000000000 ) ) ;
#4218 = CARTESIAN_POINT ( 'NONE',  ( 43.64257597075861383, 47.61817373417902388, -14.09999999999996945 ) ) ;
#4219 = CARTESIAN_POINT ( 'NONE',  ( 74.08219175160945724, 51.66181256240100339, -14.09999999999998010 ) ) ;
#4220 = ORIENTED_EDGE ( 'NONE', *, *, #5020, .T. ) ;
#4221 = ORIENTED_EDGE ( 'NONE', *, *, #5576, .T. ) ;
#4222 = LINE ( 'NONE', #1594, #3925 ) ;
#4223 = AXIS2_PLACEMENT_3D ( 'NONE', #1539, #1591, #6188 ) ;
#4224 = CARTESIAN_POINT ( 'NONE',  ( 39.85241141925833830, 60.65826374572937851, -16.09999999999999432 ) ) ;
#4225 = CARTESIAN_POINT ( 'NONE',  ( 61.44826318018088784, 61.17632149097243399, 7.500000000000000000 ) ) ;
#4226 = CARTESIAN_POINT ( 'NONE',  ( 70.42426764446661025, 53.94696881240100339, 7.500000000000000000 ) ) ;
#4227 = VECTOR ( 'NONE', #6667, 1000.000000000000000 ) ;
#4228 = AXIS2_PLACEMENT_3D ( 'NONE', #6177, #915, #1528 ) ;
#4229 = EDGE_CURVE ( 'NONE', #3620, #3868, #2025, .T. ) ;
#4230 = DIRECTION ( 'NONE',  ( -0.000000000000000000, -0.000000000000000000, -1.000000000000000000 ) ) ;
#4231 = CARTESIAN_POINT ( 'NONE',  ( 39.44491496589517254, 47.70812952668671869, -14.09999999999996945 ) ) ;
#4232 = VECTOR ( 'NONE', #5954, 1000.000000000000000 ) ;
#4233 = CARTESIAN_POINT ( 'NONE',  ( 63.37448502409612416, 56.69237379460889770, -14.09999999999998721 ) ) ;
#4234 = ORIENTED_EDGE ( 'NONE', *, *, #6643, .T. ) ;
#4235 = VECTOR ( 'NONE', #936, 1000.000000000000000 ) ;
#4236 = CARTESIAN_POINT ( 'NONE',  ( 26.51243728732374194, 60.42018309811528809, -14.09999999999997300 ) ) ;
#4237 = CARTESIAN_POINT ( 'NONE',  ( 53.04230130916199215, 0.04330999182739999481, -1.599999999999998979 ) ) ;
#4238 = VERTEX_POINT ( 'NONE', #4530 ) ;
#4239 = ADVANCED_FACE ( 'NONE', ( #4094 ), #3070, .T. ) ;
#4240 = ORIENTED_EDGE ( 'NONE', *, *, #3448, .F. ) ;
#4241 = FACE_OUTER_BOUND ( 'NONE', #4087, .T. ) ;
#4242 = ADVANCED_FACE ( 'NONE', ( #6244 ), #5232, .F. ) ;
#4243 = VECTOR ( 'NONE', #1014, 1000.000000000000000 ) ;
#4244 = VECTOR ( 'NONE', #2690, 1000.000000000000000 ) ;
#4245 = CARTESIAN_POINT ( 'NONE',  ( 55.63099491661835572, 56.99737023035958572, -14.09999999999999432 ) ) ;
#4246 = EDGE_LOOP ( 'NONE', ( #4309, #617, #4240, #4937 ) ) ;
#4247 = CARTESIAN_POINT ( 'NONE',  ( 63.44324085875231845, 0.000000000000000000, -14.09999999999999432 ) ) ;
#4248 = VECTOR ( 'NONE', #5298, 1000.000000000000000 ) ;
#4249 = LINE ( 'NONE', #6371, #4273 ) ;
#4250 = VERTEX_POINT ( 'NONE', #152 ) ;
#4251 = ORIENTED_EDGE ( 'NONE', *, *, #992, .T. ) ;
#4252 = DIRECTION ( 'NONE',  ( 0.9521008431123272331, 0.3057842123864404349, 0.000000000000000000 ) ) ;
#4253 = CARTESIAN_POINT ( 'NONE',  ( 62.11511585875231845, 56.82643309811528809, -14.09999999999997300 ) ) ;
#4254 = CARTESIAN_POINT ( 'NONE',  ( 43.67554385380315551, 60.40633410964733230, -14.09999999999999076 ) ) ;
#4255 = EDGE_CURVE ( 'NONE', #5867, #1315, #14, .T. ) ;
#4256 = AXIS2_PLACEMENT_3D ( 'NONE', #3245, #5317, #5691 ) ;
#4257 = CARTESIAN_POINT ( 'NONE',  ( 52.18015061528814158, 60.37514195945000495, -14.09999999999998721 ) ) ;
#4258 = DIRECTION ( 'NONE',  ( 0.000000000000000000, -0.000000000000000000, 1.000000000000000000 ) ) ;
#4259 = VERTEX_POINT ( 'NONE', #2688 ) ;
#4260 = DIRECTION ( 'NONE',  ( -0.000000000000000000, -0.000000000000000000, -1.000000000000000000 ) ) ;
#4261 = VERTEX_POINT ( 'NONE', #2256 ) ;
#4262 = ORIENTED_EDGE ( 'NONE', *, *, #6689, .F. ) ;
#4263 = CARTESIAN_POINT ( 'NONE',  ( 56.10228103732374194, 60.23603131240100339, -16.09999999999999076 ) ) ;
#4264 = CARTESIAN_POINT ( 'NONE',  ( 38.62117511719885243, 60.32805604176068215, -16.09999999999998721 ) ) ;
#4265 = CARTESIAN_POINT ( 'NONE',  ( 53.03888764915900111, 105.9601459312399925, -24.09999999999999787 ) ) ;
#4266 = CARTESIAN_POINT ( 'NONE',  ( 73.03587478732374905, 47.28123220525814219, -16.09999999999999787 ) ) ;
#4267 = VECTOR ( 'NONE', #3455, 1000.000000000000227 ) ;
#4268 = CARTESIAN_POINT ( 'NONE',  ( 52.99842878151299885, 53.00157121848699404, -6.099999999999997868 ) ) ;
#4269 = CARTESIAN_POINT ( 'NONE',  ( 48.11139894770033720, 61.54218813148447254, -14.09999999999996945 ) ) ;
#4270 = EDGE_LOOP ( 'NONE', ( #2693, #6335, #3965, #6614 ) ) ;
#4271 = EDGE_CURVE ( 'NONE', #1564, #2371, #3750, .T. ) ;
#4272 = LINE ( 'NONE', #2706, #351 ) ;
#4273 = VECTOR ( 'NONE', #41, 1000.000000000000114 ) ;
#4274 = ORIENTED_EDGE ( 'NONE', *, *, #1033, .T. ) ;
#4275 = ORIENTED_EDGE ( 'NONE', *, *, #1202, .F. ) ;
#4276 = CARTESIAN_POINT ( 'NONE',  ( 57.67154155378376856, 60.76551674290719518, -14.09999999999996945 ) ) ;
#4277 = CARTESIAN_POINT ( 'NONE',  ( 63.22560693018089495, 60.24719202668671159, -16.09999999999999787 ) ) ;
#4278 = ORIENTED_EDGE ( 'NONE', *, *, #5375, .T. ) ;
#4279 = VECTOR ( 'NONE', #3837, 1000.000000000000000 ) ;
#4280 = CARTESIAN_POINT ( 'NONE',  ( 105.9601459312399925, 53.03888764915900111, -6.099999999999997868 ) ) ;
#4281 = ORIENTED_EDGE ( 'NONE', *, *, #4404, .F. ) ;
#4282 = EDGE_CURVE ( 'NONE', #1212, #4760, #594, .T. ) ;
#4283 = CARTESIAN_POINT ( 'NONE',  ( 52.99842878151299885, 53.00157121848699404, -14.10000000000000142 ) ) ;
#4284 = ORIENTED_EDGE ( 'NONE', *, *, #1563, .F. ) ;
#4285 = EDGE_LOOP ( 'NONE', ( #3489, #744, #5875, #3232 ) ) ;
#4286 = CARTESIAN_POINT ( 'NONE',  ( 70.50239264446659604, 57.72487059811528809, -14.09999999999998721 ) ) ;
#4287 = CARTESIAN_POINT ( 'NONE',  ( 62.13875949603951199, 56.72622945712951292, -14.09999999999997655 ) ) ;
#4288 = DIRECTION ( 'NONE',  ( -1.000000000000000000, 0.000000000000000000, 0.000000000000000000 ) ) ;
#4289 = CARTESIAN_POINT ( 'NONE',  ( 46.55708014446660314, 59.99886613382957989, -16.09999999999999787 ) ) ;
#4290 = ADVANCED_FACE ( 'NONE', ( #4320 ), #3713, .T. ) ;
#4291 = EDGE_CURVE ( 'NONE', #4912, #2328, #1182, .T. ) ;
#4292 = CARTESIAN_POINT ( 'NONE',  ( 57.57840906264178926, 55.42996096328872824, -14.09999999999999432 ) ) ;
#4293 = ORIENTED_EDGE ( 'NONE', *, *, #4661, .F. ) ;
#4294 = ORIENTED_EDGE ( 'NONE', *, *, #2630, .F. ) ;
#4295 = CARTESIAN_POINT ( 'NONE',  ( 50.08639393572589427, 0.1234149532887765521, -24.09999999999999787 ) ) ;
#4296 = DIRECTION ( 'NONE',  ( -0.000000000000000000, -0.000000000000000000, -1.000000000000000000 ) ) ;
#4297 = DIRECTION ( 'NONE',  ( -0.6606278948920230043, -0.7507135169227566740, 0.000000000000000000 ) ) ;
#4298 = CARTESIAN_POINT ( 'NONE',  ( 0.000000000000000000, 46.57531702668671869, -14.09999999999999432 ) ) ;
#4299 = CARTESIAN_POINT ( 'NONE',  ( 31.33679006481392904, 60.85151876839533003, -14.09999999999998721 ) ) ;
#4300 = CARTESIAN_POINT ( 'NONE',  ( 43.72504889446660314, 61.57531702668671869, -14.09999999999997655 ) ) ;
#4301 = DIRECTION ( 'NONE',  ( 0.7372964715614536146, 0.6755693251051521075, 0.000000000000000000 ) ) ;
#4302 = EDGE_LOOP ( 'NONE', ( #1362, #4476, #5835, #123 ) ) ;
#4303 = LINE ( 'NONE', #6364, #4600 ) ;
#4304 = VERTEX_POINT ( 'NONE', #6380 ) ;
#4305 = CARTESIAN_POINT ( 'NONE',  ( 57.74023484936051887, 60.94430802759647037, -14.09999999999997300 ) ) ;
#4306 = CARTESIAN_POINT ( 'NONE',  ( 75.04614544607878202, 46.64054452537614281, -14.09999999999997300 ) ) ;
#4307 = EDGE_LOOP ( 'NONE', ( #4630, #3145, #1953, #745 ) ) ;
#4308 = CARTESIAN_POINT ( 'NONE',  ( 74.33987534269266462, 46.62487989388291965, -14.09999999999997300 ) ) ;
#4309 = ORIENTED_EDGE ( 'NONE', *, *, #1499, .T. ) ;
#4310 = CARTESIAN_POINT ( 'NONE',  ( 62.13743728732374194, 61.57252684811528809, -16.09999999999999787 ) ) ;
#4311 = ORIENTED_EDGE ( 'NONE', *, *, #4423, .T. ) ;
#4312 = ORIENTED_EDGE ( 'NONE', *, *, #4449, .F. ) ;
#4313 = DIRECTION ( 'NONE',  ( 0.3057842123864404349, -0.9521008431123272331, 0.000000000000000000 ) ) ;
#4314 = CARTESIAN_POINT ( 'NONE',  ( 62.32173002425572150, 56.57269382623360343, -16.09999999999999787 ) ) ;
#4315 = CARTESIAN_POINT ( 'NONE',  ( 43.13413819116905046, 60.98931422084856990, -14.09999999999997300 ) ) ;
#4316 = CARTESIAN_POINT ( 'NONE',  ( 57.41366496589517254, 47.31192416954386459, -16.09999999999999787 ) ) ;
#4317 = EDGE_CURVE ( 'NONE', #3251, #551, #3077, .T. ) ;
#4318 = CARTESIAN_POINT ( 'NONE',  ( 57.58107568018088784, 54.14228131240100339, 7.500000000000000000 ) ) ;
#4319 = CARTESIAN_POINT ( 'NONE',  ( 26.15051141290486925, 60.68105338696633311, -16.09999999999998721 ) ) ;
#4320 = FACE_OUTER_BOUND ( 'NONE', #4270, .T. ) ;
#4321 = ORIENTED_EDGE ( 'NONE', *, *, #4646, .F. ) ;
#4322 = LINE ( 'NONE', #3782, #2829 ) ;
#4323 = ORIENTED_EDGE ( 'NONE', *, *, #4943, .T. ) ;
#4324 = ADVANCED_FACE ( 'NONE', ( #5771 ), #4485, .T. ) ;
#4325 = EDGE_CURVE ( 'NONE', #3758, #3924, #3231, .T. ) ;
#4326 = EDGE_LOOP ( 'NONE', ( #4916, #49, #1206, #5575 ) ) ;
#4327 = DIRECTION ( 'NONE',  ( -0.000000000000000000, -0.000000000000000000, 1.000000000000000000 ) ) ;
#4328 = CARTESIAN_POINT ( 'NONE',  ( 69.14080836463045898, 61.46378346349150235, -16.09999999999999432 ) ) ;
#4329 = DATE_TIME_ROLE ( 'creation_date' ) ;
#4330 = CARTESIAN_POINT ( 'NONE',  ( 56.53357820826649771, 60.35379301899976667, -16.09999999999999432 ) ) ;
#4331 = CARTESIAN_POINT ( 'NONE',  ( 53.04230130916199215, 0.04330999182739999481, -6.099999999999997868 ) ) ;
#4332 = CARTESIAN_POINT ( 'NONE',  ( 53.04230130916199215, 0.04330999182739999481, -1.599999999999998979 ) ) ;
#4333 = DIRECTION ( 'NONE',  ( 0.2973836590439026262, -0.9547580632462131511, 0.000000000000000000 ) ) ;
#4334 = ORIENTED_EDGE ( 'NONE', *, *, #1327, .T. ) ;
#4335 = DIRECTION ( 'NONE',  ( -0.9036015032728711427, 0.4283740459960283520, 0.000000000000000000 ) ) ;
#4336 = LINE ( 'NONE', #1758, #4279 ) ;
#4337 = AXIS2_PLACEMENT_3D ( 'NONE', #148, #1218, #6376 ) ;
#4338 = EDGE_LOOP ( 'NONE', ( #2986, #2479, #6343, #502, #5259, #5794, #6726, #4506, #393, #2482, #2943, #5131, #2195 ) ) ;
#4339 = CARTESIAN_POINT ( 'NONE',  ( 57.71151487712035788, 61.07097895026998913, -14.09999999999996945 ) ) ;
#4340 = VECTOR ( 'NONE', #1542, 1000.000000000000000 ) ;
#4341 = CIRCLE ( 'NONE', #863, 2.956992594712494871 ) ;
#4342 = CARTESIAN_POINT ( 'NONE',  ( 57.26977341624234441, 60.39597410552483581, -14.09999999999998366 ) ) ;
#4343 = ORIENTED_EDGE ( 'NONE', *, *, #533, .F. ) ;
#4344 = DIRECTION ( 'NONE',  ( -0.000000000000000000, -0.000000000000000000, -1.000000000000000000 ) ) ;
#4345 = ORIENTED_EDGE ( 'NONE', *, *, #4194, .F. ) ;
#4346 = CARTESIAN_POINT ( 'NONE',  ( 0.000000000000000000, 0.000000000000000000, -1.599999999999998979 ) ) ;
#4347 = ORIENTED_EDGE ( 'NONE', *, *, #142, .T. ) ;
#4348 = DIRECTION ( 'NONE',  ( -0.8944271909999158554, 0.4472135954999579277, 0.000000000000000000 ) ) ;
#4349 = VECTOR ( 'NONE', #4327, 1000.000000000000000 ) ;
#4350 = AXIS2_PLACEMENT_3D ( 'NONE', #4766, #604, #1597 ) ;
#4351 = B_SPLINE_CURVE_WITH_KNOTS ( 'NONE', 3,
 ( #2458, #3921, #814, #3378, #5983, #5944, #2906 ),
 .UNSPECIFIED., .F., .F.,
 ( 4, 1, 1, 1, 4 ),
 ( 0.000000000000000000, 0.3216803582967180386, 0.5953285353019579507, 0.8220998079098631450, 1.000000000000000000 ),
 .UNSPECIFIED. ) ;
#4352 = CARTESIAN_POINT ( 'NONE',  ( 0.000000000000000000, 61.57531702668671869, -14.09999999999999432 ) ) ;
#4353 = LINE ( 'NONE', #5831, #748 ) ;
#4354 = LINE ( 'NONE', #2761, #1306 ) ;
#4355 = DIRECTION ( 'NONE',  ( -0.8950331698085474130, 0.4459995795317118206, 0.000000000000000000 ) ) ;
#4356 = DIRECTION ( 'NONE',  ( 0.2586434078850006757, -0.9659728710256997308, 0.000000000000000000 ) ) ;
#4357 = VECTOR ( 'NONE', #6595, 1000.000000000000000 ) ;
#4358 = CARTESIAN_POINT ( 'NONE',  ( 39.94156675160945724, 60.96147774097243399, 7.500000000000000000 ) ) ;
#4359 = VERTEX_POINT ( 'NONE', #2120 ) ;
#4360 = EDGE_CURVE ( 'NONE', #1039, #2260, #4188, .T. ) ;
#4361 = DIRECTION ( 'NONE',  ( -0.3196861827157877478, -0.9475234796988453168, 0.000000000000000000 ) ) ;
#4362 = ORIENTED_EDGE ( 'NONE', *, *, #518, .F. ) ;
#4363 = VECTOR ( 'NONE', #5573, 1000.000000000000000 ) ;
#4364 = VERTEX_POINT ( 'NONE', #5943 ) ;
#4365 = CARTESIAN_POINT ( 'NONE',  ( 72.62576864645842534, 56.94920066622695032, -14.09999999999997300 ) ) ;
#4366 = CARTESIAN_POINT ( 'NONE',  ( 47.95774978732374194, 61.57531702668671869, 7.500000000000000000 ) ) ;
#4367 = ADVANCED_FACE ( 'NONE', ( #4898 ), #1050, .T. ) ;
#4368 = EDGE_CURVE ( 'NONE', #782, #2114, #290, .T. ) ;
#4369 = DIRECTION ( 'NONE',  ( -1.000000000000000000, 0.000000000000000000, -0.000000000000000000 ) ) ;
#4370 = LINE ( 'NONE', #6431, #86 ) ;
#4371 = CARTESIAN_POINT ( 'NONE',  ( 43.28082554247790625, 61.38105942959558092, -14.09999999999998721 ) ) ;
#4372 = CARTESIAN_POINT ( 'NONE',  ( 31.33178489575999492, 61.04761095196477783, -16.10000000000000142 ) ) ;
#4373 = ORIENTED_EDGE ( 'NONE', *, *, #5072, .T. ) ;
#4374 = EDGE_CURVE ( 'NONE', #3689, #4261, #5447, .T. ) ;
#4375 = EDGE_CURVE ( 'NONE', #5465, #5757, #2904, .T. ) ;
#4376 = CARTESIAN_POINT ( 'NONE',  ( 49.36216448721370398, 49.85211152927023193, -14.09999999999999432 ) ) ;
#4377 = ORIENTED_EDGE ( 'NONE', *, *, #6696, .F. ) ;
#4378 = ORIENTED_EDGE ( 'NONE', *, *, #306, .F. ) ;
#4379 = CARTESIAN_POINT ( 'NONE',  ( 31.98183233985645657, -16.57981676542151206, -14.09999999999999432 ) ) ;
#4380 = DIRECTION ( 'NONE',  ( 0.000000000000000000, 0.000000000000000000, -1.000000000000000000 ) ) ;
#4381 = DIRECTION ( 'NONE',  ( -0.7051158776101786874, 0.7090920949651234872, 0.000000000000000000 ) ) ;
#4382 = CARTESIAN_POINT ( 'NONE',  ( 72.64314601042094921, 59.00556544768508616, -16.10000000000000142 ) ) ;
#4383 = AXIS2_PLACEMENT_3D ( 'NONE', #6744, #5685, #504 ) ;
#4384 = LINE ( 'NONE', #352, #1892 ) ;
#4385 = ORIENTED_EDGE ( 'NONE', *, *, #2760, .F. ) ;
#4386 = CARTESIAN_POINT ( 'NONE',  ( 62.84423064905504930, 56.41873604018581290, -16.09999999999999787 ) ) ;
#4387 = CARTESIAN_POINT ( 'NONE',  ( 62.58834490382754723, 56.48086975402811305, -14.09999999999997300 ) ) ;
#4388 = CARTESIAN_POINT ( 'NONE',  ( 40.44379889446660314, 48.03179024097243399, -14.09999999999998010 ) ) ;
#4389 = VECTOR ( 'NONE', #3123, 1000.000000000000000 ) ;
#4390 = CARTESIAN_POINT ( 'NONE',  ( 24.95419597959552860, 74.86258793878660356, -14.09999999999999432 ) ) ;
#4391 = CARTESIAN_POINT ( 'NONE',  ( 52.18015061528814158, 60.37514195945000495, -16.09999999999999432 ) ) ;
#4392 = CARTESIAN_POINT ( 'NONE',  ( 51.10550413295052152, 60.71439353680205642, -16.09999999999997655 ) ) ;
#4393 = CARTESIAN_POINT ( 'NONE',  ( 51.07085395105370651, 61.10680505308197752, -14.09999999999999076 ) ) ;
#4394 = CIRCLE ( 'NONE', #467, 0.8999999999999992450 ) ;
#4395 = PLANE ( 'NONE',  #1727 ) ;
#4396 = ORIENTED_EDGE ( 'NONE', *, *, #1415, .T. ) ;
#4397 = VERTEX_POINT ( 'NONE', #5506 ) ;
#4398 = EDGE_CURVE ( 'NONE', #4595, #4689, #2870, .T. ) ;
#4399 = CARTESIAN_POINT ( 'NONE',  ( 53.04230130916199215, 0.04330999182739999481, -24.09999999999999787 ) ) ;
#4400 = CARTESIAN_POINT ( 'NONE',  ( 70.34200812802065172, 61.07738045815271022, -16.09999999999999432 ) ) ;
#4401 = PLANE ( 'NONE',  #1741 ) ;
#4402 = CARTESIAN_POINT ( 'NONE',  ( 57.41366496589517254, 47.31192416954386459, -14.09999999999998721 ) ) ;
#4403 = ORIENTED_EDGE ( 'NONE', *, *, #2748, .F. ) ;
#4404 = EDGE_CURVE ( 'NONE', #2755, #3445, #2191, .T. ) ;
#4405 = CARTESIAN_POINT ( 'NONE',  ( 0.04330999182739999481, 52.95769869083799364, -6.099999999999997868 ) ) ;
#4406 = LINE ( 'NONE', #6471, #2212 ) ;
#4407 = VERTEX_POINT ( 'NONE', #2423 ) ;
#4408 = PLANE ( 'NONE',  #4028 ) ;
#4409 = DIRECTION ( 'NONE',  ( -0.9569907683212652838, -0.2901183712691673966, 0.000000000000000000 ) ) ;
#4410 = ORIENTED_EDGE ( 'NONE', *, *, #1643, .F. ) ;
#4411 = CARTESIAN_POINT ( 'NONE',  ( 73.46013757566188929, 51.47508221046921761, -14.09999999999997300 ) ) ;
#4412 = ADVANCED_FACE ( 'NONE', ( #5913 ), #1289, .T. ) ;
#4413 = EDGE_CURVE ( 'NONE', #1131, #2704, #259, .T. ) ;
#4414 = CARTESIAN_POINT ( 'NONE',  ( 39.84898277564347779, 61.29980163667103454, -14.09999999999996945 ) ) ;
#4415 = ORIENTED_EDGE ( 'NONE', *, *, #3507, .F. ) ;
#4416 = CARTESIAN_POINT ( 'NONE',  ( 72.63417266813976880, 58.12014530828189152, -16.09999999999999787 ) ) ;
#4417 = CARTESIAN_POINT ( 'NONE',  ( 75.27917835875231845, 46.85712506240100339, -16.09999999999999787 ) ) ;
#4418 = VERTEX_POINT ( 'NONE', #1909 ) ;
#4419 = VERTEX_POINT ( 'NONE', #6492 ) ;
#4420 = CARTESIAN_POINT ( 'NONE',  ( 41.83051764446660314, 48.17408934811528809, -16.09999999999999787 ) ) ;
#4421 = CARTESIAN_POINT ( 'NONE',  ( 43.72504889446660314, 61.57531702668671869, -16.09999999999999787 ) ) ;
#4422 = CARTESIAN_POINT ( 'NONE',  ( 66.54591943018088784, 48.36661166954386459, -16.09999999999999787 ) ) ;
#4423 = EDGE_CURVE ( 'NONE', #1097, #70, #1391, .T. ) ;
#4424 = CARTESIAN_POINT ( 'NONE',  ( -14.67966304546449052, 31.01492718628220047, -14.09999999999999432 ) ) ;
#4425 = B_SPLINE_CURVE_WITH_KNOTS ( 'NONE', 3,
 ( #4153, #431, #3161, #2587, #9, #2021, #3577 ),
 .UNSPECIFIED., .F., .F.,
 ( 4, 1, 1, 1, 4 ),
 ( 0.000000000000000000, 0.2919549195686680920, 0.5456857322257750997, 0.7775984603223666802, 1.000000000000000000 ),
 .UNSPECIFIED. ) ;
#4426 = CARTESIAN_POINT ( 'NONE',  ( 26.30882067721539030, 60.53158347776597026, -14.09999999999997300 ) ) ;
#4427 = DIRECTION ( 'NONE',  ( -1.000000000000000000, -1.963341769863017966E-13, 0.000000000000000000 ) ) ;
#4428 = B_SPLINE_CURVE_WITH_KNOTS ( 'NONE', 3,
 ( #2897, #2927, #1872, #5436, #2352, #2417, #4417 ),
 .UNSPECIFIED., .F., .F.,
 ( 4, 1, 1, 1, 4 ),
 ( 0.000000000000000000, 0.2529665494731413999, 0.4931748093182236614, 0.7404953766132241766, 1.000000000000000000 ),
 .UNSPECIFIED. ) ;
#4429 = DIRECTION ( 'NONE',  ( 0.8836203781532396828, -0.4682040445279447294, 0.000000000000000000 ) ) ;
#4430 = ORIENTED_EDGE ( 'NONE', *, *, #3166, .T. ) ;
#4431 = FACE_OUTER_BOUND ( 'NONE', #6475, .T. ) ;
#4432 = ORIENTED_EDGE ( 'NONE', *, *, #4002, .T. ) ;
#4433 = CARTESIAN_POINT ( 'NONE',  ( 72.62571853732374905, 56.88223666954385749, -16.09999999999999076 ) ) ;
#4434 = LINE ( 'NONE', #4801, #4806 ) ;
#4435 = FACE_OUTER_BOUND ( 'NONE', #4709, .T. ) ;
#4436 = LINE ( 'NONE', #336, #522 ) ;
#4437 = CARTESIAN_POINT ( 'NONE',  ( 53.93888764915899969, 105.9601459312399925, -6.099999999999997868 ) ) ;
#4438 = ORIENTED_EDGE ( 'NONE', *, *, #4113, .F. ) ;
#4439 = CARTESIAN_POINT ( 'NONE',  ( 48.39011253537707091, 60.67670038691746015, -14.09999999999997655 ) ) ;
#4440 = EDGE_CURVE ( 'NONE', #3252, #904, #6012, .T. ) ;
#4441 = ORIENTED_EDGE ( 'NONE', *, *, #4096, .F. ) ;
#4442 = CARTESIAN_POINT ( 'NONE',  ( 45.18710246589517965, 59.95980363382957989, -16.09999999999999787 ) ) ;
#4443 = B_SPLINE_SURFACE_WITH_KNOTS ( 'NONE', 3, 1, ( 
 ( #1154, #1673 ),
 ( #1123, #2697 ),
 ( #4196, #3756 ),
 ( #56, #92 ),
 ( #541, #1596 ),
 ( #3681, #1023 ),
 ( #5812, #3109 ) ),
 .UNSPECIFIED., .F., .F., .F.,
 ( 4, 1, 1, 1, 4 ),
 ( 2, 2 ),
 ( 0.000000000000000000, 0.2422568541122011310, 0.4780042978743958004, 0.7266281105510933314, 1.000000000000000000 ),
 ( 0.000000000000000000, 1.000000000000000000 ),
 .UNSPECIFIED. ) ;
#4444 = CARTESIAN_POINT ( 'NONE',  ( 66.13018282303804085, 54.81750452668671869, -16.09999999999999787 ) ) ;
#4445 = ORIENTED_EDGE ( 'NONE', *, *, #2454, .T. ) ;
#4446 = VECTOR ( 'NONE', #1683, 1000.000000000000000 ) ;
#4447 = CARTESIAN_POINT ( 'NONE',  ( 72.62587443240941809, 57.09056910366901860, -16.09999999999999787 ) ) ;
#4448 = CARTESIAN_POINT ( 'NONE',  ( 48.58740567540692723, 48.77874423345995325, -14.09999999999997655 ) ) ;
#4449 = EDGE_CURVE ( 'NONE', #5126, #3904, #2194, .T. ) ;
#4450 = ADVANCED_FACE ( 'NONE', ( #426 ), #6173, .T. ) ;
#4451 = ORIENTED_EDGE ( 'NONE', *, *, #5733, .F. ) ;
#4452 = CARTESIAN_POINT ( 'NONE',  ( 63.89524978732374905, 51.84596434811528809, -16.09999999999999787 ) ) ;
#4453 = VECTOR ( 'NONE', #1098, 1000.000000000000000 ) ;
#4454 = CARTESIAN_POINT ( 'NONE',  ( 50.43458066772974746, 47.20889847557580055, -14.09999999999996945 ) ) ;
#4455 = CARTESIAN_POINT ( 'NONE',  ( 43.89524978732374194, 47.05243756240100339, -14.09999999999998010 ) ) ;
#4456 = PLANE ( 'NONE',  #638 ) ;
#4457 = CARTESIAN_POINT ( 'NONE',  ( 51.95328550160945724, 60.36995988382957279, -14.09999999999996589 ) ) ;
#4458 = CIRCLE ( 'NONE', #1521, 2.956992594712494871 ) ;
#4459 = CARTESIAN_POINT ( 'NONE',  ( 51.05484800160946435, 60.98379916954385749, -14.09999999999998010 ) ) ;
#4460 = VERTEX_POINT ( 'NONE', #940 ) ;
#4461 = AXIS2_PLACEMENT_3D ( 'NONE', #2146, #5829, #4214 ) ;
#4462 = ADVANCED_FACE ( 'NONE', ( #1007 ), #973, .T. ) ;
#4463 = CARTESIAN_POINT ( 'NONE',  ( 30.65864264446659959, 60.36995988382957279, -16.09999999999999787 ) ) ;
#4464 = ORIENTED_EDGE ( 'NONE', *, *, #4532, .F. ) ;
#4465 = AXIS2_PLACEMENT_3D ( 'NONE', #1208, #5364, #248 ) ;
#4466 = CARTESIAN_POINT ( 'NONE',  ( 75.30552894238962836, 46.93142720985955663, -14.09999999999996945 ) ) ;
#4467 = DIRECTION ( 'NONE',  ( -1.000000000000000000, 0.000000000000000000, 0.000000000000000000 ) ) ;
#4468 = AXIS2_PLACEMENT_3D ( 'NONE', #2497, #3130, #6703 ) ;
#4469 = CARTESIAN_POINT ( 'NONE',  ( 26.51243728732374194, 60.42018309811528809, 7.500000000000000000 ) ) ;
#4470 = CARTESIAN_POINT ( 'NONE',  ( 32.11836448549863121, 46.79669347231399712, -14.09999999999997300 ) ) ;
#4471 = ORIENTED_EDGE ( 'NONE', *, *, #1868, .T. ) ;
#4472 = CARTESIAN_POINT ( 'NONE',  ( 63.44324085875231845, 58.17687952668671869, -14.09999999999998721 ) ) ;
#4473 = CARTESIAN_POINT ( 'NONE',  ( 73.78416819505713420, 51.63544494102692539, -14.09999999999999076 ) ) ;
#4474 = ORIENTED_EDGE ( 'NONE', *, *, #2880, .F. ) ;
#4475 = LINE ( 'NONE', #2372, #6009 ) ;
#4476 = ORIENTED_EDGE ( 'NONE', *, *, #1456, .T. ) ;
#4477 = CARTESIAN_POINT ( 'NONE',  ( 39.93927885292554691, 61.00165726273408495, -14.09999999999998721 ) ) ;
#4478 = EDGE_CURVE ( 'NONE', #1131, #1280, #491, .T. ) ;
#4479 = DIRECTION ( 'NONE',  ( -1.000000000000000000, 0.000000000000000000, 0.000000000000000000 ) ) ;
#4480 = ORIENTED_EDGE ( 'NONE', *, *, #6275, .F. ) ;
#4481 = DIRECTION ( 'NONE',  ( -1.000000000000000000, 0.000000000000000000, 0.000000000000000000 ) ) ;
#4482 = FACE_OUTER_BOUND ( 'NONE', #1686, .T. ) ;
#4483 = VERTEX_POINT ( 'NONE', #3096 ) ;
#4484 = CARTESIAN_POINT ( 'NONE',  ( 72.62571853732374905, 56.88223666954385749, -14.09999999999998010 ) ) ;
#4485 = B_SPLINE_SURFACE_WITH_KNOTS ( 'NONE', 3, 1, ( 
 ( #3200, #2188 ),
 ( #6316, #1589 ),
 ( #2149, #4694 ),
 ( #3674, #5874 ),
 ( #5834, #563 ),
 ( #1662, #669 ),
 ( #4218, #5803 ),
 ( #1146, #1223 ),
 ( #3818, #47 ),
 ( #3311, #530 ),
 ( #119, #2624 ) ),
 .UNSPECIFIED., .F., .F., .F.,
 ( 4, 1, 1, 1, 1, 1, 1, 1, 4 ),
 ( 2, 2 ),
 ( 0.000000000000000000, 0.1322026541346304207, 0.2540083756576050344, 0.3651964621086364882, 0.4721727889892268770, 0.5802546120925462514, 0.7027704237250463892, 0.8399816142060014812, 1.000000000000000000 ),
 ( 0.000000000000000000, 1.000000000000000000 ),
 .UNSPECIFIED. ) ;
#4486 = CARTESIAN_POINT ( 'NONE',  ( 30.87159860116412347, 60.37864441258800952, -16.09999999999998721 ) ) ;
#4487 = DIRECTION ( 'NONE',  ( -1.000000000000000000, 0.000000000000000000, 0.000000000000000000 ) ) ;
#4488 = EDGE_CURVE ( 'NONE', #727, #3999, #2017, .T. ) ;
#4489 = DIRECTION ( 'NONE',  ( -0.9521008431123272331, -0.3057842123864404349, 0.000000000000000000 ) ) ;
#4490 = AXIS2_PLACEMENT_3D ( 'NONE', #337, #3998, #5589 ) ;
#4491 = CARTESIAN_POINT ( 'NONE',  ( 43.13413819116905046, 60.98931422084856990, -14.09999999999999076 ) ) ;
#4492 = CARTESIAN_POINT ( 'NONE',  ( 51.18740055492274621, 61.29565135717918878, -14.09999999999997655 ) ) ;
#4493 = EDGE_LOOP ( 'NONE', ( #1297, #2976, #4474, #6202 ) ) ;
#4494 = DATE_AND_TIME ( #2427, #4502 ) ;
#4495 = CARTESIAN_POINT ( 'NONE',  ( 30.73296463829048619, 60.37299079924871137, -16.10000000000000142 ) ) ;
#4496 = VECTOR ( 'NONE', #4788, 1000.000000000000227 ) ;
#4497 = ORIENTED_EDGE ( 'NONE', *, *, #2002, .T. ) ;
#4498 = EDGE_CURVE ( 'NONE', #551, #5924, #3564, .T. ) ;
#4499 = CARTESIAN_POINT ( 'NONE',  ( 75.28637767698738514, 46.87742536437777829, -14.09999999999997300 ) ) ;
#4500 = EDGE_CURVE ( 'NONE', #2152, #5451, #126, .T. ) ;
#4501 = CARTESIAN_POINT ( 'NONE',  ( 43.12795068018088784, 61.05355363382957279, -14.09999999999998366 ) ) ;
#4502 = LOCAL_TIME ( 21, 33, 21.00000000000000000, #1196 ) ;
#4503 = CARTESIAN_POINT ( 'NONE',  ( 66.54591943018088784, 48.36661166954386459, 7.500000000000000000 ) ) ;
#4504 = LINE ( 'NONE', #2435, #4553 ) ;
#4505 = VERTEX_POINT ( 'NONE', #2969 ) ;
#4506 = ORIENTED_EDGE ( 'NONE', *, *, #4167, .T. ) ;
#4507 = LINE ( 'NONE', #3393, #5964 ) ;
#4508 = EDGE_CURVE ( 'NONE', #3475, #1475, #3703, .T. ) ;
#4509 = DIRECTION ( 'NONE',  ( -0.000000000000000000, -0.000000000000000000, 1.000000000000000000 ) ) ;
#4510 = ORIENTED_EDGE ( 'NONE', *, *, #2216, .T. ) ;
#4511 = CARTESIAN_POINT ( 'NONE',  ( 33.03574139049977987, 46.64024746490152751, -14.09999999999997300 ) ) ;
#4512 = CARTESIAN_POINT ( 'NONE',  ( 72.27415603732374905, 48.35545095525814219, 7.500000000000000000 ) ) ;
#4513 = EDGE_LOOP ( 'NONE', ( #6548, #2981, #3206, #1365 ) ) ;
#4514 = CARTESIAN_POINT ( 'NONE',  ( 75.32382121589517965, 47.35377684811528809, -14.09999999999998721 ) ) ;
#4515 = CARTESIAN_POINT ( 'NONE',  ( 31.33665603732374549, 60.99216970525814219, -16.09999999999999787 ) ) ;
#4516 = ORIENTED_EDGE ( 'NONE', *, *, #2154, .T. ) ;
#4517 = CARTESIAN_POINT ( 'NONE',  ( 64.61232568018088784, 53.29127684811529519, -16.09999999999999787 ) ) ;
#4518 = CARTESIAN_POINT ( 'NONE',  ( 48.44953043147427252, 61.04761095196477783, -14.09999999999997655 ) ) ;
#4519 = ORIENTED_EDGE ( 'NONE', *, *, #518, .T. ) ;
#4520 = LINE ( 'NONE', #5568, #6279 ) ;
#4521 = CARTESIAN_POINT ( 'NONE',  ( 39.24762860204325676, 47.70519372216161713, -14.09999999999999076 ) ) ;
#4522 = CARTESIAN_POINT ( 'NONE',  ( 40.44379889446660314, 48.03179024097243399, -16.09999999999999787 ) ) ;
#4523 = CARTESIAN_POINT ( 'NONE',  ( 51.05484800160946435, 60.98379916954385749, 7.500000000000000000 ) ) ;
#4524 = CARTESIAN_POINT ( 'NONE',  ( 52.13891701802830880, 105.9528752296086651, -6.099999999999997868 ) ) ;
#4525 = ORIENTED_EDGE ( 'NONE', *, *, #2554, .F. ) ;
#4526 = EDGE_CURVE ( 'NONE', #3056, #4719, #1428, .T. ) ;
#4527 = CARTESIAN_POINT ( 'NONE',  ( 38.18654443018088784, 60.19417863382957279, -14.09999999999997655 ) ) ;
#4528 = ORIENTED_EDGE ( 'NONE', *, *, #6569, .T. ) ;
#4529 = CARTESIAN_POINT ( 'NONE',  ( 52.13891701802830880, 105.9528752296086651, -6.099999999999997868 ) ) ;
#4530 = CARTESIAN_POINT ( 'NONE',  ( 55.68096407303803375, 51.07308488382957989, -16.09999999999999787 ) ) ;
#4531 = FACE_OUTER_BOUND ( 'NONE', #3105, .T. ) ;
#4532 = EDGE_CURVE ( 'NONE', #5292, #3074, #5092, .T. ) ;
#4533 = CARTESIAN_POINT ( 'NONE',  ( 32.63408907303803375, 46.57531702668671869, -16.09999999999999787 ) ) ;
#4534 = EDGE_CURVE ( 'NONE', #2223, #4742, #2457, .T. ) ;
#4535 = ORIENTED_EDGE ( 'NONE', *, *, #6217, .F. ) ;
#4536 = ORIENTED_EDGE ( 'NONE', *, *, #1877, .T. ) ;
#4537 = CARTESIAN_POINT ( 'NONE',  ( 52.99842878151299885, 53.00157121848699404, -6.099999999999997868 ) ) ;
#4538 = CARTESIAN_POINT ( 'NONE',  ( 62.86567389446659604, 56.41627684811528809, -14.09999999999998010 ) ) ;
#4539 = ORIENTED_EDGE ( 'NONE', *, *, #225, .F. ) ;
#4540 = LINE ( 'NONE', #4512, #5683 ) ;
#4541 = CARTESIAN_POINT ( 'NONE',  ( 62.32173002425572150, 56.57269382623360343, -16.10000000000000142 ) ) ;
#4542 = EDGE_CURVE ( 'NONE', #4067, #3149, #876, .T. ) ;
#4543 = CARTESIAN_POINT ( 'NONE',  ( 52.29368728732374194, 60.38949113382957279, -14.09999999999997300 ) ) ;
#4544 = CARTESIAN_POINT ( 'NONE',  ( 26.04491345169747163, 61.11146681646633994, -14.09999999999998366 ) ) ;
#4545 = ORIENTED_EDGE ( 'NONE', *, *, #106, .T. ) ;
#4546 = CARTESIAN_POINT ( 'NONE',  ( 70.46071755835100703, 61.04036573930451226, -14.09999999999999432 ) ) ;
#4547 = ORIENTED_EDGE ( 'NONE', *, *, #6514, .F. ) ;
#4548 = PRODUCT_RELATED_PRODUCT_CATEGORY ( 'detail', '', ( #6444 ) ) ;
#4549 = CARTESIAN_POINT ( 'NONE',  ( 43.24035516290486214, 60.68105338696633311, -16.09999999999999787 ) ) ;
#4550 = ORIENTED_EDGE ( 'NONE', *, *, #200, .F. ) ;
#4551 = CARTESIAN_POINT ( 'NONE',  ( 48.45453560052821018, 60.85151876839533003, -14.09999999999998721 ) ) ;
#4552 = CARTESIAN_POINT ( 'NONE',  ( 43.63527314126913836, 46.63650891411452903, -16.10000000000000142 ) ) ;
#4553 = VECTOR ( 'NONE', #6566, 1000.000000000000000 ) ;
#4554 = CARTESIAN_POINT ( 'NONE',  ( 32.72166902089162477, 46.57745706067679947, -16.09999999999999787 ) ) ;
#4555 = DIRECTION ( 'NONE',  ( -0.2865143271847972462, 0.9580759574886758001, 0.000000000000000000 ) ) ;
#4556 = CARTESIAN_POINT ( 'NONE',  ( 105.9601459312399925, 53.03888764915900111, -1.599999999999998979 ) ) ;
#4557 = ORIENTED_EDGE ( 'NONE', *, *, #2748, .T. ) ;
#4558 = VECTOR ( 'NONE', #631, 1000.000000000000000 ) ;
#4559 = AXIS2_PLACEMENT_3D ( 'NONE', #3813, #6314, #2686 ) ;
#4560 = CARTESIAN_POINT ( 'NONE',  ( 52.15138818018088784, 60.36995988382957279, -14.09999999999998010 ) ) ;
#4561 = DIRECTION ( 'NONE',  ( -0.000000000000000000, 0.000000000000000000, -1.000000000000000000 ) ) ;
#4562 = VERTEX_POINT ( 'NONE', #6664 ) ;
#4563 = FACE_OUTER_BOUND ( 'NONE', #1822, .T. ) ;
#4564 = CARTESIAN_POINT ( 'NONE',  ( 38.22457925587903560, 60.20839870030847862, -16.09999999999999787 ) ) ;
#4565 = VECTOR ( 'NONE', #5114, 1000.000000000000000 ) ;
#4566 = EDGE_CURVE ( 'NONE', #6221, #85, #2581, .T. ) ;
#4567 = CARTESIAN_POINT ( 'NONE',  ( 43.67554385380315551, 60.40633410964733230, -16.10000000000000142 ) ) ;
#4568 = AXIS2_PLACEMENT_3D ( 'NONE', #4123, #1988, #3069 ) ;
#4569 = VECTOR ( 'NONE', #3963, 1000.000000000000000 ) ;
#4570 = EDGE_LOOP ( 'NONE', ( #2244, #1150, #3068, #4949 ) ) ;
#4571 = CARTESIAN_POINT ( 'NONE',  ( 43.63527314126913836, 46.63650891411452903, -16.09999999999999432 ) ) ;
#4572 = EDGE_CURVE ( 'NONE', #1990, #5817, #4652, .T. ) ;
#4573 = VECTOR ( 'NONE', #983, 1000.000000000000114 ) ;
#4574 = CARTESIAN_POINT ( 'NONE',  ( 38.78862543398395957, 47.57333819283532961, -16.09999999999999787 ) ) ;
#4575 = DIRECTION ( 'NONE',  ( 0.000000000000000000, 0.000000000000000000, -1.000000000000000000 ) ) ;
#4576 = CARTESIAN_POINT ( 'NONE',  ( 57.69627214192275488, 61.09439897283483134, -14.09999999999996945 ) ) ;
#4577 = AXIS2_PLACEMENT_3D ( 'NONE', #6693, #2043, #5162 ) ;
#4578 = EDGE_CURVE ( 'NONE', #900, #1039, #3000, .T. ) ;
#4579 = LINE ( 'NONE', #5594, #6087 ) ;
#4580 = ORIENTED_EDGE ( 'NONE', *, *, #901, .F. ) ;
#4581 = EDGE_CURVE ( 'NONE', #4615, #2051, #4180, .T. ) ;
#4582 = LINE ( 'NONE', #5050, #539 ) ;
#4583 = ORIENTED_EDGE ( 'NONE', *, *, #4653, .T. ) ;
#4584 = DIRECTION ( 'NONE',  ( -0.000000000000000000, -0.000000000000000000, 1.000000000000000000 ) ) ;
#4585 = ORIENTED_EDGE ( 'NONE', *, *, #4041, .F. ) ;
#4586 = CARTESIAN_POINT ( 'NONE',  ( 26.04429444116904335, 60.98931422084856990, -14.09999999999999076 ) ) ;
#4587 = FACE_OUTER_BOUND ( 'NONE', #6629, .T. ) ;
#4588 = LINE ( 'NONE', #390, #6734 ) ;
#4589 = CARTESIAN_POINT ( 'NONE',  ( 72.64314601042094921, 59.00556544768508616, -14.09999999999999076 ) ) ;
#4590 = B_SPLINE_CURVE_WITH_KNOTS ( 'NONE', 3,
 ( #960, #6135, #1805, #3369, #3018, #2033, #3911 ),
 .UNSPECIFIED., .F., .F.,
 ( 4, 1, 1, 1, 4 ),
 ( 0.000000000000000000, 0.3216803582967180386, 0.5953285353019579507, 0.8220998079098631450, 1.000000000000000000 ),
 .UNSPECIFIED. ) ;
#4591 = CARTESIAN_POINT ( 'NONE',  ( 46.55708014446660314, 59.99886613382957989, 7.500000000000000000 ) ) ;
#4592 = ORIENTED_EDGE ( 'NONE', *, *, #5966, .F. ) ;
#4593 = DIRECTION ( 'NONE',  ( 0.000000000000000000, -1.000000000000000000, 0.000000000000000000 ) ) ;
#4594 = FACE_OUTER_BOUND ( 'NONE', #3944, .T. ) ;
#4595 = VERTEX_POINT ( 'NONE', #2243 ) ;
#4596 = AXIS2_PLACEMENT_3D ( 'NONE', #6362, #3834, #1309 ) ;
#4597 = CARTESIAN_POINT ( 'NONE',  ( 72.27415603732374905, 48.35545095525814219, -14.09999999999998721 ) ) ;
#4598 = B_SPLINE_SURFACE_WITH_KNOTS ( 'NONE', 3, 1, ( 
 ( #5862, #1320 ),
 ( #1211, #3906 ),
 ( #5969, #3435 ),
 ( #5470, #6513 ),
 ( #2788, #5499 ),
 ( #1420, #5156 ),
 ( #5084, #2960 ) ),
 .UNSPECIFIED., .F., .F., .F.,
 ( 4, 1, 1, 1, 4 ),
 ( 2, 2 ),
 ( 0.000000000000000000, 0.2244113494442519785, 0.4513270568285798756, 0.7046054108960744244, 1.000000000000000000 ),
 ( 0.000000000000000000, 1.000000000000000000 ),
 .UNSPECIFIED. ) ;
#4599 = CARTESIAN_POINT ( 'NONE',  ( 38.18654443018088784, 60.19417863382957279, -16.09999999999999787 ) ) ;
#4600 = VECTOR ( 'NONE', #3796, 1000.000000000000000 ) ;
#4601 = CARTESIAN_POINT ( 'NONE',  ( 53.03888764915900111, 105.9601459312399925, -24.09999999999999787 ) ) ;
#4602 = ORIENTED_EDGE ( 'NONE', *, *, #1643, .T. ) ;
#4603 = EDGE_CURVE ( 'NONE', #2704, #5947, #1067, .T. ) ;
#4604 = VERTEX_POINT ( 'NONE', #4819 ) ;
#4605 = B_SPLINE_CURVE_WITH_KNOTS ( 'NONE', 3,
 ( #2538, #957, #445, #889, #5012, #2985, #4608, #2030, #1507, #5490, #2473 ),
 .UNSPECIFIED., .F., .F.,
 ( 4, 1, 1, 1, 1, 1, 1, 1, 4 ),
 ( 0.000000000000000000, 0.1171352775343414421, 0.2296576105009041635, 0.3424737785816066582, 0.4602354524407369918, 0.5835213642188772365, 0.7108870943938837561, 0.8477205157608099784, 1.000000000000000000 ),
 .UNSPECIFIED. ) ;
#4606 = CARTESIAN_POINT ( 'NONE',  ( 45.18710246589517965, 59.95980363382957989, 7.500000000000000000 ) ) ;
#4607 = AXIS2_PLACEMENT_3D ( 'NONE', #3969, #206, #1864 ) ;
#4608 = CARTESIAN_POINT ( 'NONE',  ( 39.67532497764070598, 61.47708535290509957, -16.09999999999999432 ) ) ;
#4609 = CARTESIAN_POINT ( 'NONE',  ( 63.22560693018089495, 60.24719202668671159, 7.500000000000000000 ) ) ;
#4610 = CARTESIAN_POINT ( 'NONE',  ( 50.08530871444949639, 0.04330999182739999481, -1.599999999999998979 ) ) ;
#4611 = ORIENTED_EDGE ( 'NONE', *, *, #4404, .T. ) ;
#4612 = CARTESIAN_POINT ( 'NONE',  ( 57.69826318018088074, 61.09261613382957279, -16.09999999999999432 ) ) ;
#4613 = EDGE_CURVE ( 'NONE', #1047, #1452, #3154, .T. ) ;
#4614 = LINE ( 'NONE', #3019, #4787 ) ;
#4615 = VERTEX_POINT ( 'NONE', #3739 ) ;
#4616 = CARTESIAN_POINT ( 'NONE',  ( 71.01578550160945724, 60.85824113382957279, -16.09999999999999787 ) ) ;
#4617 = ORIENTED_EDGE ( 'NONE', *, *, #6714, .F. ) ;
#4618 = CARTESIAN_POINT ( 'NONE',  ( 43.60228103732374194, 60.42018309811528809, -16.09999999999999787 ) ) ;
#4619 = ORIENTED_EDGE ( 'NONE', *, *, #5690, .T. ) ;
#4620 = EDGE_CURVE ( 'NONE', #4460, #5984, #1650, .T. ) ;
#4621 = DIRECTION ( 'NONE',  ( -0.000000000000000000, -0.000000000000000000, -1.000000000000000000 ) ) ;
#4622 = ADVANCED_FACE ( 'NONE', ( #39 ), #6659, .T. ) ;
#4623 = CARTESIAN_POINT ( 'NONE',  ( 32.63408907303803375, 46.57531702668671869, -16.09999999999999787 ) ) ;
#4624 = DIRECTION ( 'NONE',  ( -0.000000000000000000, -0.000000000000000000, -1.000000000000000000 ) ) ;
#4625 = CARTESIAN_POINT ( 'NONE',  ( 51.56753528688566490, 60.40369277362127320, -16.09999999999999787 ) ) ;
#4626 = ORIENTED_EDGE ( 'NONE', *, *, #6200, .F. ) ;
#4627 = DIRECTION ( 'NONE',  ( -1.000000000000000000, 0.000000000000000000, 0.000000000000000000 ) ) ;
#4628 = CARTESIAN_POINT ( 'NONE',  ( 105.9601459312399925, 53.03888764915900111, -6.099999999999997868 ) ) ;
#4629 = LINE ( 'NONE', #3033, #3482 ) ;
#4630 = ORIENTED_EDGE ( 'NONE', *, *, #1576, .T. ) ;
#4631 = EDGE_CURVE ( 'NONE', #261, #1283, #1087, .T. ) ;
#4632 = CARTESIAN_POINT ( 'NONE',  ( 43.19770514446660314, 47.70812952668671869, 7.500000000000000000 ) ) ;
#4633 = CARTESIAN_POINT ( 'NONE',  ( 30.84000425160946079, 61.57531702668671869, 7.500000000000000000 ) ) ;
#4634 = CARTESIAN_POINT ( 'NONE',  ( 74.66254889446661025, 51.26560720525814929, -14.09999999999998010 ) ) ;
#4635 = EDGE_LOOP ( 'NONE', ( #174, #6399, #2561, #5371 ) ) ;
#4636 = EDGE_LOOP ( 'NONE', ( #6706, #4981, #4879, #5087 ) ) ;
#4637 = DIRECTION ( 'NONE',  ( 0.000000000000000000, 1.000000000000000000, 0.000000000000000000 ) ) ;
#4638 = PLANE ( 'NONE',  #4383 ) ;
#4639 = DIRECTION ( 'NONE',  ( -0.000000000000000000, -0.000000000000000000, -1.000000000000000000 ) ) ;
#4640 = CARTESIAN_POINT ( 'NONE',  ( 62.86567389446659604, 56.41627684811528809, -16.09999999999999787 ) ) ;
#4641 = CARTESIAN_POINT ( 'NONE',  ( 57.48842978793436487, 60.50453060066703159, -16.09999999999999076 ) ) ;
#4642 = CARTESIAN_POINT ( 'NONE',  ( 38.68791179051284956, 47.49300939220001538, -14.09999999999997300 ) ) ;
#4643 = ORIENTED_EDGE ( 'NONE', *, *, #269, .T. ) ;
#4644 = CARTESIAN_POINT ( 'NONE',  ( 53.04230130916199215, 0.04330999182739999481, -16.09999999999999787 ) ) ;
#4645 = ORIENTED_EDGE ( 'NONE', *, *, #4440, .T. ) ;
#4646 = EDGE_CURVE ( 'NONE', #5501, #5094, #6638, .T. ) ;
#4647 = FACE_OUTER_BOUND ( 'NONE', #5839, .T. ) ;
#4648 = EDGE_LOOP ( 'NONE', ( #4142, #634, #5001, #3043 ) ) ;
#4649 = CARTESIAN_POINT ( 'NONE',  ( 38.18654443018088784, 60.19417863382957279, 7.500000000000000000 ) ) ;
#4650 = B_SPLINE_SURFACE_WITH_KNOTS ( 'NONE', 3, 1, ( 
 ( #3436, #252 ),
 ( #2861, #5532 ),
 ( #4985, #3942 ),
 ( #6482, #6547 ),
 ( #3845, #3976 ) ),
 .UNSPECIFIED., .F., .F., .F.,
 ( 4, 1, 4 ),
 ( 2, 2 ),
 ( 0.000000000000000000, 0.4044095493906807448, 1.000000000000000000 ),
 ( 0.000000000000000000, 1.000000000000000000 ),
 .UNSPECIFIED. ) ;
#4651 = CARTESIAN_POINT ( 'NONE',  ( 31.33665603732374549, 60.99216970525814219, -14.09999999999998010 ) ) ;
#4652 = LINE ( 'NONE', #6724, #4363 ) ;
#4653 = EDGE_CURVE ( 'NONE', #3113, #3215, #460, .T. ) ;
#4654 = EDGE_CURVE ( 'NONE', #6302, #5852, #3192, .T. ) ;
#4655 = LINE ( 'NONE', #3640, #5678 ) ;
#4656 = ORIENTED_EDGE ( 'NONE', *, *, #5896, .T. ) ;
#4657 = CARTESIAN_POINT ( 'NONE',  ( 49.01243728732374194, 51.61158934811528809, 7.500000000000000000 ) ) ;
#4658 = DIRECTION ( 'NONE',  ( -0.000000000000000000, -0.000000000000000000, 1.000000000000000000 ) ) ;
#4659 = FACE_OUTER_BOUND ( 'NONE', #3358, .T. ) ;
#4660 = DIRECTION ( 'NONE',  ( -0.000000000000000000, -0.000000000000000000, 1.000000000000000000 ) ) ;
#4661 = EDGE_CURVE ( 'NONE', #5054, #2353, #5551, .T. ) ;
#4662 = EDGE_CURVE ( 'NONE', #4813, #2719, #4747, .T. ) ;
#4663 = VECTOR ( 'NONE', #3099, 1000.000000000000114 ) ;
#4664 = ORIENTED_EDGE ( 'NONE', *, *, #2800, .T. ) ;
#4665 = DIRECTION ( 'NONE',  ( -0.000000000000000000, -0.000000000000000000, 1.000000000000000000 ) ) ;
#4666 = ORIENTED_EDGE ( 'NONE', *, *, #1490, .F. ) ;
#4667 = VECTOR ( 'NONE', #5048, 1000.000000000000114 ) ;
#4668 = VERTEX_POINT ( 'NONE', #1036 ) ;
#4669 = VECTOR ( 'NONE', #4947, 1000.000000000000000 ) ;
#4670 = DIRECTION ( 'NONE',  ( 0.000000000000000000, -1.000000000000000000, 0.000000000000000000 ) ) ;
#4671 = PLANE ( 'NONE',  #1104 ) ;
#4672 = B_SPLINE_CURVE_WITH_KNOTS ( 'NONE', 3,
 ( #885, #4567, #297, #2942, #6533 ),
 .UNSPECIFIED., .F., .F.,
 ( 4, 1, 4 ),
 ( 0.000000000000000000, 0.5511875762474863771, 1.000000000000000000 ),
 .UNSPECIFIED. ) ;
#4673 = VECTOR ( 'NONE', #2749, 1000.000000000000000 ) ;
#4674 = AXIS2_PLACEMENT_3D ( 'NONE', #6161, #3593, #991 ) ;
#4675 = B_SPLINE_CURVE_WITH_KNOTS ( 'NONE', 3,
 ( #666, #5477, #811, #2902, #5832, #6521, #4455 ),
 .UNSPECIFIED., .F., .F.,
 ( 4, 1, 1, 1, 4 ),
 ( 0.000000000000000000, 0.2661664700887593216, 0.5066687799002669301, 0.7425562787700072942, 0.9999999999999998890 ),
 .UNSPECIFIED. ) ;
#4676 = DIRECTION ( 'NONE',  ( -1.000000000000000000, 0.000000000000000000, 0.000000000000000000 ) ) ;
#4677 = VECTOR ( 'NONE', #3607, 1000.000000000000000 ) ;
#4678 = CARTESIAN_POINT ( 'NONE',  ( 26.19098179247790270, 61.38105942959558092, -14.09999999999997300 ) ) ;
#4679 = CARTESIAN_POINT ( 'NONE',  ( 48.24148494808215304, 61.47726389958332049, -16.09999999999998721 ) ) ;
#4680 = LINE ( 'NONE', #2854, #2111 ) ;
#4681 = ORIENTED_EDGE ( 'NONE', *, *, #568, .T. ) ;
#4682 = AXIS2_PLACEMENT_3D ( 'NONE', #3701, #1170, #5762 ) ;
#4683 = CARTESIAN_POINT ( 'NONE',  ( 26.44158038465818450, 60.45894951237595194, -14.09999999999998721 ) ) ;
#4684 = EDGE_CURVE ( 'NONE', #2675, #5484, #109, .T. ) ;
#4685 = CARTESIAN_POINT ( 'NONE',  ( 63.43673364371148438, 56.86865426328698447, -14.09999999999997655 ) ) ;
#4686 = CARTESIAN_POINT ( 'NONE',  ( 70.50239264446659604, 58.85489291954386459, 7.500000000000000000 ) ) ;
#4687 = CARTESIAN_POINT ( 'NONE',  ( 35.33614749844261382, 61.20113009397049098, -16.09999999999999432 ) ) ;
#4688 = ORIENTED_EDGE ( 'NONE', *, *, #4822, .T. ) ;
#4689 = VERTEX_POINT ( 'NONE', #5186 ) ;
#4690 = LINE ( 'NONE', #6273, #4663 ) ;
#4691 = PLANE ( 'NONE',  #3146 ) ;
#4692 = EDGE_CURVE ( 'NONE', #630, #1537, #516, .T. ) ;
#4693 = CARTESIAN_POINT ( 'NONE',  ( 52.99842878151299885, 53.00157121848699404, -6.099999999999997868 ) ) ;
#4694 = CARTESIAN_POINT ( 'NONE',  ( 43.88776793047021130, 47.19395826583033227, -16.09999999999998721 ) ) ;
#4695 = CARTESIAN_POINT ( 'NONE',  ( 32.23509353732374905, 50.62107595525814219, 7.500000000000000000 ) ) ;
#4696 = EDGE_LOOP ( 'NONE', ( #3718, #2069, #3953, #5103 ) ) ;
#4697 = EDGE_CURVE ( 'NONE', #3563, #5179, #858, .T. ) ;
#4698 = EDGE_CURVE ( 'NONE', #6311, #904, #4983, .T. ) ;
#4699 = ORIENTED_EDGE ( 'NONE', *, *, #4782, .F. ) ;
#4700 = CARTESIAN_POINT ( 'NONE',  ( 57.03978103732374194, 61.57531702668671869, -16.09999999999999787 ) ) ;
#4701 = VECTOR ( 'NONE', #3410, 1000.000000000000000 ) ;
#4702 = FACE_OUTER_BOUND ( 'NONE', #707, .T. ) ;
#4703 = CARTESIAN_POINT ( 'NONE',  ( 57.64803996589516544, 61.24049559811528809, -16.09999999999999787 ) ) ;
#4704 = CARTESIAN_POINT ( 'NONE',  ( 57.48842978793436487, 60.50453060066703159, -14.09999999999997300 ) ) ;
#4705 = AXIS2_PLACEMENT_3D ( 'NONE', #4283, #553, #5865 ) ;
#4706 = CARTESIAN_POINT ( 'NONE',  ( 66.13018282303804085, 54.81750452668671869, -14.09999999999998721 ) ) ;
#4707 = CARTESIAN_POINT ( 'NONE',  ( 26.04491345169747163, 61.11146681646633994, -14.09999999999996945 ) ) ;
#4708 = DIRECTION ( 'NONE',  ( -0.000000000000000000, -0.000000000000000000, -1.000000000000000000 ) ) ;
#4709 = EDGE_LOOP ( 'NONE', ( #2862, #5937, #4208, #6588 ) ) ;
#4710 = LOCAL_TIME ( 21, 33, 21.00000000000000000, #3282 ) ;
#4711 = CARTESIAN_POINT ( 'NONE',  ( 43.94347239658969073, 60.37344443850036413, -16.09999999999999076 ) ) ;
#4712 = ORIENTED_EDGE ( 'NONE', *, *, #6023, .F. ) ;
#4713 = CARTESIAN_POINT ( 'NONE',  ( 51.05484800160946435, 60.98379916954385749, -16.09999999999999076 ) ) ;
#4714 = CARTESIAN_POINT ( 'NONE',  ( 72.72058460875231845, 48.78792863382957279, 7.500000000000000000 ) ) ;
#4715 = VERTEX_POINT ( 'NONE', #3332 ) ;
#4716 = DIRECTION ( 'NONE',  ( -0.000000000000000000, -0.000000000000000000, -1.000000000000000000 ) ) ;
#4717 = PLANE ( 'NONE',  #127 ) ;
#4718 = ORIENTED_EDGE ( 'NONE', *, *, #2499, .T. ) ;
#4719 = VERTEX_POINT ( 'NONE', #6449 ) ;
#4720 = LINE ( 'NONE', #3263, #2077 ) ;
#4721 = DIRECTION ( 'NONE',  ( -1.000000000000000000, 0.000000000000000000, 0.000000000000000000 ) ) ;
#4722 = CARTESIAN_POINT ( 'NONE',  ( 26.38534433418051250, 61.50104826110218426, -16.09999999999999787 ) ) ;
#4723 = DIRECTION ( 'NONE',  ( 0.9038687899504314061, 0.4278097831437973619, 0.000000000000000000 ) ) ;
#4724 = EDGE_CURVE ( 'NONE', #3278, #6126, #3365, .T. ) ;
#4725 = DIRECTION ( 'NONE',  ( -0.000000000000000000, -0.000000000000000000, -1.000000000000000000 ) ) ;
#4726 = VERTEX_POINT ( 'NONE', #5399 ) ;
#4727 = EDGE_LOOP ( 'NONE', ( #2744, #3083, #6484, #2246 ) ) ;
#4728 = CARTESIAN_POINT ( 'NONE',  ( 31.31285390576266892, 60.76690266027245002, -14.09999999999996945 ) ) ;
#4729 = CARTESIAN_POINT ( 'NONE',  ( 38.62117511719885243, 60.32805604176068215, -14.09999999999996589 ) ) ;
#4730 = ADVANCED_FACE ( 'NONE', ( #4955 ), #13, .T. ) ;
#4731 = EDGE_CURVE ( 'NONE', #4397, #4715, #5435, .T. ) ;
#4732 = FACE_OUTER_BOUND ( 'NONE', #2060, .T. ) ;
#4733 = ORIENTED_EDGE ( 'NONE', *, *, #191, .F. ) ;
#4734 = B_SPLINE_CURVE_WITH_KNOTS ( 'NONE', 3,
 ( #2011, #6206, #4551, #3637, #5631 ),
 .UNSPECIFIED., .F., .F.,
 ( 4, 1, 4 ),
 ( 0.000000000000000000, 0.4044095493906807448, 1.000000000000000000 ),
 .UNSPECIFIED. ) ;
#4735 = CARTESIAN_POINT ( 'NONE',  ( 31.31285390576266892, 60.76690266027245002, -14.09999999999998366 ) ) ;
#4736 = CARTESIAN_POINT ( 'NONE',  ( 62.57352238880109496, 61.43947266375454319, -14.09999999999997300 ) ) ;
#4737 = B_SPLINE_CURVE_WITH_KNOTS ( 'NONE', 3,
 ( #4204, #5856, #648, #3148, #2137, #5786, #5720 ),
 .UNSPECIFIED., .F., .F.,
 ( 4, 1, 1, 1, 4 ),
 ( 0.000000000000000000, 0.2244113494442513124, 0.4513270568285693840, 0.7046054108960632112, 1.000000000000000000 ),
 .UNSPECIFIED. ) ;
#4738 = CARTESIAN_POINT ( 'NONE',  ( 48.39580782303802664, 61.27397774097242689, -16.09999999999999076 ) ) ;
#4739 = ORIENTED_EDGE ( 'NONE', *, *, #4581, .F. ) ;
#4740 = EDGE_CURVE ( 'NONE', #1465, #3677, #6052, .T. ) ;
#4741 = DIRECTION ( 'NONE',  ( -0.000000000000000000, -0.000000000000000000, 1.000000000000000000 ) ) ;
#4742 = VERTEX_POINT ( 'NONE', #766 ) ;
#4743 = ORIENTED_EDGE ( 'NONE', *, *, #365, .F. ) ;
#4744 = DIRECTION ( 'NONE',  ( -0.000000000000000000, -0.000000000000000000, 1.000000000000000000 ) ) ;
#4745 = CARTESIAN_POINT ( 'NONE',  ( 43.14874974440851929, 61.23052214885655786, -14.09999999999996945 ) ) ;
#4746 = VERTEX_POINT ( 'NONE', #6369 ) ;
#4747 = LINE ( 'NONE', #4247, #6301 ) ;
#4748 = EDGE_LOOP ( 'NONE', ( #5581, #597, #950, #441 ) ) ;
#4749 = PLANE ( 'NONE',  #3730 ) ;
#4750 = ORIENTED_EDGE ( 'NONE', *, *, #3279, .F. ) ;
#4751 = ORIENTED_EDGE ( 'NONE', *, *, #1026, .T. ) ;
#4752 = DIRECTION ( 'NONE',  ( -0.01489196544626040890, -0.9998891085341150564, 0.000000000000000000 ) ) ;
#4753 = DIRECTION ( 'NONE',  ( -1.000000000000000000, 0.000000000000000000, 0.000000000000000000 ) ) ;
#4754 = CARTESIAN_POINT ( 'NONE',  ( 66.03810693018088784, 49.33201345525814219, -16.09999999999999787 ) ) ;
#4755 = LINE ( 'NONE', #1180, #3380 ) ;
#4756 = LINE ( 'NONE', #151, #2944 ) ;
#4757 = CARTESIAN_POINT ( 'NONE',  ( 53.03888764915900111, 105.9601459312399925, -16.09999999999999787 ) ) ;
#4758 = LINE ( 'NONE', #188, #4244 ) ;
#4759 = ORIENTED_EDGE ( 'NONE', *, *, #1483, .F. ) ;
#4760 = VERTEX_POINT ( 'NONE', #2895 ) ;
#4761 = EDGE_CURVE ( 'NONE', #3620, #1974, #1762, .T. ) ;
#4762 = CARTESIAN_POINT ( 'NONE',  ( 53.04230130916199215, 0.04330999182739999481, -6.099999999999997868 ) ) ;
#4763 = VECTOR ( 'NONE', #3104, 1000.000000000000227 ) ;
#4764 = CARTESIAN_POINT ( 'NONE',  ( 38.45027203373617652, 60.28536784625013212, -14.09999999999997655 ) ) ;
#4765 = LINE ( 'NONE', #5307, #5146 ) ;
#4766 = CARTESIAN_POINT ( 'NONE',  ( 52.99842878151299885, 53.00157121848699404, -24.09999999999999787 ) ) ;
#4767 = CIRCLE ( 'NONE', #850, 0.9000000000000119016 ) ;
#4768 = VECTOR ( 'NONE', #6036, 1000.000000000000114 ) ;
#4769 = ADVANCED_FACE ( 'NONE', ( #2351 ), #4598, .T. ) ;
#4770 = CARTESIAN_POINT ( 'NONE',  ( 47.95774978732374194, 61.57531702668671869, -14.09999999999998721 ) ) ;
#4771 = CARTESIAN_POINT ( 'NONE',  ( 39.06869478852468802, 47.67667721379029189, -16.09999999999998721 ) ) ;
#4772 = VECTOR ( 'NONE', #1995, 1000.000000000000227 ) ;
#4773 = LINE ( 'NONE', #2604, #6639 ) ;
#4774 = ORIENTED_EDGE ( 'NONE', *, *, #6569, .F. ) ;
#4775 = VECTOR ( 'NONE', #735, 999.9999999999998863 ) ;
#4776 = DIRECTION ( 'NONE',  ( -0.000000000000000000, -0.000000000000000000, -1.000000000000000000 ) ) ;
#4777 = ORIENTED_EDGE ( 'NONE', *, *, #601, .T. ) ;
#4778 = EDGE_LOOP ( 'NONE', ( #205, #3714, #1101, #1552 ) ) ;
#4779 = DIRECTION ( 'NONE',  ( 1.000000000000000000, 0.000000000000000000, 0.000000000000000000 ) ) ;
#4780 = AXIS2_PLACEMENT_3D ( 'NONE', #6088, #1435, #1398 ) ;
#4781 = VECTOR ( 'NONE', #2510, 1000.000000000000000 ) ;
#4782 = EDGE_CURVE ( 'NONE', #904, #1212, #3089, .T. ) ;
#4783 = EDGE_CURVE ( 'NONE', #6516, #3065, #3503, .T. ) ;
#4784 = CARTESIAN_POINT ( 'NONE',  ( 63.42405469978223920, 56.79326114607551546, -16.09999999999999076 ) ) ;
#4785 = ORIENTED_EDGE ( 'NONE', *, *, #5935, .T. ) ;
#4786 = DIRECTION ( 'NONE',  ( 0.000000000000000000, 1.000000000000000000, 0.000000000000000000 ) ) ;
#4787 = VECTOR ( 'NONE', #3972, 1000.000000000000227 ) ;
#4788 = DIRECTION ( 'NONE',  ( 0.2558925603162831575, -0.9667052278615116956, 0.000000000000000000 ) ) ;
#4789 = VERTEX_POINT ( 'NONE', #5531 ) ;
#4790 = ORIENTED_EDGE ( 'NONE', *, *, #3919, .F. ) ;
#4791 = CARTESIAN_POINT ( 'NONE',  ( 39.88855335875231134, 60.71036166954386459, -14.09999999999998010 ) ) ;
#4792 = DIRECTION ( 'NONE',  ( -1.000000000000000000, 0.000000000000000000, 0.000000000000000000 ) ) ;
#4793 = EDGE_CURVE ( 'NONE', #5823, #1738, #6090, .T. ) ;
#4794 = DIRECTION ( 'NONE',  ( -0.3100824573898432468, -0.9507096663120009339, 0.000000000000000000 ) ) ;
#4795 = CARTESIAN_POINT ( 'NONE',  ( 42.75964710875231845, 47.70812952668671869, 7.500000000000000000 ) ) ;
#4796 = VERTEX_POINT ( 'NONE', #5563 ) ;
#4797 = DIRECTION ( 'NONE',  ( -1.000000000000000000, 0.000000000000000000, 0.000000000000000000 ) ) ;
#4798 = ORIENTED_EDGE ( 'NONE', *, *, #5807, .F. ) ;
#4799 = ORIENTED_EDGE ( 'NONE', *, *, #1781, .F. ) ;
#4800 = CARTESIAN_POINT ( 'NONE',  ( 73.38864701651877454, 51.38991050916362013, -16.09999999999999432 ) ) ;
#4801 = CARTESIAN_POINT ( 'NONE',  ( 37.01187925160945724, 59.50779470525814929, -16.09999999999999787 ) ) ;
#4802 = DIRECTION ( 'NONE',  ( 0.1588756372959864438, 0.9872986031965172993, 0.000000000000000000 ) ) ;
#4803 = DIRECTION ( 'NONE',  ( -0.000000000000000000, -0.000000000000000000, -1.000000000000000000 ) ) ;
#4804 = LINE ( 'NONE', #4298, #83 ) ;
#4805 = CARTESIAN_POINT ( 'NONE',  ( 57.22114264446660314, 60.38391077668671159, -14.09999999999998010 ) ) ;
#4806 = VECTOR ( 'NONE', #1672, 1000.000000000000114 ) ;
#4807 = CARTESIAN_POINT ( 'NONE',  ( 43.51771979265841139, 47.67311908094514905, -14.09999999999998366 ) ) ;
#4808 = LINE ( 'NONE', #6436, #3623 ) ;
#4809 = ORIENTED_EDGE ( 'NONE', *, *, #6433, .F. ) ;
#4810 = CARTESIAN_POINT ( 'NONE',  ( 43.80846197394327390, 60.38120838282624447, -16.09999999999999076 ) ) ;
#4811 = EDGE_CURVE ( 'NONE', #3186, #3367, #4582, .T. ) ;
#4812 = CIRCLE ( 'NONE', #2003, 0.9000000000000119016 ) ;
#4813 = VERTEX_POINT ( 'NONE', #2480 ) ;
#4814 = ORIENTED_EDGE ( 'NONE', *, *, #5454, .F. ) ;
#4815 = CARTESIAN_POINT ( 'NONE',  ( 43.89524978732374194, 47.05243756240100339, -14.09999999999998010 ) ) ;
#4816 = CARTESIAN_POINT ( 'NONE',  ( 39.94156675160945724, 60.96147774097243399, -16.09999999999999076 ) ) ;
#4817 = VERTEX_POINT ( 'NONE', #350 ) ;
#4818 = LOCAL_TIME ( 21, 33, 21.00000000000000000, #6084 ) ;
#4819 = CARTESIAN_POINT ( 'NONE',  ( 73.03587478732374905, 47.28123220525814219, -14.09999999999998721 ) ) ;
#4820 = FACE_BOUND ( 'NONE', #493, .T. ) ;
#4821 = ORIENTED_EDGE ( 'NONE', *, *, #6526, .T. ) ;
#4822 = EDGE_CURVE ( 'NONE', #4250, #3783, #2449, .T. ) ;
#4823 = EDGE_CURVE ( 'NONE', #6573, #2313, #2336, .T. ) ;
#4824 = VERTEX_POINT ( 'NONE', #4517 ) ;
#4825 = DIRECTION ( 'NONE',  ( -1.000000000000000000, 0.000000000000000000, 0.000000000000000000 ) ) ;
#4826 = CARTESIAN_POINT ( 'NONE',  ( 62.84423064905504930, 56.41873604018581290, -14.09999999999997300 ) ) ;
#4827 = CARTESIAN_POINT ( 'NONE',  ( 47.95774978732374194, 61.57531702668671869, -16.09999999999999787 ) ) ;
#4828 = CARTESIAN_POINT ( 'NONE',  ( 55.99929390387449502, 0.04330999182739963399, -1.599999999999998979 ) ) ;
#4829 = CARTESIAN_POINT ( 'NONE',  ( 32.63408907303803375, 46.57531702668671869, -14.09999999999998010 ) ) ;
#4830 = DIRECTION ( 'NONE',  ( -0.000000000000000000, -0.000000000000000000, 1.000000000000000000 ) ) ;
#4831 = ORIENTED_EDGE ( 'NONE', *, *, #462, .F. ) ;
#4832 = CARTESIAN_POINT ( 'NONE',  ( 30.99365341198607737, 61.54218813148451517, -16.10000000000000497 ) ) ;
#4833 = VERTEX_POINT ( 'NONE', #6579 ) ;
#4834 = ORIENTED_EDGE ( 'NONE', *, *, #6182, .F. ) ;
#4835 = CARTESIAN_POINT ( 'NONE',  ( 105.8718682856381292, 55.99802778473634390, -24.09999999999999787 ) ) ;
#4836 = CARTESIAN_POINT ( 'NONE',  ( 0.04330999182739999481, 52.95769869083799364, -6.099999999999997868 ) ) ;
#4837 = APPROVAL_ROLE ( '' ) ;
#4838 = CARTESIAN_POINT ( 'NONE',  ( 39.42301514751959957, 60.38050143897078215, -16.10000000000000142 ) ) ;
#4839 = DIRECTION ( 'NONE',  ( -0.4617352796546738136, -0.8870177740734511707, 0.000000000000000000 ) ) ;
#4840 = CARTESIAN_POINT ( 'NONE',  ( 43.73983670360281195, 47.53899221541335862, -14.09999999999998721 ) ) ;
#4841 = CARTESIAN_POINT ( 'NONE',  ( 31.29155405516245025, 61.23522481258653727, -16.09999999999999787 ) ) ;
#4842 = ORIENTED_EDGE ( 'NONE', *, *, #6200, .T. ) ;
#4843 = CARTESIAN_POINT ( 'NONE',  ( 68.56600871589517965, 60.32531702668671869, -16.09999999999999787 ) ) ;
#4844 = EDGE_LOOP ( 'NONE', ( #3557, #4831, #4850, #2511 ) ) ;
#4845 = CARTESIAN_POINT ( 'NONE',  ( 57.68871326065540472, 60.79668268572237366, -14.09999999999996589 ) ) ;
#4846 = EDGE_CURVE ( 'NONE', #5823, #261, #1933, .T. ) ;
#4847 = DIRECTION ( 'NONE',  ( -0.000000000000000000, -0.000000000000000000, -1.000000000000000000 ) ) ;
#4848 = ORIENTED_EDGE ( 'NONE', *, *, #3211, .T. ) ;
#4849 = CARTESIAN_POINT ( 'NONE',  ( 72.62571853732374905, 56.88223666954385749, -16.09999999999999787 ) ) ;
#4850 = ORIENTED_EDGE ( 'NONE', *, *, #2554, .T. ) ;
#4851 = LINE ( 'NONE', #3805, #6004 ) ;
#4852 = ORIENTED_EDGE ( 'NONE', *, *, #6017, .T. ) ;
#4853 = ORIENTED_EDGE ( 'NONE', *, *, #5808, .F. ) ;
#4854 = CARTESIAN_POINT ( 'NONE',  ( 62.32173002425572150, 56.57269382623360343, -14.09999999999999076 ) ) ;
#4855 = DIRECTION ( 'NONE',  ( -0.9038687899504314061, -0.4278097831437973619, 0.000000000000000000 ) ) ;
#4856 = FACE_OUTER_BOUND ( 'NONE', #2767, .T. ) ;
#4857 = CARTESIAN_POINT ( 'NONE',  ( 30.84000425160946079, 61.57531702668671869, -14.09999999999998721 ) ) ;
#4858 = CARTESIAN_POINT ( 'NONE',  ( 52.99842878151299885, 53.00157121848699404, -6.099999999999997868 ) ) ;
#4859 = EDGE_CURVE ( 'NONE', #4912, #3878, #5122, .T. ) ;
#4860 = CARTESIAN_POINT ( 'NONE',  ( 57.69826318018088784, 61.09261613382957989, -16.10000000000000142 ) ) ;
#4861 = EDGE_CURVE ( 'NONE', #1983, #1564, #6623, .T. ) ;
#4862 = CARTESIAN_POINT ( 'NONE',  ( 51.06124199310438172, 60.84291854081659068, -14.09999999999996945 ) ) ;
#4863 = CARTESIAN_POINT ( 'NONE',  ( 31.27806228732374194, 61.27397774097242689, -16.09999999999999787 ) ) ;
#4864 = EDGE_LOOP ( 'NONE', ( #4986, #6737 ) ) ;
#4865 = ORIENTED_EDGE ( 'NONE', *, *, #2954, .F. ) ;
#4866 = EDGE_CURVE ( 'NONE', #4715, #2713, #5626, .T. ) ;
#4867 = CARTESIAN_POINT ( 'NONE',  ( 57.08986723713714895, 60.38305180128045890, -14.09999999999997300 ) ) ;
#4868 = EDGE_CURVE ( 'NONE', #5749, #2371, #3313, .T. ) ;
#4869 = CARTESIAN_POINT ( 'NONE',  ( 69.47418475532928994, 61.35612898223447331, -14.09999999999999076 ) ) ;
#4870 = APPLICATION_PROTOCOL_DEFINITION ( 'international standard', 'config_control_design', 1994, #1268 ) ;
#4871 = CARTESIAN_POINT ( 'NONE',  ( 39.88855335875231134, 60.71036166954386459, -16.09999999999999787 ) ) ;
#4872 = EDGE_LOOP ( 'NONE', ( #3877, #1853, #1630, #851 ) ) ;
#4873 = CARTESIAN_POINT ( 'NONE',  ( 45.18710246589517965, 59.95980363382957989, 7.500000000000000000 ) ) ;
#4874 = CARTESIAN_POINT ( 'NONE',  ( 43.63578476945656348, 61.54878410874777472, -14.09999999999998010 ) ) ;
#4875 = DIRECTION ( 'NONE',  ( -0.9992611746313129206, 0.03843312210124109896, 0.000000000000000000 ) ) ;
#4876 = ORIENTED_EDGE ( 'NONE', *, *, #4783, .F. ) ;
#4877 = VECTOR ( 'NONE', #6415, 1000.000000000000000 ) ;
#4878 = CARTESIAN_POINT ( 'NONE',  ( 0.000000000000000000, 60.36995988382957279, -14.09999999999999432 ) ) ;
#4879 = ORIENTED_EDGE ( 'NONE', *, *, #4822, .F. ) ;
#4880 = VERTEX_POINT ( 'NONE', #3727 ) ;
#4881 = CARTESIAN_POINT ( 'NONE',  ( 57.59585381358657230, 60.61517154432095111, -16.09999999999999432 ) ) ;
#4882 = AXIS2_PLACEMENT_3D ( 'NONE', #4162, #6222, #1568 ) ;
#4883 = AXIS2_PLACEMENT_3D ( 'NONE', #6098, #1444, #5871 ) ;
#4884 = CARTESIAN_POINT ( 'NONE',  ( 39.93479315608104940, 61.08043398272046431, -16.09999999999999432 ) ) ;
#4885 = ORIENTED_EDGE ( 'NONE', *, *, #1467, .F. ) ;
#4886 = CARTESIAN_POINT ( 'NONE',  ( 31.32331676976266621, 61.14399153471228487, -14.09999999999997300 ) ) ;
#4887 = CARTESIAN_POINT ( 'NONE',  ( 48.74119004948047262, 48.61993379424637851, -16.09999999999998010 ) ) ;
#4888 = ORIENTED_EDGE ( 'NONE', *, *, #3535, .T. ) ;
#4889 = EDGE_LOOP ( 'NONE', ( #3053, #6123, #5916, #1579 ) ) ;
#4890 = CARTESIAN_POINT ( 'NONE',  ( 52.34112032303803375, 60.37275006240100339, -14.09999999999998721 ) ) ;
#4891 = AXIS2_PLACEMENT_3D ( 'NONE', #6636, #5582, #497 ) ;
#4892 = AXIS2_PLACEMENT_3D ( 'NONE', #1815, #5415, #4797 ) ;
#4893 = DIRECTION ( 'NONE',  ( -0.9507096663120009339, 0.3100824573898432468, 0.000000000000000000 ) ) ;
#4894 = LINE ( 'NONE', #219, #6394 ) ;
#4895 = LINE ( 'NONE', #2387, #4701 ) ;
#4896 = CARTESIAN_POINT ( 'NONE',  ( 26.04429444116904335, 60.98931422084856990, -14.09999999999997655 ) ) ;
#4897 = VECTOR ( 'NONE', #2655, 1000.000000000000000 ) ;
#4898 = FACE_OUTER_BOUND ( 'NONE', #5403, .T. ) ;
#4899 = CARTESIAN_POINT ( 'NONE',  ( 32.12088628318825556, 51.00404638828731407, -16.09999999999999787 ) ) ;
#4900 = EDGE_CURVE ( 'NONE', #144, #4359, #2636, .T. ) ;
#4901 = DIRECTION ( 'NONE',  ( 1.000000000000000000, -0.000000000000000000, 0.000000000000000000 ) ) ;
#4902 = ORIENTED_EDGE ( 'NONE', *, *, #4375, .F. ) ;
#4903 = VECTOR ( 'NONE', #4143, 1000.000000000000000 ) ;
#4904 = ORIENTED_EDGE ( 'NONE', *, *, #2056, .F. ) ;
#4905 = FACE_OUTER_BOUND ( 'NONE', #2756, .T. ) ;
#4906 = CARTESIAN_POINT ( 'NONE',  ( 69.47418475532928994, 61.35612898223447331, -16.09999999999999076 ) ) ;
#4907 = EDGE_CURVE ( 'NONE', #2713, #193, #5718, .T. ) ;
#4908 = CARTESIAN_POINT ( 'NONE',  ( 52.29554041627144301, 60.38854419871173462, -16.09999999999999076 ) ) ;
#4909 = EDGE_CURVE ( 'NONE', #4419, #4824, #607, .T. ) ;
#4910 = CARTESIAN_POINT ( 'NONE',  ( 58.35953550160945724, 51.23491524097242689, 7.500000000000000000 ) ) ;
#4911 = CARTESIAN_POINT ( 'NONE',  ( 72.27415603732374905, 48.35545095525814219, 7.500000000000000000 ) ) ;
#4912 = VERTEX_POINT ( 'NONE', #3214 ) ;
#4913 = CARTESIAN_POINT ( 'NONE',  ( 26.91422300160945724, 60.36995988382957279, -14.09999999999997300 ) ) ;
#4914 = LINE ( 'NONE', #4878, #6223 ) ;
#4915 = EDGE_CURVE ( 'NONE', #6685, #6019, #4773, .T. ) ;
#4916 = ORIENTED_EDGE ( 'NONE', *, *, #2464, .T. ) ;
#4917 = ORIENTED_EDGE ( 'NONE', *, *, #1839, .T. ) ;
#4918 = CARTESIAN_POINT ( 'NONE',  ( 57.48842978793436487, 60.50453060066703159, -16.09999999999999787 ) ) ;
#4919 = AXIS2_PLACEMENT_3D ( 'NONE', #926, #2441, #1406 ) ;
#4920 = CARTESIAN_POINT ( 'NONE',  ( 75.04614544607878202, 46.64054452537614281, -16.09999999999999076 ) ) ;
#4921 = ORIENTED_EDGE ( 'NONE', *, *, #736, .T. ) ;
#4922 = CARTESIAN_POINT ( 'NONE',  ( 31.29155405516245025, 61.23522481258653727, -14.09999999999998721 ) ) ;
#4923 = CIRCLE ( 'NONE', #1454, 0.8999999999999980238 ) ;
#4924 = CARTESIAN_POINT ( 'NONE',  ( 49.53750259879727480, 47.83142035289869654, -14.09999999999996589 ) ) ;
#4925 = ORIENTED_EDGE ( 'NONE', *, *, #365, .T. ) ;
#4926 = FACE_OUTER_BOUND ( 'NONE', #2000, .T. ) ;
#4927 = CARTESIAN_POINT ( 'NONE',  ( 75.32382121589517965, 47.35377684811528809, 7.500000000000000000 ) ) ;
#4928 = LINE ( 'NONE', #3341, #857 ) ;
#4929 = CARTESIAN_POINT ( 'NONE',  ( 64.01522746589517965, 59.27341970525814219, -16.09999999999999787 ) ) ;
#4930 = PLANE ( 'NONE',  #5207 ) ;
#4931 = CARTESIAN_POINT ( 'NONE',  ( 51.56753528688566490, 60.40369277362127320, -16.09999999999998010 ) ) ;
#4932 = DIRECTION ( 'NONE',  ( -0.000000000000000000, -0.000000000000000000, -1.000000000000000000 ) ) ;
#4933 = ORIENTED_EDGE ( 'NONE', *, *, #3862, .F. ) ;
#4934 = DIRECTION ( 'NONE',  ( 0.000000000000000000, 0.000000000000000000, -1.000000000000000000 ) ) ;
#4935 = CARTESIAN_POINT ( 'NONE',  ( 56.00183460875231134, 60.06304024097243399, -16.09999999999999787 ) ) ;
#4936 = ORIENTED_EDGE ( 'NONE', *, *, #5527, .F. ) ;
#4937 = ORIENTED_EDGE ( 'NONE', *, *, #1913, .F. ) ;
#4938 = CARTESIAN_POINT ( 'NONE',  ( 72.63417266813976880, 58.12014530828189152, -16.09999999999999076 ) ) ;
#4939 = EDGE_CURVE ( 'NONE', #630, #918, #1127, .T. ) ;
#4940 = FACE_OUTER_BOUND ( 'NONE', #6462, .T. ) ;
#4941 = DIRECTION ( 'NONE',  ( 0.000000000000000000, 0.000000000000000000, -1.000000000000000000 ) ) ;
#4942 = CARTESIAN_POINT ( 'NONE',  ( 55.68096407303803375, 51.07308488382957989, 7.500000000000000000 ) ) ;
#4943 = EDGE_CURVE ( 'NONE', #429, #6353, #5213, .T. ) ;
#4944 = EDGE_CURVE ( 'NONE', #5237, #4813, #3553, .T. ) ;
#4945 = CARTESIAN_POINT ( 'NONE',  ( 81.01366133867603025, 13.69489139605286532, -14.09999999999999432 ) ) ;
#4946 = ORIENTED_EDGE ( 'NONE', *, *, #2610, .F. ) ;
#4947 = DIRECTION ( 'NONE',  ( 0.9486832980505138790, -0.3162277660168379412, 0.000000000000000000 ) ) ;
#4948 = CARTESIAN_POINT ( 'NONE',  ( 48.32992256162073375, 60.56732234218866751, -14.09999999999997300 ) ) ;
#4949 = ORIENTED_EDGE ( 'NONE', *, *, #4915, .F. ) ;
#4950 = ORIENTED_EDGE ( 'NONE', *, *, #1839, .F. ) ;
#4951 = CARTESIAN_POINT ( 'NONE',  ( 73.92801980979722032, 51.65681226480896271, -16.09999999999999076 ) ) ;
#4952 = CARTESIAN_POINT ( 'NONE',  ( 39.93479315608104940, 61.08043398272046431, -14.09999999999997655 ) ) ;
#4953 = CARTESIAN_POINT ( 'NONE',  ( 74.08219175160945724, 51.66181256240100339, -16.09999999999999787 ) ) ;
#4954 = ADVANCED_FACE ( 'NONE', ( #6258 ), #3571, .T. ) ;
#4955 = FACE_OUTER_BOUND ( 'NONE', #2124, .T. ) ;
#4956 = CARTESIAN_POINT ( 'NONE',  ( 48.45445160184914357, 60.93966854192218108, -16.10000000000000142 ) ) ;
#4957 = VERTEX_POINT ( 'NONE', #3632 ) ;
#4958 = CARTESIAN_POINT ( 'NONE',  ( 57.68528827485359045, 61.13452409587087288, -16.09999999999999432 ) ) ;
#4959 = CARTESIAN_POINT ( 'NONE',  ( 48.17593044605315100, 60.45294197436516725, -16.09999999999999787 ) ) ;
#4960 = CARTESIAN_POINT ( 'NONE',  ( 52.38576318018088784, 46.57531702668671869, -16.09999999999999432 ) ) ;
#4961 = PLANE ( 'NONE',  #6320 ) ;
#4962 = DIRECTION ( 'NONE',  ( 0.6984769641828448838, 0.7156325387417182826, -0.000000000000000000 ) ) ;
#4963 = CARTESIAN_POINT ( 'NONE',  ( 51.05484800160947145, 60.98379916954386459, -16.09999999999998366 ) ) ;
#4964 = LINE ( 'NONE', #291, #3527 ) ;
#4965 = EDGE_LOOP ( 'NONE', ( #95, #509, #802, #6247 ) ) ;
#4966 = CARTESIAN_POINT ( 'NONE',  ( 55.99811458700737177, 105.8748276154417312, -6.099999999999997868 ) ) ;
#4967 = ORIENTED_EDGE ( 'NONE', *, *, #4368, .F. ) ;
#4968 = CARTESIAN_POINT ( 'NONE',  ( 72.64314601042094921, 59.00556544768508616, -14.09999999999997655 ) ) ;
#4969 = CARTESIAN_POINT ( 'NONE',  ( 55.99929390387449502, 0.04330999182739963399, -6.099999999999997868 ) ) ;
#4970 = CARTESIAN_POINT ( 'NONE',  ( 39.26355335875231134, 61.57531702668671869, -16.09999999999999787 ) ) ;
#4971 = ADVANCED_FACE ( 'NONE', ( #5816 ), #1161, .T. ) ;
#4972 = LINE ( 'NONE', #5011, #422 ) ;
#4973 = LINE ( 'NONE', #300, #4267 ) ;
#4974 = ORIENTED_EDGE ( 'NONE', *, *, #4199, .F. ) ;
#4975 = LINE ( 'NONE', #3935, #6510 ) ;
#4976 = DIRECTION ( 'NONE',  ( -0.000000000000000000, -0.000000000000000000, -1.000000000000000000 ) ) ;
#4977 = ORIENTED_EDGE ( 'NONE', *, *, #2291, .F. ) ;
#4978 = ADVANCED_FACE ( 'NONE', ( #4173 ), #2574, .F. ) ;
#4979 = CARTESIAN_POINT ( 'NONE',  ( 73.78416819505713420, 51.63544494102692539, -14.09999999999997300 ) ) ;
#4980 = DIRECTION ( 'NONE',  ( -0.000000000000000000, -0.000000000000000000, 1.000000000000000000 ) ) ;
#4981 = ORIENTED_EDGE ( 'NONE', *, *, #1971, .T. ) ;
#4982 = VECTOR ( 'NONE', #4621, 1000.000000000000000 ) ;
#4983 = LINE ( 'NONE', #6481, #1980 ) ;
#4984 = VERTEX_POINT ( 'NONE', #1029 ) ;
#4985 = CARTESIAN_POINT ( 'NONE',  ( 48.45453560052821018, 60.85151876839533003, -14.09999999999997300 ) ) ;
#4986 = ORIENTED_EDGE ( 'NONE', *, *, #5373, .T. ) ;
#4987 = VERTEX_POINT ( 'NONE', #3114 ) ;
#4988 = EDGE_CURVE ( 'NONE', #4689, #155, #5178, .T. ) ;
#4989 = CARTESIAN_POINT ( 'NONE',  ( 65.98509353732374905, 61.55578577668671869, -14.09999999999998721 ) ) ;
#4990 = EDGE_CURVE ( 'NONE', #2436, #6687, #1203, .T. ) ;
#4991 = AXIS2_PLACEMENT_3D ( 'NONE', #105, #1132, #2139 ) ;
#4992 = CARTESIAN_POINT ( 'NONE',  ( 30.73296463829048619, 60.37299079924871137, -14.09999999999997300 ) ) ;
#4993 = VECTOR ( 'NONE', #4658, 1000.000000000000000 ) ;
#4994 = CARTESIAN_POINT ( 'NONE',  ( 38.64280904264997929, 46.89909439226634191, -16.09999999999998721 ) ) ;
#4995 = CARTESIAN_POINT ( 'NONE',  ( 74.27326732376575080, 51.64907491628551384, -16.09999999999999432 ) ) ;
#4996 = CARTESIAN_POINT ( 'NONE',  ( 43.39866442721537965, 60.53158347776597026, -14.09999999999998721 ) ) ;
#4997 = AXIS2_PLACEMENT_3D ( 'NONE', #4399, #5485, #295 ) ;
#4998 = DIRECTION ( 'NONE',  ( 0.000000000000000000, 0.000000000000000000, -1.000000000000000000 ) ) ;
#4999 = APPROVAL_DATE_TIME ( #1232, #5623 ) ;
#5000 = LINE ( 'NONE', #1433, #3249 ) ;
#5001 = ORIENTED_EDGE ( 'NONE', *, *, #4440, .F. ) ;
#5002 = AXIS2_PLACEMENT_3D ( 'NONE', #436, #1947, #498 ) ;
#5003 = CARTESIAN_POINT ( 'NONE',  ( 57.68693177176776743, 61.10276263745446812, -14.09999999999998010 ) ) ;
#5004 = CARTESIAN_POINT ( 'NONE',  ( 43.86223646664431186, 47.32649832620397490, -14.09999999999998721 ) ) ;
#5005 = CARTESIAN_POINT ( 'NONE',  ( 61.44826318018088784, 61.17632149097243399, -14.09999999999997655 ) ) ;
#5006 = AXIS2_PLACEMENT_3D ( 'NONE', #1269, #3288, #3395 ) ;
#5007 = CARTESIAN_POINT ( 'NONE',  ( 0.04330999182739999481, 52.95769869083799364, -16.09999999999999787 ) ) ;
#5008 = LINE ( 'NONE', #5585, #6630 ) ;
#5009 = ORIENTED_EDGE ( 'NONE', *, *, #172, .T. ) ;
#5010 = EDGE_LOOP ( 'NONE', ( #5710, #3337, #5284, #3368 ) ) ;
#5011 = CARTESIAN_POINT ( 'NONE',  ( 47.34112032303802664, 60.36995988382957279, -16.09999999999999787 ) ) ;
#5012 = CARTESIAN_POINT ( 'NONE',  ( 39.84898277564347779, 61.29980163667103454, -16.09999999999999432 ) ) ;
#5013 = ORIENTED_EDGE ( 'NONE', *, *, #2745, .F. ) ;
#5014 = CARTESIAN_POINT ( 'NONE',  ( 73.57405132752461441, 47.77435210488406625, -14.09999999999998721 ) ) ;
#5015 = ORIENTED_EDGE ( 'NONE', *, *, #1708, .T. ) ;
#5016 = DIRECTION ( 'NONE',  ( -0.4602437522693765826, -0.8877925931753456457, 0.000000000000000000 ) ) ;
#5017 = CARTESIAN_POINT ( 'NONE',  ( 51.05484800160946435, 60.98379916954385749, -14.09999999999998010 ) ) ;
#5018 = VERTEX_POINT ( 'NONE', #1345 ) ;
#5019 = DIRECTION ( 'NONE',  ( 0.000000000000000000, 0.000000000000000000, -1.000000000000000000 ) ) ;
#5020 = EDGE_CURVE ( 'NONE', #4407, #1792, #1862, .T. ) ;
#5021 = DIRECTION ( 'NONE',  ( 1.000000000000000000, 0.000000000000000000, 0.000000000000000000 ) ) ;
#5022 = EDGE_LOOP ( 'NONE', ( #1873, #2248, #6105, #999, #2391, #4131, #6156, #1590, #4751, #5293, #4205, #2818, #5797, #3485, #761, #945, #3185, #700, #6107, #4688, #2193, #3034, #1942, #1707, #4445, #2179, #4044, #3621, #2917, #1434, #4011, #4583, #2575, #4182, #6093, #6472, #570, #5434, #212, #3429, #2519, #6557, #3501, #6322, #5777, #4095, #6670, #4177, #2459, #3708, #3995, #986, #280 ) ) ;
#5023 = CARTESIAN_POINT ( 'NONE',  ( 0.000000000000000000, 61.57531702668671869, -14.09999999999999432 ) ) ;
#5024 = B_SPLINE_SURFACE_WITH_KNOTS ( 'NONE', 3, 1, ( 
 ( #4253, #2219 ),
 ( #1143, #5295 ),
 ( #4287, #3197 ),
 ( #662, #3812 ),
 ( #2758, #4314 ),
 ( #5263, #2250 ),
 ( #4387, #5799 ),
 ( #3848, #6345 ),
 ( #2794, #2723 ),
 ( #4826, #6375 ),
 ( #1693, #3775 ) ),
 .UNSPECIFIED., .F., .F., .F.,
 ( 4, 1, 1, 1, 1, 1, 1, 1, 4 ),
 ( 2, 2 ),
 ( 0.000000000000000000, 0.1101624406791440330, 0.2262065302928193689, 0.3638642837295504862, 0.5310447810791494305, 0.6958205021527626988, 0.8275155774792034569, 0.9284961809181873083, 1.000000000000000000 ),
 ( 0.000000000000000000, 1.000000000000000000 ),
 .UNSPECIFIED. ) ;
#5025 = CARTESIAN_POINT ( 'NONE',  ( 43.89524978732374194, 47.05243756240100339, -16.09999999999999787 ) ) ;
#5026 = CARTESIAN_POINT ( 'NONE',  ( 75.30552894238962836, 46.93142720985955663, -16.09999999999999432 ) ) ;
#5027 = CIRCLE ( 'NONE', #1996, 0.8999999999999980238 ) ;
#5028 = CARTESIAN_POINT ( 'NONE',  ( 72.63713539099144612, 58.43543334468339623, -14.09999999999998721 ) ) ;
#5029 = EDGE_CURVE ( 'NONE', #2474, #1038, #3140, .T. ) ;
#5030 = EDGE_CURVE ( 'NONE', #3868, #1532, #525, .T. ) ;
#5031 = CARTESIAN_POINT ( 'NONE',  ( 39.05149978732374194, 46.57531702668671869, 7.500000000000000000 ) ) ;
#5032 = ORIENTED_EDGE ( 'NONE', *, *, #6427, .T. ) ;
#5033 = CARTESIAN_POINT ( 'NONE',  ( 57.41366496589517254, 47.31192416954386459, 7.500000000000000000 ) ) ;
#5034 = VECTOR ( 'NONE', #868, 1000.000000000000000 ) ;
#5035 = VERTEX_POINT ( 'NONE', #3865 ) ;
#5036 = DIRECTION ( 'NONE',  ( 0.000000000000000000, 0.000000000000000000, -1.000000000000000000 ) ) ;
#5037 = CARTESIAN_POINT ( 'NONE',  ( 52.00087584805926610, 46.69387352576109151, -16.09999999999999432 ) ) ;
#5038 = VECTOR ( 'NONE', #722, 1000.000000000000000 ) ;
#5039 = EDGE_CURVE ( 'NONE', #4068, #1031, #2884, .T. ) ;
#5040 = DIRECTION ( 'NONE',  ( -0.000000000000000000, -0.000000000000000000, 1.000000000000000000 ) ) ;
#5041 = CARTESIAN_POINT ( 'NONE',  ( 53.01076318018088784, 60.17464738382957989, -14.09999999999998721 ) ) ;
#5042 = ORIENTED_EDGE ( 'NONE', *, *, #3587, .F. ) ;
#5043 = ORIENTED_EDGE ( 'NONE', *, *, #231, .T. ) ;
#5044 = CARTESIAN_POINT ( 'NONE',  ( 43.89524978732374194, 47.05243756240100339, -14.09999999999997300 ) ) ;
#5045 = CARTESIAN_POINT ( 'NONE',  ( 73.33818216842078641, 51.28700646653406636, -14.09999999999999076 ) ) ;
#5046 = ORIENTED_EDGE ( 'NONE', *, *, #6649, .F. ) ;
#5047 = DIRECTION ( 'NONE',  ( -0.000000000000000000, -0.000000000000000000, -1.000000000000000000 ) ) ;
#5048 = DIRECTION ( 'NONE',  ( -0.8952020305760360896, -0.4456605484587362609, 0.000000000000000000 ) ) ;
#5049 = CARTESIAN_POINT ( 'NONE',  ( 26.19098179247790270, 61.38105942959558092, -14.09999999999998721 ) ) ;
#5050 = CARTESIAN_POINT ( 'NONE',  ( 35.92928996589517254, 61.55578577668671869, 7.500000000000000000 ) ) ;
#5051 = ORIENTED_EDGE ( 'NONE', *, *, #1663, .F. ) ;
#5052 = B_SPLINE_CURVE_WITH_KNOTS ( 'NONE', 3,
 ( #1032, #4586, #5160, #4178, #6720, #4683, #549 ),
 .UNSPECIFIED., .F., .F.,
 ( 4, 1, 1, 1, 4 ),
 ( 0.000000000000000000, 0.2299342313464998733, 0.4583369283291793272, 0.7109019876121617232, 1.000000000000000000 ),
 .UNSPECIFIED. ) ;
#5053 = CARTESIAN_POINT ( 'NONE',  ( 48.40929959087673495, 61.23522481258653727, -14.09999999999997300 ) ) ;
#5054 = VERTEX_POINT ( 'NONE', #3354 ) ;
#5055 = DIRECTION ( 'NONE',  ( 0.4389001899376441251, 0.8985358219195827001, 0.000000000000000000 ) ) ;
#5056 = ADVANCED_FACE ( 'NONE', ( #5923 ), #167, .T. ) ;
#5057 = FACE_OUTER_BOUND ( 'NONE', #52, .T. ) ;
#5058 = CARTESIAN_POINT ( 'NONE',  ( 39.91334180967673717, 47.76364926074756312, -16.09999999999999432 ) ) ;
#5059 = CARTESIAN_POINT ( 'NONE',  ( 57.67036139446660314, 60.75779470525814929, 7.500000000000000000 ) ) ;
#5060 = CARTESIAN_POINT ( 'NONE',  ( 39.44491496589517254, 47.70812952668671869, -16.09999999999999787 ) ) ;
#5061 = ORIENTED_EDGE ( 'NONE', *, *, #2086, .T. ) ;
#5062 = CARTESIAN_POINT ( 'NONE',  ( 54.77973639446660314, 47.82531702668671159, -16.09999999999999787 ) ) ;
#5063 = CARTESIAN_POINT ( 'NONE',  ( 26.51243728732374194, 60.42018309811528809, -16.09999999999999787 ) ) ;
#5064 = VERTEX_POINT ( 'NONE', #2270 ) ;
#5065 = EDGE_CURVE ( 'NONE', #1567, #1319, #4406, .T. ) ;
#5066 = EDGE_CURVE ( 'NONE', #1031, #5567, #3428, .T. ) ;
#5067 = DIRECTION ( 'NONE',  ( 0.000000000000000000, 0.000000000000000000, -1.000000000000000000 ) ) ;
#5068 = CARTESIAN_POINT ( 'NONE',  ( 27.71059238009322812, 55.25525306928755498, -14.09999999999999432 ) ) ;
#5069 = ORIENTED_EDGE ( 'NONE', *, *, #3361, .F. ) ;
#5070 = CARTESIAN_POINT ( 'NONE',  ( 52.34112032303803375, 60.37275006240100339, -16.09999999999999787 ) ) ;
#5071 = ORIENTED_EDGE ( 'NONE', *, *, #4122, .T. ) ;
#5072 = EDGE_CURVE ( 'NONE', #3870, #3317, #4808, .T. ) ;
#5073 = ADVANCED_FACE ( 'NONE', ( #2741 ), #2852, .T. ) ;
#5074 = ORIENTED_EDGE ( 'NONE', *, *, #3088, .T. ) ;
#5075 = DIRECTION ( 'NONE',  ( 0.000000000000000000, 0.000000000000000000, -1.000000000000000000 ) ) ;
#5076 = PLANE ( 'NONE',  #4490 ) ;
#5077 = DIRECTION ( 'NONE',  ( -0.9475234796988452057, 0.3196861827157876923, 0.000000000000000000 ) ) ;
#5078 = B_SPLINE_SURFACE_WITH_KNOTS ( 'NONE', 3, 1, ( 
 ( #3446, #4433 ),
 ( #4365, #6020 ),
 ( #5512, #3989 ),
 ( #6426, #845 ),
 ( #5988, #2395 ),
 ( #712, #6497 ),
 ( #194, #4938 ),
 ( #5384, #1886 ),
 ( #3892, #1782 ),
 ( #4968, #5949 ),
 ( #6464, #330 ) ),
 .UNSPECIFIED., .F., .F., .F.,
 ( 4, 1, 1, 1, 1, 1, 1, 1, 4 ),
 ( 2, 2 ),
 ( 0.000000000000000000, 0.08954781583207162277, 0.1890453889788171749, 0.2984997858011221861, 0.4179033511080942898, 0.5484998382034987907, 0.6890456633498932559, 0.8395408819840500803, 1.000000000000000000 ),
 ( 0.000000000000000000, 1.000000000000000000 ),
 .UNSPECIFIED. ) ;
#5079 = CARTESIAN_POINT ( 'NONE',  ( 26.91422300160945724, 60.36995988382957279, 7.500000000000000000 ) ) ;
#5080 = LINE ( 'NONE', #411, #4781 ) ;
#5081 = ORIENTED_EDGE ( 'NONE', *, *, #595, .F. ) ;
#5082 = CARTESIAN_POINT ( 'NONE',  ( 39.41502772361543805, 61.56967410235707661, -14.09999999999997300 ) ) ;
#5083 = ORIENTED_EDGE ( 'NONE', *, *, #2261, .T. ) ;
#5084 = CARTESIAN_POINT ( 'NONE',  ( 30.84000425160946079, 61.57531702668671869, -14.09999999999997655 ) ) ;
#5085 = EDGE_LOOP ( 'NONE', ( #2733, #4107, #1935, #6741 ) ) ;
#5086 = CARTESIAN_POINT ( 'NONE',  ( 49.77909795352819344, 47.59304208072604325, -14.09999999999997300 ) ) ;
#5087 = ORIENTED_EDGE ( 'NONE', *, *, #1148, .F. ) ;
#5088 = PLANE ( 'NONE',  #6500 ) ;
#5089 = CARTESIAN_POINT ( 'NONE',  ( 50.07843104844721438, 105.9601459312399925, -24.09999999999999787 ) ) ;
#5090 = VECTOR ( 'NONE', #573, 1000.000000000000000 ) ;
#5091 = CARTESIAN_POINT ( 'NONE',  ( 64.49792835875231845, 59.75891077668671159, 7.500000000000000000 ) ) ;
#5092 = LINE ( 'NONE', #3512, #2851 ) ;
#5093 = DIRECTION ( 'NONE',  ( -1.000000000000000000, 0.000000000000000000, 0.000000000000000000 ) ) ;
#5094 = VERTEX_POINT ( 'NONE', #6398 ) ;
#5095 = CIRCLE ( 'NONE', #1062, 52.95827939944611984 ) ;
#5096 = VECTOR ( 'NONE', #1786, 1000.000000000000000 ) ;
#5097 = CARTESIAN_POINT ( 'NONE',  ( 30.73296463829048619, 60.37299079924871137, -14.09999999999999076 ) ) ;
#5098 = LINE ( 'NONE', #3549, #753 ) ;
#5099 = ORIENTED_EDGE ( 'NONE', *, *, #2424, .T. ) ;
#5100 = DIRECTION ( 'NONE',  ( 0.000000000000000000, 0.000000000000000000, -1.000000000000000000 ) ) ;
#5101 = VECTOR ( 'NONE', #6584, 1000.000000000000114 ) ;
#5102 = DIRECTION ( 'NONE',  ( 1.000000000000000000, 0.000000000000000000, 0.000000000000000000 ) ) ;
#5103 = ORIENTED_EDGE ( 'NONE', *, *, #5927, .F. ) ;
#5104 = ADVANCED_FACE ( 'NONE', ( #5461 ), #1753, .T. ) ;
#5105 = CARTESIAN_POINT ( 'NONE',  ( 41.83051764446660314, 48.17408934811528809, 7.500000000000000000 ) ) ;
#5106 = VERTEX_POINT ( 'NONE', #792 ) ;
#5107 = CIRCLE ( 'NONE', #1965, 2.956992594712500200 ) ;
#5108 = VECTOR ( 'NONE', #2658, 1000.000000000000000 ) ;
#5109 = ORIENTED_EDGE ( 'NONE', *, *, #4199, .T. ) ;
#5110 = CARTESIAN_POINT ( 'NONE',  ( 31.33679006481392904, 60.85151876839533003, -16.10000000000000142 ) ) ;
#5111 = VECTOR ( 'NONE', #6458, 1000.000000000000000 ) ;
#5112 = DIRECTION ( 'NONE',  ( -1.000000000000000000, 0.000000000000000000, 0.000000000000000000 ) ) ;
#5113 = EDGE_CURVE ( 'NONE', #2691, #6268, #1825, .T. ) ;
#5114 = DIRECTION ( 'NONE',  ( 1.000000000000000000, -0.000000000000000000, 0.000000000000000000 ) ) ;
#5115 = ADVANCED_FACE ( 'NONE', ( #5955 ), #3323, .T. ) ;
#5116 = LINE ( 'NONE', #1999, #1348 ) ;
#5117 = CARTESIAN_POINT ( 'NONE',  ( 57.69826318018088074, 61.09261613382957279, -14.09999999999996945 ) ) ;
#5118 = EDGE_LOOP ( 'NONE', ( #3257, #5680, #3910, #3524 ) ) ;
#5119 = VECTOR ( 'NONE', #5, 1000.000000000000000 ) ;
#5120 = CARTESIAN_POINT ( 'NONE',  ( 39.26355335875231134, 61.57531702668671869, -14.09999999999997300 ) ) ;
#5121 = ORIENTED_EDGE ( 'NONE', *, *, #2303, .F. ) ;
#5122 = LINE ( 'NONE', #6139, #5758 ) ;
#5123 = ORIENTED_EDGE ( 'NONE', *, *, #6227, .F. ) ;
#5124 = ADVANCED_FACE ( 'NONE', ( #2370 ), #5889, .T. ) ;
#5125 = CARTESIAN_POINT ( 'NONE',  ( 43.39866442721537965, 60.53158347776597026, -16.09999999999999787 ) ) ;
#5126 = VERTEX_POINT ( 'NONE', #4437 ) ;
#5127 = CARTESIAN_POINT ( 'NONE',  ( 64.61232568018088784, 53.29127684811529519, 7.500000000000000000 ) ) ;
#5128 = CARTESIAN_POINT ( 'NONE',  ( 35.92928996589517254, 61.55578577668671869, -14.09999999999998010 ) ) ;
#5129 = CARTESIAN_POINT ( 'NONE',  ( 74.79422786859755945, 46.57801286948176767, -14.09999999999998366 ) ) ;
#5130 = CARTESIAN_POINT ( 'NONE',  ( 51.40980014203525883, 60.45023888678340285, -16.09999999999999076 ) ) ;
#5131 = ORIENTED_EDGE ( 'NONE', *, *, #1447, .T. ) ;
#5132 = DIRECTION ( 'NONE',  ( -0.000000000000000000, -0.000000000000000000, -1.000000000000000000 ) ) ;
#5133 = CARTESIAN_POINT ( 'NONE',  ( 52.99842878151299885, 53.00157121848699404, -167.7639969244287386 ) ) ;
#5134 = CARTESIAN_POINT ( 'NONE',  ( 70.50239264446659604, 57.72487059811528809, -16.09999999999999787 ) ) ;
#5135 = ORIENTED_EDGE ( 'NONE', *, *, #3634, .T. ) ;
#5136 = VECTOR ( 'NONE', #2097, 1000.000000000000114 ) ;
#5137 = CARTESIAN_POINT ( 'NONE',  ( 39.90346906129732218, 60.75834674562596405, -14.09999999999997300 ) ) ;
#5138 = DIRECTION ( 'NONE',  ( -0.000000000000000000, -0.000000000000000000, 1.000000000000000000 ) ) ;
#5139 = ORIENTED_EDGE ( 'NONE', *, *, #4939, .T. ) ;
#5140 = CIRCLE ( 'NONE', #3418, 52.95827939944611984 ) ;
#5141 = CYLINDRICAL_SURFACE ( 'NONE', #6290, 2.960456600711792952 ) ;
#5142 = ORIENTED_EDGE ( 'NONE', *, *, #2094, .T. ) ;
#5143 = VERTEX_POINT ( 'NONE', #825 ) ;
#5144 = EDGE_CURVE ( 'NONE', #5956, #1224, #3967, .T. ) ;
#5145 = CARTESIAN_POINT ( 'NONE',  ( 43.88296433897939153, 46.99529982635592518, -16.09999999999999432 ) ) ;
#5146 = VECTOR ( 'NONE', #1636, 1000.000000000000000 ) ;
#5147 = DIRECTION ( 'NONE',  ( -1.000000000000000000, 0.000000000000000000, 0.000000000000000000 ) ) ;
#5148 = CARTESIAN_POINT ( 'NONE',  ( 66.56824085875231845, 52.04127684811528809, -16.09999999999999787 ) ) ;
#5149 = DIRECTION ( 'NONE',  ( 0.000000000000000000, -0.000000000000000000, -1.000000000000000000 ) ) ;
#5150 = CARTESIAN_POINT ( 'NONE',  ( 39.91334180967673717, 47.76364926074756312, -14.09999999999996945 ) ) ;
#5151 = EDGE_CURVE ( 'NONE', #1283, #1699, #5354, .T. ) ;
#5152 = B_SPLINE_CURVE_WITH_KNOTS ( 'NONE', 3,
 ( #2334, #2266, #5308, #4330, #1233, #2737, #6391 ),
 .UNSPECIFIED., .F., .F.,
 ( 4, 1, 1, 1, 4 ),
 ( 0.000000000000000000, 0.1554207360201361743, 0.3729876177277507421, 0.6538581053173657676, 1.000000000000000000 ),
 .UNSPECIFIED. ) ;
#5153 = ADVANCED_FACE ( 'NONE', ( #3046 ), #5076, .T. ) ;
#5154 = CARTESIAN_POINT ( 'NONE',  ( 26.04491345169747163, 61.11146681646633994, -16.09999999999999432 ) ) ;
#5155 = ORIENTED_EDGE ( 'NONE', *, *, #1868, .F. ) ;
#5156 = CARTESIAN_POINT ( 'NONE',  ( 30.89377617015874478, 61.56372305344224571, -16.09999999999998721 ) ) ;
#5157 = ORIENTED_EDGE ( 'NONE', *, *, #5843, .F. ) ;
#5158 = CARTESIAN_POINT ( 'NONE',  ( 49.53750259879727480, 47.83142035289869654, -16.09999999999998366 ) ) ;
#5159 = ORIENTED_EDGE ( 'NONE', *, *, #1841, .F. ) ;
#5160 = CARTESIAN_POINT ( 'NONE',  ( 26.05662824968335300, 60.86126327753767384, -14.09999999999999432 ) ) ;
#5161 = DIRECTION ( 'NONE',  ( 0.7156325387417182826, -0.6984769641828448838, 0.000000000000000000 ) ) ;
#5162 = DIRECTION ( 'NONE',  ( -1.000000000000000000, 0.000000000000000000, 0.000000000000000000 ) ) ;
#5163 = CARTESIAN_POINT ( 'NONE',  ( 57.41366496589517254, 47.31192416954386459, -16.09999999999999787 ) ) ;
#5164 = ORIENTED_EDGE ( 'NONE', *, *, #1664, .T. ) ;
#5165 = DIRECTION ( 'NONE',  ( -0.7088251375485330463, -0.7053842388225748383, 0.000000000000000000 ) ) ;
#5166 = LINE ( 'NONE', #3100, #4993 ) ;
#5167 = CARTESIAN_POINT ( 'NONE',  ( 53.04230130916199215, 0.04330999182739999481, -6.099999999999997868 ) ) ;
#5168 = CARTESIAN_POINT ( 'NONE',  ( 5.838595107580672128, -5.806573562200939342, -14.09999999999999432 ) ) ;
#5169 = CARTESIAN_POINT ( 'NONE',  ( 74.44617958108719336, 51.57291614546851832, -14.09999999999998721 ) ) ;
#5170 = EDGE_LOOP ( 'NONE', ( #5236, #5216, #2660, #6352 ) ) ;
#5171 = ORIENTED_EDGE ( 'NONE', *, *, #2667, .F. ) ;
#5172 = CARTESIAN_POINT ( 'NONE',  ( 43.63527314126913836, 46.63650891411452903, -14.09999999999997655 ) ) ;
#5173 = CARTESIAN_POINT ( 'NONE',  ( 38.74543905741057870, 60.35540885637099962, -16.09999999999999076 ) ) ;
#5174 = DIRECTION ( 'NONE',  ( 0.8964933724782936375, 0.4430571442855825159, 0.000000000000000000 ) ) ;
#5175 = DIRECTION ( 'NONE',  ( -0.1693912155993329005, 0.9855488907597533821, 0.000000000000000000 ) ) ;
#5176 = CARTESIAN_POINT ( 'NONE',  ( 57.26977341624234441, 60.39597410552483581, -16.09999999999998721 ) ) ;
#5177 = CARTESIAN_POINT ( 'NONE',  ( 62.57352238880109496, 61.43947266375454319, -16.09999999999999076 ) ) ;
#5178 = LINE ( 'NONE', #1577, #3277 ) ;
#5179 = VERTEX_POINT ( 'NONE', #6097 ) ;
#5180 = DIRECTION ( 'NONE',  ( 1.000000000000000000, 0.000000000000000000, 0.000000000000000000 ) ) ;
#5181 = ADVANCED_FACE ( 'NONE', ( #1997 ), #4071, .T. ) ;
#5182 = ORIENTED_EDGE ( 'NONE', *, *, #2732, .T. ) ;
#5183 = CARTESIAN_POINT ( 'NONE',  ( 51.12181228732374194, 61.21817416954385749, -16.09999999999999076 ) ) ;
#5184 = B_SPLINE_SURFACE_WITH_KNOTS ( 'NONE', 3, 1, ( 
 ( #4276, #1167 ),
 ( #4845, #3253 ),
 ( #652, #138 ),
 ( #4305, #6366 ),
 ( #5362, #1716 ),
 ( #4339, #3800 ),
 ( #5858, #6405 ) ),
 .UNSPECIFIED., .F., .F., .F.,
 ( 4, 1, 1, 1, 4 ),
 ( 2, 2 ),
 ( 0.006938903726345616203, 0.3098592912016710499, 0.5707156612193656775, 0.7863180522357571256, 0.9999999999999998890 ),
 ( 0.000000000000000000, 1.000000000000000000 ),
 .UNSPECIFIED. ) ;
#5185 = CARTESIAN_POINT ( 'NONE',  ( 40.44379889446660314, 48.03179024097243399, -14.09999999999998010 ) ) ;
#5186 = CARTESIAN_POINT ( 'NONE',  ( 67.91589710875231845, 46.57531702668671869, -16.09999999999999787 ) ) ;
#5187 = ORIENTED_EDGE ( 'NONE', *, *, #1736, .F. ) ;
#5188 = CARTESIAN_POINT ( 'NONE',  ( 35.52087354132063979, 61.46544411962886301, -16.10000000000000142 ) ) ;
#5189 = EDGE_CURVE ( 'NONE', #3160, #1346, #779, .T. ) ;
#5190 = EDGE_CURVE ( 'NONE', #3396, #564, #1340, .T. ) ;
#5191 = ORIENTED_EDGE ( 'NONE', *, *, #4526, .F. ) ;
#5192 = DIRECTION ( 'NONE',  ( 0.000000000000000000, 0.000000000000000000, -1.000000000000000000 ) ) ;
#5193 = CARTESIAN_POINT ( 'NONE',  ( 35.92928996589517254, 61.55578577668671869, -14.09999999999996945 ) ) ;
#5194 = CARTESIAN_POINT ( 'NONE',  ( 26.19098179247790270, 61.38105942959558092, -16.10000000000000142 ) ) ;
#5195 = CARTESIAN_POINT ( 'NONE',  ( 31.33665603732374549, 60.99216970525814219, 7.500000000000000000 ) ) ;
#5196 = AXIS2_PLACEMENT_3D ( 'NONE', #3548, #1558, #4721 ) ;
#5197 = VECTOR ( 'NONE', #1401, 1000.000000000000000 ) ;
#5198 = EDGE_CURVE ( 'NONE', #5796, #2840, #373, .T. ) ;
#5199 = CARTESIAN_POINT ( 'NONE',  ( 57.22114264446660314, 60.38391077668671159, 7.500000000000000000 ) ) ;
#5200 = ORIENTED_EDGE ( 'NONE', *, *, #3346, .F. ) ;
#5201 = VECTOR ( 'NONE', #5245, 1000.000000000000000 ) ;
#5202 = EDGE_LOOP ( 'NONE', ( #5135, #2028, #1430, #6300 ) ) ;
#5203 = AXIS2_PLACEMENT_3D ( 'NONE', #2539, #5686, #6745 ) ;
#5204 = CARTESIAN_POINT ( 'NONE',  ( 56.15654255804167150, 60.25940487334762707, -16.09999999999999076 ) ) ;
#5205 = DIRECTION ( 'NONE',  ( 0.000000000000000000, 1.000000000000000000, 0.000000000000000000 ) ) ;
#5206 = DIRECTION ( 'NONE',  ( 0.3169793965334328778, -0.9484324236197857472, 0.000000000000000000 ) ) ;
#5207 = AXIS2_PLACEMENT_3D ( 'NONE', #185, #4962, #6522 ) ;
#5208 = CARTESIAN_POINT ( 'NONE',  ( 62.30211262734024302, 61.56772021035151710, -14.09999999999999432 ) ) ;
#5209 = VECTOR ( 'NONE', #6351, 1000.000000000000000 ) ;
#5210 = DIRECTION ( 'NONE',  ( -0.000000000000000000, -0.000000000000000000, -1.000000000000000000 ) ) ;
#5211 = CARTESIAN_POINT ( 'NONE',  ( 38.56879889446659604, 47.14172327668671869, -16.09999999999999432 ) ) ;
#5212 = CARTESIAN_POINT ( 'NONE',  ( 74.08219175160945724, 51.66181256240100339, -16.09999999999999787 ) ) ;
#5213 = LINE ( 'NONE', #5784, #439 ) ;
#5214 = ORIENTED_EDGE ( 'NONE', *, *, #5315, .T. ) ;
#5215 = CARTESIAN_POINT ( 'NONE',  ( 63.89524978732374905, 49.68915631240100339, -16.09999999999999787 ) ) ;
#5216 = ORIENTED_EDGE ( 'NONE', *, *, #489, .T. ) ;
#5217 = VECTOR ( 'NONE', #6749, 1000.000000000000000 ) ;
#5218 = LINE ( 'NONE', #1553, #2066 ) ;
#5219 = EDGE_CURVE ( 'NONE', #6716, #5018, #5521, .T. ) ;
#5220 = DIRECTION ( 'NONE',  ( -0.5021355173865237331, -0.8647889466100778799, 0.000000000000000000 ) ) ;
#5221 = ORIENTED_EDGE ( 'NONE', *, *, #4620, .F. ) ;
#5222 = CARTESIAN_POINT ( 'NONE',  ( 38.72504889446660314, 61.57531702668671869, 7.500000000000000000 ) ) ;
#5223 = CARTESIAN_POINT ( 'NONE',  ( 52.13891701802830880, 105.9528752296086651, -6.099999999999997868 ) ) ;
#5224 = ORIENTED_EDGE ( 'NONE', *, *, #3707, .F. ) ;
#5225 = VERTEX_POINT ( 'NONE', #6160 ) ;
#5226 = DIRECTION ( 'NONE',  ( -0.000000000000000000, -0.000000000000000000, 1.000000000000000000 ) ) ;
#5227 = CARTESIAN_POINT ( 'NONE',  ( 26.51243728732374194, 60.42018309811528809, -16.09999999999999787 ) ) ;
#5228 = CARTESIAN_POINT ( 'NONE',  ( 71.91701318018088784, 55.43134381240100339, 7.500000000000000000 ) ) ;
#5229 = EDGE_CURVE ( 'NONE', #2260, #1280, #4605, .T. ) ;
#5230 = CARTESIAN_POINT ( 'NONE',  ( 52.22732407154605738, 60.38364111526535538, -14.09999999999998721 ) ) ;
#5231 = EDGE_CURVE ( 'NONE', #3221, #2271, #4973, .T. ) ;
#5232 = CYLINDRICAL_SURFACE ( 'NONE', #1746, 0.8999999999999980238 ) ;
#5233 = ORIENTED_EDGE ( 'NONE', *, *, #444, .T. ) ;
#5234 = CARTESIAN_POINT ( 'NONE',  ( 57.74023484936051887, 60.94430802759647037, -14.09999999999999076 ) ) ;
#5235 = CIRCLE ( 'NONE', #2434, 0.9000000000000119016 ) ;
#5236 = ORIENTED_EDGE ( 'NONE', *, *, #1378, .T. ) ;
#5237 = VERTEX_POINT ( 'NONE', #4538 ) ;
#5238 = LINE ( 'NONE', #599, #1739 ) ;
#5239 = EDGE_CURVE ( 'NONE', #673, #1173, #6603, .T. ) ;
#5240 = VECTOR ( 'NONE', #136, 1000.000000000000000 ) ;
#5241 = CARTESIAN_POINT ( 'NONE',  ( 39.42301514751959957, 60.38050143897078215, -16.09999999999999787 ) ) ;
#5242 = FACE_OUTER_BOUND ( 'NONE', #2637, .T. ) ;
#5243 = CARTESIAN_POINT ( 'NONE',  ( 69.99178996589516544, 56.73993756240100339, 7.500000000000000000 ) ) ;
#5244 = VECTOR ( 'NONE', #2245, 1000.000000000000000 ) ;
#5245 = DIRECTION ( 'NONE',  ( -0.000000000000000000, -0.000000000000000000, -1.000000000000000000 ) ) ;
#5246 = DIRECTION ( 'NONE',  ( -0.000000000000000000, -0.000000000000000000, -1.000000000000000000 ) ) ;
#5247 = CARTESIAN_POINT ( 'NONE',  ( 48.11139894770033720, 61.54218813148447254, -16.09999999999998721 ) ) ;
#5248 = VERTEX_POINT ( 'NONE', #3651 ) ;
#5249 = CARTESIAN_POINT ( 'NONE',  ( 43.60228103732374194, 60.42018309811528809, -16.09999999999999076 ) ) ;
#5250 = EDGE_LOOP ( 'NONE', ( #4432, #3124, #6062, #4294 ) ) ;
#5251 = EDGE_LOOP ( 'NONE', ( #4643, #4545, #4528, #6271, #5706, #4759, #4547, #4777, #338, #6408, #1584, #6030, #4525, #5962, #5586, #1016 ) ) ;
#5252 = CARTESIAN_POINT ( 'NONE',  ( 51.05484800160946435, 60.98379916954385749, -14.09999999999997300 ) ) ;
#5253 = CARTESIAN_POINT ( 'NONE',  ( 43.47518808418050895, 61.50104826110218426, -14.09999999999996945 ) ) ;
#5254 = ORIENTED_EDGE ( 'NONE', *, *, #2499, .F. ) ;
#5255 = CARTESIAN_POINT ( 'NONE',  ( 71.91701318018088784, 55.43134381240100339, 7.500000000000000000 ) ) ;
#5256 = ORIENTED_EDGE ( 'NONE', *, *, #5576, .F. ) ;
#5257 = DIRECTION ( 'NONE',  ( 0.000000000000000000, 0.000000000000000000, -1.000000000000000000 ) ) ;
#5258 = ORIENTED_EDGE ( 'NONE', *, *, #5566, .F. ) ;
#5259 = ORIENTED_EDGE ( 'NONE', *, *, #1483, .T. ) ;
#5260 = ORIENTED_EDGE ( 'NONE', *, *, #2922, .T. ) ;
#5261 = LINE ( 'NONE', #2249, #5853 ) ;
#5262 = ADVANCED_FACE ( 'NONE', ( #5745 ), #340, .T. ) ;
#5263 = CARTESIAN_POINT ( 'NONE',  ( 62.45424611635610290, 56.52035997525705113, -14.09999999999997300 ) ) ;
#5264 = CARTESIAN_POINT ( 'NONE',  ( 43.60228103732374194, 60.42018309811528809, -14.09999999999998010 ) ) ;
#5265 = DIRECTION ( 'NONE',  ( -0.000000000000000000, -0.000000000000000000, -1.000000000000000000 ) ) ;
#5266 = CARTESIAN_POINT ( 'NONE',  ( 66.23899978732373484, 60.32531702668671869, 7.500000000000000000 ) ) ;
#5267 = ORIENTED_EDGE ( 'NONE', *, *, #4398, .F. ) ;
#5268 = EDGE_CURVE ( 'NONE', #469, #3221, #2631, .T. ) ;
#5269 = CARTESIAN_POINT ( 'NONE',  ( 28.09167835875231489, 59.95980363382957989, 7.500000000000000000 ) ) ;
#5270 = ORIENTED_EDGE ( 'NONE', *, *, #2340, .F. ) ;
#5271 = ORIENTED_EDGE ( 'NONE', *, *, #241, .F. ) ;
#5272 = CARTESIAN_POINT ( 'NONE',  ( 73.92801980979722032, 51.65681226480896271, -16.10000000000000142 ) ) ;
#5273 = CARTESIAN_POINT ( 'NONE',  ( 53.04230130916199215, 0.04330999182739999481, -1.599999999999998979 ) ) ;
#5274 = ADVANCED_FACE ( 'NONE', ( #4702 ), #1595, .F. ) ;
#5275 = CYLINDRICAL_SURFACE ( 'NONE', #4350, 52.95827939944611984 ) ;
#5276 = ADVANCED_FACE ( 'NONE', ( #2696 ), #4638, .T. ) ;
#5277 = CARTESIAN_POINT ( 'NONE',  ( 74.08219175160945724, 51.66181256240100339, 7.500000000000000000 ) ) ;
#5278 = CARTESIAN_POINT ( 'NONE',  ( 39.37596511235662433, 47.70710348875853413, -16.09999999999998721 ) ) ;
#5279 = DIRECTION ( 'NONE',  ( 0.000000000000000000, -1.000000000000000000, 0.000000000000000000 ) ) ;
#5280 = ORIENTED_EDGE ( 'NONE', *, *, #5855, .F. ) ;
#5281 = DIRECTION ( 'NONE',  ( -0.4283740459960283520, -0.9036015032728711427, 0.000000000000000000 ) ) ;
#5282 = CARTESIAN_POINT ( 'NONE',  ( 43.60228103732374194, 60.42018309811528809, -14.09999999999997300 ) ) ;
#5283 = EDGE_LOOP ( 'NONE', ( #2955, #3846, #535, #5616 ) ) ;
#5284 = ORIENTED_EDGE ( 'NONE', *, *, #787, .F. ) ;
#5285 = DIRECTION ( 'NONE',  ( -1.000000000000000000, 0.000000000000000000, 0.000000000000000000 ) ) ;
#5286 = B_SPLINE_CURVE_WITH_KNOTS ( 'NONE', 3,
 ( #6553, #1907, #3980, #1389, #1125, #2669, #5886 ),
 .UNSPECIFIED., .F., .F.,
 ( 4, 1, 1, 1, 4 ),
 ( 0.000000000000000000, 0.2244113494442519785, 0.4513270568285798756, 0.7046054108960744244, 1.000000000000000000 ),
 .UNSPECIFIED. ) ;
#5287 = CARTESIAN_POINT ( 'NONE',  ( 63.44324085875231845, 56.90734827668671869, -16.09999999999999076 ) ) ;
#5288 = ORIENTED_EDGE ( 'NONE', *, *, #1887, .F. ) ;
#5289 = CARTESIAN_POINT ( 'NONE',  ( 74.52685164857568623, 46.58028818683793304, -16.09999999999999787 ) ) ;
#5290 = ORIENTED_EDGE ( 'NONE', *, *, #5855, .T. ) ;
#5291 = DIRECTION ( 'NONE',  ( -0.000000000000000000, -0.000000000000000000, -1.000000000000000000 ) ) ;
#5292 = VERTEX_POINT ( 'NONE', #90 ) ;
#5293 = ORIENTED_EDGE ( 'NONE', *, *, #2842, .T. ) ;
#5294 = CARTESIAN_POINT ( 'NONE',  ( 65.98509353732374905, 61.55578577668671869, 7.500000000000000000 ) ) ;
#5295 = CARTESIAN_POINT ( 'NONE',  ( 62.12285926261790792, 56.79361592825555505, -16.09999999999999787 ) ) ;
#5296 = CARTESIAN_POINT ( 'NONE',  ( 43.14647199968335656, 60.86126327753767384, -16.09999999999999432 ) ) ;
#5297 = DIRECTION ( 'NONE',  ( 0.4624889039072900832, 0.8866250694417756595, 0.000000000000000000 ) ) ;
#5298 = DIRECTION ( 'NONE',  ( 0.000000000000000000, 1.000000000000000000, 0.000000000000000000 ) ) ;
#5299 = ORIENTED_EDGE ( 'NONE', *, *, #2841, .T. ) ;
#5300 = CARTESIAN_POINT ( 'NONE',  ( 50.08530871444949639, 0.04330999182739999481, -6.099999999999997868 ) ) ;
#5301 = ORIENTED_EDGE ( 'NONE', *, *, #4169, .T. ) ;
#5302 = EDGE_LOOP ( 'NONE', ( #4293, #5074, #140, #4378 ) ) ;
#5303 = CARTESIAN_POINT ( 'NONE',  ( -1.470602593383349976, 1.907187738294079393, -14.09999999999999432 ) ) ;
#5304 = VECTOR ( 'NONE', #2527, 1000.000000000000114 ) ;
#5305 = ADVANCED_FACE ( 'NONE', ( #572 ), #4671, .T. ) ;
#5306 = CARTESIAN_POINT ( 'NONE',  ( 51.51801764446660314, 61.55578577668671869, -14.09999999999998010 ) ) ;
#5307 = CARTESIAN_POINT ( 'NONE',  ( 43.46555337548345932, 12.96204895304596860, -14.09999999999999432 ) ) ;
#5308 = CARTESIAN_POINT ( 'NONE',  ( 56.28676247505608643, 60.31549808869674223, -16.09999999999999787 ) ) ;
#5309 = VECTOR ( 'NONE', #3696, 1000.000000000000000 ) ;
#5310 = ADVANCED_BREP_SHAPE_REPRESENTATION ( '\X2\5e955ea7\X0\^\X2\78c160ac6d6e\X0\-\X2\4e0a\X0\', ( #1638, #1559 ), #5366 ) ;
#5311 = VECTOR ( 'NONE', #6091, 1000.000000000000000 ) ;
#5312 = FACE_OUTER_BOUND ( 'NONE', #1930, .T. ) ;
#5313 = EDGE_CURVE ( 'NONE', #3878, #3870, #4164, .T. ) ;
#5314 = CARTESIAN_POINT ( 'NONE',  ( 43.13475720169746808, 61.11146681646633994, -14.09999999999998366 ) ) ;
#5315 = EDGE_CURVE ( 'NONE', #5562, #6739, #6542, .T. ) ;
#5316 = VECTOR ( 'NONE', #1120, 999.9999999999998863 ) ;
#5317 = DIRECTION ( 'NONE',  ( 0.4456605484587363164, -0.8952020305760362007, 0.000000000000000000 ) ) ;
#5318 = ORIENTED_EDGE ( 'NONE', *, *, #5030, .T. ) ;
#5319 = VECTOR ( 'NONE', #4639, 1000.000000000000000 ) ;
#5320 = CARTESIAN_POINT ( 'NONE',  ( 26.85362864658967652, 60.37344443850036413, -16.09999999999999076 ) ) ;
#5321 = CARTESIAN_POINT ( 'NONE',  ( 43.67554385380315551, 60.40633410964733230, -14.09999999999997655 ) ) ;
#5322 = ORIENTED_EDGE ( 'NONE', *, *, #4255, .T. ) ;
#5323 = ORIENTED_EDGE ( 'NONE', *, *, #1547, .T. ) ;
#5324 = DIRECTION ( 'NONE',  ( 0.000000000000000000, 0.000000000000000000, -1.000000000000000000 ) ) ;
#5325 = VECTOR ( 'NONE', #6278, 1000.000000000000000 ) ;
#5326 = CARTESIAN_POINT ( 'NONE',  ( 39.67532497764070598, 61.47708535290509957, -16.09999999999998721 ) ) ;
#5327 = VERTEX_POINT ( 'NONE', #1570 ) ;
#5328 = ADVANCED_FACE ( 'NONE', ( #5780 ), #5903, .T. ) ;
#5329 = CARTESIAN_POINT ( 'NONE',  ( 51.21286953930442110, 46.93660240098677860, -14.09999999999998721 ) ) ;
#5330 = ORIENTED_EDGE ( 'NONE', *, *, #54, .T. ) ;
#5331 = VECTOR ( 'NONE', #2466, 1000.000000000000000 ) ;
#5332 = LINE ( 'NONE', #1721, #6546 ) ;
#5333 = ORIENTED_EDGE ( 'NONE', *, *, #2303, .T. ) ;
#5334 = ORIENTED_EDGE ( 'NONE', *, *, #5565, .F. ) ;
#5335 = DIRECTION ( 'NONE',  ( -0.000000000000000000, -0.000000000000000000, -1.000000000000000000 ) ) ;
#5336 = LINE ( 'NONE', #4352, #4877 ) ;
#5337 = PLANE ( 'NONE',  #4337 ) ;
#5338 = DIRECTION ( 'NONE',  ( -0.7372964715614535036, -0.6755693251051521075, 0.000000000000000000 ) ) ;
#5339 = DIRECTION ( 'NONE',  ( -0.000000000000000000, -0.000000000000000000, -1.000000000000000000 ) ) ;
#5340 = DIRECTION ( 'NONE',  ( 0.000000000000000000, 0.000000000000000000, -1.000000000000000000 ) ) ;
#5341 = CARTESIAN_POINT ( 'NONE',  ( 58.35953550160945724, 0.000000000000000000, -14.09999999999999432 ) ) ;
#5342 = ORIENTED_EDGE ( 'NONE', *, *, #3279, .T. ) ;
#5343 = CARTESIAN_POINT ( 'NONE',  ( 74.31047058484584511, 39.27289118991891570, -14.09999999999999432 ) ) ;
#5344 = EDGE_LOOP ( 'NONE', ( #2394, #5301, #4415, #2168 ) ) ;
#5345 = ORIENTED_EDGE ( 'NONE', *, *, #6596, .T. ) ;
#5346 = CARTESIAN_POINT ( 'NONE',  ( 57.61990152989377378, 61.29266403342483471, -16.09999999999999787 ) ) ;
#5347 = CARTESIAN_POINT ( 'NONE',  ( 69.14080836463045898, 61.46378346349150235, -14.09999999999999432 ) ) ;
#5348 = PERSON_AND_ORGANIZATION_ROLE ( 'creator' ) ;
#5349 = CARTESIAN_POINT ( 'NONE',  ( 39.78054087712100539, 60.55466371537126946, -16.10000000000000142 ) ) ;
#5350 = DIRECTION ( 'NONE',  ( -0.8905218351892111306, -0.4549405027596899465, 0.000000000000000000 ) ) ;
#5351 = EDGE_CURVE ( 'NONE', #5861, #3399, #5654, .T. ) ;
#5352 = ORIENTED_EDGE ( 'NONE', *, *, #3497, .T. ) ;
#5353 = LINE ( 'NONE', #58, #2603 ) ;
#5354 = CIRCLE ( 'NONE', #3521, 2.960456600711792952 ) ;
#5355 = LINE ( 'NONE', #684, #981 ) ;
#5356 = DIRECTION ( 'NONE',  ( -0.000000000000000000, -0.000000000000000000, -1.000000000000000000 ) ) ;
#5357 = ORIENTED_EDGE ( 'NONE', *, *, #1745, .T. ) ;
#5358 = CARTESIAN_POINT ( 'NONE',  ( 46.55708014446660314, 59.99886613382957989, -14.09999999999998721 ) ) ;
#5359 = CIRCLE ( 'NONE', #4705, 51.49999999999999289 ) ;
#5360 = ADVANCED_FACE ( 'NONE', ( #6709 ), #2642, .T. ) ;
#5361 = ORIENTED_EDGE ( 'NONE', *, *, #5690, .F. ) ;
#5362 = CARTESIAN_POINT ( 'NONE',  ( 57.73813736918347672, 61.02751012131820119, -14.09999999999996945 ) ) ;
#5363 = EDGE_CURVE ( 'NONE', #3074, #5484, #3389, .T. ) ;
#5364 = DIRECTION ( 'NONE',  ( 0.7204196957091931752, 0.6935383637797361001, -0.000000000000000000 ) ) ;
#5365 = ORIENTED_EDGE ( 'NONE', *, *, #5492, .F. ) ;
#5366 =( GEOMETRIC_REPRESENTATION_CONTEXT ( 3 ) GLOBAL_UNCERTAINTY_ASSIGNED_CONTEXT ( ( #1115 ) ) GLOBAL_UNIT_ASSIGNED_CONTEXT ( ( #2664, #6746, #3628 ) ) REPRESENTATION_CONTEXT ( 'NONE', 'WORKASPACE' ) );
#5367 = CARTESIAN_POINT ( 'NONE',  ( 48.44882121589517254, 48.93022774097242689, -16.09999999999999787 ) ) ;
#5368 = EDGE_LOOP ( 'NONE', ( #2211, #1009, #5254, #4977 ) ) ;
#5369 = LINE ( 'NONE', #1583, #5244 ) ;
#5370 = ORIENTED_EDGE ( 'NONE', *, *, #3156, .F. ) ;
#5371 = ORIENTED_EDGE ( 'NONE', *, *, #3554, .F. ) ;
#5372 = FACE_OUTER_BOUND ( 'NONE', #6424, .T. ) ;
#5373 = EDGE_CURVE ( 'NONE', #5915, #6657, #5027, .T. ) ;
#5374 = PLANE ( 'NONE',  #6612 ) ;
#5375 = EDGE_CURVE ( 'NONE', #2271, #3415, #1704, .T. ) ;
#5376 = CARTESIAN_POINT ( 'NONE',  ( 50.03643282303803375, 47.34819649097243399, -14.09999999999996945 ) ) ;
#5377 = DIRECTION ( 'NONE',  ( 0.4459995795317118761, 0.8950331698085475240, -0.000000000000000000 ) ) ;
#5378 = PLANE ( 'NONE',  #3264 ) ;
#5379 = CARTESIAN_POINT ( 'NONE',  ( 51.05706055643108954, 60.93504932140729125, -14.09999999999996945 ) ) ;
#5380 = ORIENTED_EDGE ( 'NONE', *, *, #5198, .F. ) ;
#5381 = LINE ( 'NONE', #3820, #2296 ) ;
#5382 = EDGE_LOOP ( 'NONE', ( #587, #5662, #2937, #798 ) ) ;
#5383 = EDGE_LOOP ( 'NONE', ( #3937, #377, #5187, #4550 ) ) ;
#5384 = CARTESIAN_POINT ( 'NONE',  ( 72.63713539099144612, 58.43543334468339623, -14.09999999999997300 ) ) ;
#5385 = PLANE ( 'NONE',  #6213 ) ;
#5386 = PERSON_AND_ORGANIZATION_ROLE ( 'design_supplier' ) ;
#5387 = PLANE ( 'NONE',  #3698 ) ;
#5388 = CARTESIAN_POINT ( 'NONE',  ( 55.68096407303803375, 48.71538399097242689, -16.09999999999999787 ) ) ;
#5389 = LINE ( 'NONE', #718, #318 ) ;
#5390 = CARTESIAN_POINT ( 'NONE',  ( 72.27415603732374905, 48.35545095525814219, -16.09999999999999787 ) ) ;
#5391 = VERTEX_POINT ( 'NONE', #5419 ) ;
#5392 = CARTESIAN_POINT ( 'NONE',  ( 48.39011253537707091, 60.67670038691746015, -16.09999999999999432 ) ) ;
#5393 = ORIENTED_EDGE ( 'NONE', *, *, #3919, .T. ) ;
#5394 = VERTEX_POINT ( 'NONE', #5306 ) ;
#5395 = ORIENTED_EDGE ( 'NONE', *, *, #4159, .F. ) ;
#5396 = LINE ( 'NONE', #5789, #1184 ) ;
#5397 = CARTESIAN_POINT ( 'NONE',  ( 57.58107568018088784, 54.14228131240100339, -14.09999999999998721 ) ) ;
#5398 = CARTESIAN_POINT ( 'NONE',  ( 70.42426764446661025, 53.94696881240100339, 7.500000000000000000 ) ) ;
#5399 = CARTESIAN_POINT ( 'NONE',  ( 38.81154443018088784, 60.36995988382957279, -14.09999999999998721 ) ) ;
#5400 = ORIENTED_EDGE ( 'NONE', *, *, #4291, .F. ) ;
#5401 = EDGE_CURVE ( 'NONE', #5292, #2675, #1194, .T. ) ;
#5402 = CARTESIAN_POINT ( 'NONE',  ( 48.45440157303802664, 60.99216970525814219, -16.09999999999999787 ) ) ;
#5403 = EDGE_LOOP ( 'NONE', ( #176, #5345, #2844, #3218 ) ) ;
#5404 = CARTESIAN_POINT ( 'NONE',  ( 57.64803996589516544, 61.24049559811528809, -16.09999999999999432 ) ) ;
#5405 = PLANE ( 'NONE',  #1952 ) ;
#5406 = LINE ( 'NONE', #369, #5197 ) ;
#5407 = FACE_OUTER_BOUND ( 'NONE', #2826, .T. ) ;
#5408 = FACE_OUTER_BOUND ( 'NONE', #5383, .T. ) ;
#5409 = DIRECTION ( 'NONE',  ( 0.000000000000000000, -1.000000000000000000, 0.000000000000000000 ) ) ;
#5410 = CARTESIAN_POINT ( 'NONE',  ( 51.06124199310438172, 60.84291854081659068, -16.09999999999998366 ) ) ;
#5411 = EDGE_CURVE ( 'NONE', #5660, #85, #5235, .T. ) ;
#5412 = EDGE_CURVE ( 'NONE', #272, #854, #3078, .T. ) ;
#5413 = CARTESIAN_POINT ( 'NONE',  ( 51.27502441098638997, 61.37525239769569652, -16.09999999999999076 ) ) ;
#5414 = VERTEX_POINT ( 'NONE', #230 ) ;
#5415 = DIRECTION ( 'NONE',  ( 0.000000000000000000, 0.000000000000000000, -1.000000000000000000 ) ) ;
#5416 = ORIENTED_EDGE ( 'NONE', *, *, #6561, .F. ) ;
#5417 = ORIENTED_EDGE ( 'NONE', *, *, #698, .T. ) ;
#5418 = CARTESIAN_POINT ( 'NONE',  ( 57.66328717154959804, 61.17865326882748178, -14.09999999999998721 ) ) ;
#5419 = CARTESIAN_POINT ( 'NONE',  ( 56.00183460875231134, 60.06304024097243399, -16.09999999999999787 ) ) ;
#5420 = CARTESIAN_POINT ( 'NONE',  ( 52.32681992518482161, 60.37655658031840034, -16.09999999999999076 ) ) ;
#5421 = DIRECTION ( 'NONE',  ( -0.000000000000000000, -0.000000000000000000, -1.000000000000000000 ) ) ;
#5422 = AXIS2_PLACEMENT_3D ( 'NONE', #1371, #3994, #440 ) ;
#5423 = DIRECTION ( 'NONE',  ( 0.000000000000000000, 0.000000000000000000, -1.000000000000000000 ) ) ;
#5424 = DIRECTION ( 'NONE',  ( 0.9547580632462130401, 0.2973836590439025707, 0.000000000000000000 ) ) ;
#5425 = ORIENTED_EDGE ( 'NONE', *, *, #3211, .F. ) ;
#5426 = VECTOR ( 'NONE', #2828, 1000.000000000000000 ) ;
#5427 = PLANE ( 'NONE',  #796 ) ;
#5428 = ORIENTED_EDGE ( 'NONE', *, *, #19, .T. ) ;
#5429 = VERTEX_POINT ( 'NONE', #1302 ) ;
#5430 = CARTESIAN_POINT ( 'NONE',  ( 74.02911002781206662, 51.66009094942418045, -16.09999999999998721 ) ) ;
#5431 = VECTOR ( 'NONE', #6661, 1000.000000000000000 ) ;
#5432 = VECTOR ( 'NONE', #5977, 1000.000000000000000 ) ;
#5433 = CARTESIAN_POINT ( 'NONE',  ( 57.67036139446660314, 60.75779470525814929, -14.09999999999998721 ) ) ;
#5434 = ORIENTED_EDGE ( 'NONE', *, *, #6348, .T. ) ;
#5435 = LINE ( 'NONE', #2378, #6410 ) ;
#5436 = CARTESIAN_POINT ( 'NONE',  ( 75.04614544607878202, 46.64054452537614281, -16.09999999999999432 ) ) ;
#5437 = ORIENTED_EDGE ( 'NONE', *, *, #5363, .T. ) ;
#5438 = CARTESIAN_POINT ( 'NONE',  ( 63.18810177551592488, 60.31815766247434851, 7.500000000000000000 ) ) ;
#5439 = AXIS2_PLACEMENT_3D ( 'NONE', #2726, #6315, #4217 ) ;
#5440 = VECTOR ( 'NONE', #2317, 1000.000000000000000 ) ;
#5441 = CARTESIAN_POINT ( 'NONE',  ( 49.10464242592443185, 48.25792642039525049, -14.09999999999998010 ) ) ;
#5442 = LINE ( 'NONE', #182, #5536 ) ;
#5443 = ADVANCED_FACE ( 'NONE', ( #4940 ), #5385, .T. ) ;
#5444 = CARTESIAN_POINT ( 'NONE',  ( 57.03978103732374194, 61.57531702668671869, -16.09999999999999787 ) ) ;
#5445 = CARTESIAN_POINT ( 'NONE',  ( 58.35953550160945724, 48.99719202668671869, -16.09999999999999787 ) ) ;
#5446 = CIRCLE ( 'NONE', #6406, 52.95827939944611984 ) ;
#5447 = LINE ( 'NONE', #1879, #3272 ) ;
#5448 = CARTESIAN_POINT ( 'NONE',  ( 51.47205888128794271, 61.52375132560094784, -14.09999999999997300 ) ) ;
#5449 = VERTEX_POINT ( 'NONE', #637 ) ;
#5450 = DIRECTION ( 'NONE',  ( -1.000000000000000000, 0.000000000000000000, 0.000000000000000000 ) ) ;
#5451 = VERTEX_POINT ( 'NONE', #3319 ) ;
#5452 = VECTOR ( 'NONE', #6686, 1000.000000000000227 ) ;
#5453 = ADVANCED_FACE ( 'NONE', ( #714 ), #1784, .T. ) ;
#5454 = EDGE_CURVE ( 'NONE', #4359, #3999, #4434, .T. ) ;
#5455 = ORIENTED_EDGE ( 'NONE', *, *, #823, .T. ) ;
#5456 = CARTESIAN_POINT ( 'NONE',  ( 75.32382121589517965, 47.35377684811528809, -16.09999999999999076 ) ) ;
#5457 = DIRECTION ( 'NONE',  ( -1.000000000000000000, 0.000000000000000000, 0.000000000000000000 ) ) ;
#5458 = CARTESIAN_POINT ( 'NONE',  ( 43.60228103732374194, 60.42018309811528809, 7.500000000000000000 ) ) ;
#5459 = ADVANCED_FACE ( 'NONE', ( #2333 ), #4003, .T. ) ;
#5460 = FACE_OUTER_BOUND ( 'NONE', #6046, .T. ) ;
#5461 = FACE_OUTER_BOUND ( 'NONE', #1476, .T. ) ;
#5462 = ORIENTED_EDGE ( 'NONE', *, *, #2204, .F. ) ;
#5463 = LINE ( 'NONE', #5957, #971 ) ;
#5464 = CARTESIAN_POINT ( 'NONE',  ( 65.48286139446659604, 47.38167863382957279, -16.09999999999999787 ) ) ;
#5465 = VERTEX_POINT ( 'NONE', #6053 ) ;
#5466 = DIRECTION ( 'NONE',  ( 0.7156325387417182826, -0.6984769641828448838, 0.000000000000000000 ) ) ;
#5467 = AXIS2_PLACEMENT_3D ( 'NONE', #2941, #332, #4467 ) ;
#5468 = CARTESIAN_POINT ( 'NONE',  ( 52.13888764915900964, 105.9601459312399925, -16.09999999999999787 ) ) ;
#5469 = CARTESIAN_POINT ( 'NONE',  ( 74.58048917979188275, 51.43971310915052442, -16.09999999999999432 ) ) ;
#5470 = CARTESIAN_POINT ( 'NONE',  ( 31.12373941236784702, 61.47726389958328497, -14.09999999999996589 ) ) ;
#5471 = VECTOR ( 'NONE', #3366, 1000.000000000000000 ) ;
#5472 = FACE_OUTER_BOUND ( 'NONE', #2558, .T. ) ;
#5473 = ORIENTED_EDGE ( 'NONE', *, *, #4740, .T. ) ;
#5474 = CARTESIAN_POINT ( 'NONE',  ( 56.85207080986886297, 60.38149582604587096, -14.09999999999999076 ) ) ;
#5475 = DIRECTION ( 'NONE',  ( -0.8964933724782936375, -0.4430571442855825159, 0.000000000000000000 ) ) ;
#5476 = DIRECTION ( 'NONE',  ( 1.000000000000000000, -0.000000000000000000, 0.000000000000000000 ) ) ;
#5477 = CARTESIAN_POINT ( 'NONE',  ( 43.52766961443654026, 46.59639167186492159, -14.09999999999998366 ) ) ;
#5478 = FACE_OUTER_BOUND ( 'NONE', #275, .T. ) ;
#5479 = DIRECTION ( 'NONE',  ( -0.3004304962231744147, -0.9538037098581119144, 0.000000000000000000 ) ) ;
#5480 = PLANE ( 'NONE',  #6218 ) ;
#5481 = EDGE_LOOP ( 'NONE', ( #414, #3550, #4876, #5334 ) ) ;
#5482 = ADVANCED_FACE ( 'NONE', ( #1856 ), #820, .T. ) ;
#5483 = PLANE ( 'NONE',  #3476 ) ;
#5484 = VERTEX_POINT ( 'NONE', #3962 ) ;
#5485 = DIRECTION ( 'NONE',  ( -0.000000000000000000, -0.000000000000000000, 1.000000000000000000 ) ) ;
#5486 = LINE ( 'NONE', #884, #5572 ) ;
#5487 = ADVANCED_FACE ( 'NONE', ( #6022 ), #2433, .T. ) ;
#5488 = CARTESIAN_POINT ( 'NONE',  ( 32.01745960875231845, 46.94641077668671869, -16.09999999999999787 ) ) ;
#5489 = CARTESIAN_POINT ( 'NONE',  ( 55.27917835875231845, 46.57531702668671869, 7.500000000000000000 ) ) ;
#5490 = CARTESIAN_POINT ( 'NONE',  ( 39.31581170911694301, 61.57337022917437963, -16.10000000000000142 ) ) ;
#5491 = VERTEX_POINT ( 'NONE', #6565 ) ;
#5492 = EDGE_CURVE ( 'NONE', #1038, #6716, #1918, .T. ) ;
#5493 = CARTESIAN_POINT ( 'NONE',  ( 0.04330999182739999481, 52.95769869083799364, -6.099999999999997868 ) ) ;
#5494 = EDGE_CURVE ( 'NONE', #1738, #5449, #1400, .T. ) ;
#5495 = LINE ( 'NONE', #6505, #3738 ) ;
#5496 = CARTESIAN_POINT ( 'NONE',  ( 39.84898277564347779, 61.29980163667103454, -14.09999999999998366 ) ) ;
#5497 = CARTESIAN_POINT ( 'NONE',  ( 39.55522600387412524, 61.53672385634425268, -14.09999999999997300 ) ) ;
#5498 = VERTEX_POINT ( 'NONE', #3483 ) ;
#5499 = CARTESIAN_POINT ( 'NONE',  ( 30.99365341198607737, 61.54218813148451517, -16.09999999999999787 ) ) ;
#5500 = CARTESIAN_POINT ( 'NONE',  ( 66.03810693018088784, 49.33201345525814219, -16.09999999999999787 ) ) ;
#5501 = VERTEX_POINT ( 'NONE', #5550 ) ;
#5502 = VERTEX_POINT ( 'NONE', #4969 ) ;
#5503 = CARTESIAN_POINT ( 'NONE',  ( 48.42091943018088784, 60.73268309811529519, -16.10000000000000142 ) ) ;
#5504 = DIRECTION ( 'NONE',  ( -0.000000000000000000, -0.000000000000000000, 1.000000000000000000 ) ) ;
#5505 = CARTESIAN_POINT ( 'NONE',  ( 74.44617958108719336, 51.57291614546851832, -16.09999999999999076 ) ) ;
#5506 = CARTESIAN_POINT ( 'NONE',  ( 55.68096407303803375, 51.07308488382957989, -14.09999999999998721 ) ) ;
#5507 = CARTESIAN_POINT ( 'NONE',  ( 51.12181228732374194, 61.21817416954385749, -14.09999999999998010 ) ) ;
#5508 = ORIENTED_EDGE ( 'NONE', *, *, #4478, .F. ) ;
#5509 = DATE_AND_TIME ( #842, #2878 ) ;
#5510 = CARTESIAN_POINT ( 'NONE',  ( 38.45027203373617652, 60.28536784625013212, -14.09999999999999076 ) ) ;
#5511 = ORIENTED_EDGE ( 'NONE', *, *, #3335, .F. ) ;
#5512 = CARTESIAN_POINT ( 'NONE',  ( 72.62587443240941809, 57.09056910366901860, -14.09999999999997300 ) ) ;
#5513 = B_SPLINE_SURFACE_WITH_KNOTS ( 'NONE', 3, 1, ( 
 ( #5525, #3432 ),
 ( #3360, #5430 ),
 ( #2892, #4951 ),
 ( #4979, #4006 ),
 ( #2375, #6508 ),
 ( #307, #6478 ),
 ( #4411, #762 ),
 ( #6065, #861 ),
 ( #2411, #724 ),
 ( #1832, #2347 ),
 ( #344, #1866 ) ),
 .UNSPECIFIED., .F., .F., .F.,
 ( 4, 1, 1, 1, 1, 1, 1, 1, 4 ),
 ( 2, 2 ),
 ( 0.000000000000000000, 0.1587551611877039137, 0.3023374658423012562, 0.4334144958913300205, 0.5515800555969037067, 0.6606209103062498089, 0.7692352672089317611, 0.8811815869300051451, 1.000000000000000000 ),
 ( 0.000000000000000000, 1.000000000000000000 ),
 .UNSPECIFIED. ) ;
#5514 = DIRECTION ( 'NONE',  ( -1.000000000000000000, 0.000000000000000000, 0.000000000000000000 ) ) ;
#5515 = DIRECTION ( 'NONE',  ( -0.4682040445279447294, -0.8836203781532396828, 0.000000000000000000 ) ) ;
#5516 = DIRECTION ( 'NONE',  ( 0.7372964715614535036, 0.6755693251051521075, 0.000000000000000000 ) ) ;
#5517 = ORIENTED_EDGE ( 'NONE', *, *, #5144, .F. ) ;
#5518 = ORIENTED_EDGE ( 'NONE', *, *, #2888, .F. ) ;
#5519 = EDGE_CURVE ( 'NONE', #1945, #1675, #5486, .T. ) ;
#5520 = CARTESIAN_POINT ( 'NONE',  ( 70.50239264446659604, 58.85489291954386459, -16.09999999999999787 ) ) ;
#5521 = LINE ( 'NONE', #376, #2753 ) ;
#5522 = ORIENTED_EDGE ( 'NONE', *, *, #2012, .F. ) ;
#5523 = CARTESIAN_POINT ( 'NONE',  ( 32.72166902089162477, 46.57745706067679947, -16.09999999999999076 ) ) ;
#5524 = CARTESIAN_POINT ( 'NONE',  ( 75.32361710296092383, 47.29140213802463677, -14.09999999999998721 ) ) ;
#5525 = CARTESIAN_POINT ( 'NONE',  ( 74.08219175160947145, 51.66181256240101050, -14.09999999999997300 ) ) ;
#5526 = EDGE_CURVE ( 'NONE', #3087, #5997, #2398, .T. ) ;
#5527 = EDGE_CURVE ( 'NONE', #3758, #697, #5872, .T. ) ;
#5528 = CARTESIAN_POINT ( 'NONE',  ( 31.30317389446660314, 60.73268309811528809, -16.09999999999999787 ) ) ;
#5529 = VERTEX_POINT ( 'NONE', #4828 ) ;
#5530 = AXIS2_PLACEMENT_3D ( 'NONE', #1424, #3408, #5475 ) ;
#5531 = CARTESIAN_POINT ( 'NONE',  ( 65.73397746589516544, 47.25612059811529519, -14.09999999999998721 ) ) ;
#5532 = CARTESIAN_POINT ( 'NONE',  ( 48.43059944147695006, 60.76690266027245002, -16.09999999999999432 ) ) ;
#5533 = ORIENTED_EDGE ( 'NONE', *, *, #4009, .F. ) ;
#5534 = LINE ( 'NONE', #5023, #3371 ) ;
#5535 = VECTOR ( 'NONE', #4198, 999.9999999999998863 ) ;
#5536 = VECTOR ( 'NONE', #5909, 1000.000000000000000 ) ;
#5537 = EDGE_CURVE ( 'NONE', #2414, #6560, #3844, .T. ) ;
#5538 = CARTESIAN_POINT ( 'NONE',  ( 38.87013818018088784, 46.69529470525814929, -14.09999999999997655 ) ) ;
#5539 = DIRECTION ( 'NONE',  ( -0.3093617313779827294, 0.9509444353687637186, 0.000000000000000000 ) ) ;
#5540 = CARTESIAN_POINT ( 'NONE',  ( 74.74067389446662446, 46.57531702668672580, -14.09999999999998366 ) ) ;
#5541 = VECTOR ( 'NONE', #435, 1000.000000000000000 ) ;
#5542 = CARTESIAN_POINT ( 'NONE',  ( 51.06024934489200007, 61.02530854735845622, -14.09999999999998721 ) ) ;
#5543 = ORIENTED_EDGE ( 'NONE', *, *, #6551, .F. ) ;
#5544 = VECTOR ( 'NONE', #5845, 1000.000000000000114 ) ;
#5545 = DIRECTION ( 'NONE',  ( 0.4602437522693765826, 0.8877925931753456457, 0.000000000000000000 ) ) ;
#5546 = VERTEX_POINT ( 'NONE', #2763 ) ;
#5547 = VECTOR ( 'NONE', #3036, 1000.000000000000114 ) ;
#5548 = PLANE ( 'NONE',  #4568 ) ;
#5549 = DIRECTION ( 'NONE',  ( 0.01489196544626040890, 0.9998891085341150564, 0.000000000000000000 ) ) ;
#5550 = CARTESIAN_POINT ( 'NONE',  ( 50.03643282303804085, 47.34819649097244110, -14.09999999999997655 ) ) ;
#5551 = CIRCLE ( 'NONE', #1751, 2.960456600711785846 ) ;
#5552 = CARTESIAN_POINT ( 'NONE',  ( 72.62571853732374905, 56.88223666954385749, 7.500000000000000000 ) ) ;
#5553 = ORIENTED_EDGE ( 'NONE', *, *, #2651, .F. ) ;
#5554 = DIRECTION ( 'NONE',  ( 0.000000000000000000, -1.000000000000000000, 0.000000000000000000 ) ) ;
#5555 = CARTESIAN_POINT ( 'NONE',  ( 39.06869478852468802, 47.67667721379029189, -16.09999999999999432 ) ) ;
#5556 = ORIENTED_EDGE ( 'NONE', *, *, #5715, .T. ) ;
#5557 = LINE ( 'NONE', #302, #1412 ) ;
#5558 = LINE ( 'NONE', #478, #681 ) ;
#5559 = ADVANCED_FACE ( 'NONE', ( #5408 ), #4961, .T. ) ;
#5560 = CARTESIAN_POINT ( 'NONE',  ( 52.18015061528814158, 60.37514195945000495, -14.09999999999996945 ) ) ;
#5561 = CARTESIAN_POINT ( 'NONE',  ( 26.63520514446659959, 61.57531702668671869, -14.09999999999997655 ) ) ;
#5562 = VERTEX_POINT ( 'NONE', #5941 ) ;
#5563 = CARTESIAN_POINT ( 'NONE',  ( 57.03978103732374194, 61.57531702668671869, -14.09999999999999432 ) ) ;
#5564 = CARTESIAN_POINT ( 'NONE',  ( 48.44106230547694736, 61.14399153471228487, -16.09999999999999076 ) ) ;
#5565 = EDGE_CURVE ( 'NONE', #4145, #6516, #1846, .T. ) ;
#5566 = EDGE_CURVE ( 'NONE', #2328, #932, #4895, .T. ) ;
#5567 = VERTEX_POINT ( 'NONE', #704 ) ;
#5568 = CARTESIAN_POINT ( 'NONE',  ( 68.15027210875230423, 47.82531702668671159, 7.500000000000000000 ) ) ;
#5569 = CARTESIAN_POINT ( 'NONE',  ( 64.66812925160945724, 48.17687952668671869, 7.500000000000000000 ) ) ;
#5570 = CARTESIAN_POINT ( 'NONE',  ( 38.82503896167033730, 46.72810106426538823, -14.09999999999997655 ) ) ;
#5571 = LINE ( 'NONE', #875, #6080 ) ;
#5572 = VECTOR ( 'NONE', #5515, 1000.000000000000000 ) ;
#5573 = DIRECTION ( 'NONE',  ( 0.9452941647275984183, 0.3262191627295246144, 0.000000000000000000 ) ) ;
#5574 = CARTESIAN_POINT ( 'NONE',  ( 51.27882621528475937, 60.51579908536656660, -16.10000000000000142 ) ) ;
#5575 = ORIENTED_EDGE ( 'NONE', *, *, #4360, .F. ) ;
#5576 = EDGE_CURVE ( 'NONE', #2746, #5605, #6040, .T. ) ;
#5577 = EDGE_CURVE ( 'NONE', #2777, #4719, #1731, .T. ) ;
#5578 = CYLINDRICAL_SURFACE ( 'NONE', #6178, 0.9000000000000119016 ) ;
#5579 = CARTESIAN_POINT ( 'NONE',  ( 31.21217702590643839, 60.56732234218865329, -16.09999999999999432 ) ) ;
#5580 = VECTOR ( 'NONE', #4741, 1000.000000000000000 ) ;
#5581 = ORIENTED_EDGE ( 'NONE', *, *, #367, .T. ) ;
#5582 = DIRECTION ( 'NONE',  ( -0.000000000000000000, -0.000000000000000000, 1.000000000000000000 ) ) ;
#5583 = CARTESIAN_POINT ( 'NONE',  ( 53.04230130916199215, 0.04330999182739999481, -16.09999999999999787 ) ) ;
#5584 = VECTOR ( 'NONE', #1240, 1000.000000000000000 ) ;
#5585 = CARTESIAN_POINT ( 'NONE',  ( 9.782589018128820868, -10.67642963907450060, -14.09999999999999432 ) ) ;
#5586 = ORIENTED_EDGE ( 'NONE', *, *, #1574, .T. ) ;
#5587 = ORIENTED_EDGE ( 'NONE', *, *, #1538, .F. ) ;
#5588 = LINE ( 'NONE', #3558, #1858 ) ;
#5589 = DIRECTION ( 'NONE',  ( 0.000000000000000000, -0.000000000000000000, 1.000000000000000000 ) ) ;
#5590 = DIRECTION ( 'NONE',  ( -0.7017804017010453865, -0.7123933378326327004, 0.000000000000000000 ) ) ;
#5591 = CARTESIAN_POINT ( 'NONE',  ( 0.1202771075562505954, 55.91368943309024786, -1.599999999999998979 ) ) ;
#5592 = CARTESIAN_POINT ( 'NONE',  ( 62.13875949603951199, 56.72622945712951292, -16.10000000000000142 ) ) ;
#5593 = EDGE_CURVE ( 'NONE', #5502, #1645, #1442, .T. ) ;
#5594 = CARTESIAN_POINT ( 'NONE',  ( 70.00574085875231845, 59.84540631240100339, 7.500000000000000000 ) ) ;
#5595 = CARTESIAN_POINT ( 'NONE',  ( 69.53368023921268559, 61.33779022903570421, -14.09999999999999432 ) ) ;
#5596 = ORIENTED_EDGE ( 'NONE', *, *, #367, .F. ) ;
#5597 = CARTESIAN_POINT ( 'NONE',  ( 43.13413819116905046, 60.98931422084856990, -16.10000000000000142 ) ) ;
#5598 = VERTEX_POINT ( 'NONE', #3815 ) ;
#5599 = CARTESIAN_POINT ( 'NONE',  ( 51.06024934489200007, 61.02530854735845622, -14.09999999999997300 ) ) ;
#5600 = CARTESIAN_POINT ( 'NONE',  ( 38.64280904264997929, 46.89909439226634191, -14.09999999999996945 ) ) ;
#5601 = EDGE_CURVE ( 'NONE', #918, #4957, #1221, .T. ) ;
#5602 = CARTESIAN_POINT ( 'NONE',  ( 36.20307322785099302, -17.68380884591190139, -14.09999999999999432 ) ) ;
#5603 = CARTESIAN_POINT ( 'NONE',  ( 72.63417266813976880, 58.12014530828189152, -14.09999999999998721 ) ) ;
#5604 = CARTESIAN_POINT ( 'NONE',  ( 35.85314771496926056, 61.55214889759434271, -16.09999999999999787 ) ) ;
#5605 = VERTEX_POINT ( 'NONE', #184 ) ;
#5606 = CARTESIAN_POINT ( 'NONE',  ( 50.08530871444949639, 0.04330999182739999481, -24.09999999999999787 ) ) ;
#5607 = CARTESIAN_POINT ( 'NONE',  ( 35.31266050160945724, 61.13725899097242689, -14.09999999999996945 ) ) ;
#5608 = EDGE_LOOP ( 'NONE', ( #1458, #1349, #3608, #6675 ) ) ;
#5609 = ADVANCED_FACE ( 'NONE', ( #3373 ), #3852, .T. ) ;
#5610 = CARTESIAN_POINT ( 'NONE',  ( 26.91422300160945724, 60.36995988382957279, -14.09999999999998721 ) ) ;
#5611 = EDGE_CURVE ( 'NONE', #1164, #2019, #3269, .T. ) ;
#5612 = CARTESIAN_POINT ( 'NONE',  ( 52.14230130916199357, 0.04330999182740010583, -16.09999999999999787 ) ) ;
#5613 = ORIENTED_EDGE ( 'NONE', *, *, #6488, .F. ) ;
#5614 = FACE_OUTER_BOUND ( 'NONE', #6441, .T. ) ;
#5615 = EDGE_LOOP ( 'NONE', ( #3403, #1262, #806, #5171 ) ) ;
#5616 = ORIENTED_EDGE ( 'NONE', *, *, #4724, .F. ) ;
#5617 = CARTESIAN_POINT ( 'NONE',  ( 31.31285390576266892, 60.76690266027245002, -16.10000000000000142 ) ) ;
#5618 = DIRECTION ( 'NONE',  ( -0.000000000000000000, -0.000000000000000000, -1.000000000000000000 ) ) ;
#5619 = CARTESIAN_POINT ( 'NONE',  ( 0.000000000000000000, 46.57531702668671869, -14.09999999999999432 ) ) ;
#5620 = DIRECTION ( 'NONE',  ( -0.000000000000000000, -0.000000000000000000, -1.000000000000000000 ) ) ;
#5621 = CARTESIAN_POINT ( 'NONE',  ( 62.21494370055980738, 56.64215256128153442, -16.09999999999999787 ) ) ;
#5622 = ORIENTED_EDGE ( 'NONE', *, *, #5688, .T. ) ;
#5623 = APPROVAL ( #1747, '未指定' ) ;
#5624 = DIRECTION ( 'NONE',  ( -0.8956342319834458277, 0.4447913246674480847, 0.000000000000000000 ) ) ;
#5625 = EDGE_LOOP ( 'NONE', ( #21, #3073, #6086, #1270, #641 ) ) ;
#5626 = LINE ( 'NONE', #965, #4040 ) ;
#5627 = CARTESIAN_POINT ( 'NONE',  ( 63.89524978732374905, 51.84596434811528809, -16.09999999999999787 ) ) ;
#5628 = ORIENTED_EDGE ( 'NONE', *, *, #153, .T. ) ;
#5629 = EDGE_CURVE ( 'NONE', #1224, #3171, #3342, .T. ) ;
#5630 = B_SPLINE_CURVE_WITH_KNOTS ( 'NONE', 3,
 ( #3058, #5597, #4144, #4549, #5125, #5663, #4618 ),
 .UNSPECIFIED., .F., .F.,
 ( 4, 1, 1, 1, 4 ),
 ( 0.000000000000000000, 0.2299342313464998733, 0.4583369283291793272, 0.7109019876121617232, 1.000000000000000000 ),
 .UNSPECIFIED. ) ;
#5631 = CARTESIAN_POINT ( 'NONE',  ( 48.45440157303802664, 60.99216970525814219, -14.09999999999998010 ) ) ;
#5632 = VECTOR ( 'NONE', #3894, 1000.000000000000000 ) ;
#5633 = CARTESIAN_POINT ( 'NONE',  ( 38.58120879475012543, 47.01793347077984464, -14.09999999999999787 ) ) ;
#5634 = DIRECTION ( 'NONE',  ( -1.000000000000000000, 0.000000000000000000, 0.000000000000000000 ) ) ;
#5635 = CARTESIAN_POINT ( 'NONE',  ( 51.05484800160946435, 60.98379916954385749, -16.09999999999999787 ) ) ;
#5636 = ORIENTED_EDGE ( 'NONE', *, *, #2093, .T. ) ;
#5637 = VECTOR ( 'NONE', #5165, 1000.000000000000000 ) ;
#5638 = VECTOR ( 'NONE', #6597, 1000.000000000000000 ) ;
#5639 = EDGE_CURVE ( 'NONE', #6221, #3475, #4060, .T. ) ;
#5640 = FACE_OUTER_BOUND ( 'NONE', #38, .T. ) ;
#5641 = LINE ( 'NONE', #5134, #2072 ) ;
#5642 = ORIENTED_EDGE ( 'NONE', *, *, #4613, .F. ) ;
#5643 = CARTESIAN_POINT ( 'NONE',  ( 39.93787630325660132, 60.92594399281244222, -16.09999999999998721 ) ) ;
#5644 = AXIS2_PLACEMENT_3D ( 'NONE', #3733, #5324, #4779 ) ;
#5645 = CARTESIAN_POINT ( 'NONE',  ( 50.85395514446659604, 48.37498220525814929, -16.09999999999999787 ) ) ;
#5646 = AXIS2_PLACEMENT_3D ( 'NONE', #5702, #468, #979 ) ;
#5647 = EDGE_CURVE ( 'NONE', #6370, #1865, #3884, .T. ) ;
#5648 = DIRECTION ( 'NONE',  ( -0.2888164602330751674, 0.9573844850938605378, 0.000000000000000000 ) ) ;
#5649 = AXIS2_PLACEMENT_3D ( 'NONE', #3402, #4380, #5860 ) ;
#5650 = VECTOR ( 'NONE', #5210, 1000.000000000000000 ) ;
#5651 = ORIENTED_EDGE ( 'NONE', *, *, #1877, .F. ) ;
#5652 = CARTESIAN_POINT ( 'NONE',  ( 57.64524978732374194, 47.49049559811528809, -16.09999999999999787 ) ) ;
#5653 = VECTOR ( 'NONE', #6050, 1000.000000000000000 ) ;
#5654 = LINE ( 'NONE', #989, #786 ) ;
#5655 = LINE ( 'NONE', #3560, #5319 ) ;
#5656 = LINE ( 'NONE', #6575, #6552 ) ;
#5657 = CARTESIAN_POINT ( 'NONE',  ( 57.24181132119971949, 61.56841701682370882, -14.09999999999997655 ) ) ;
#5658 = EDGE_CURVE ( 'NONE', #292, #2316, #4675, .T. ) ;
#5659 = CARTESIAN_POINT ( 'NONE',  ( 38.68791179051284956, 47.49300939220001538, -16.09999999999999432 ) ) ;
#5660 = VERTEX_POINT ( 'NONE', #1876 ) ;
#5661 = CARTESIAN_POINT ( 'NONE',  ( 70.34200812802065172, 61.07738045815271022, -16.10000000000000142 ) ) ;
#5662 = ORIENTED_EDGE ( 'NONE', *, *, #2801, .T. ) ;
#5663 = CARTESIAN_POINT ( 'NONE',  ( 43.53142413465818805, 60.45894951237595194, -16.09999999999999787 ) ) ;
#5664 = ORIENTED_EDGE ( 'NONE', *, *, #4000, .T. ) ;
#5665 = DIRECTION ( 'NONE',  ( 0.9999757922540613020, 0.006958082053458793798, 0.000000000000000000 ) ) ;
#5666 = DIRECTION ( 'NONE',  ( -0.4655355741995736429, 0.8850291685332597469, 0.000000000000000000 ) ) ;
#5667 = DIRECTION ( 'NONE',  ( -0.9885221697079111802, 0.1510758749634225906, 0.000000000000000000 ) ) ;
#5668 = EDGE_LOOP ( 'NONE', ( #5929, #3125, #1375, #5425 ) ) ;
#5669 = CARTESIAN_POINT ( 'NONE',  ( 48.44106230547694736, 61.14399153471228487, -14.09999999999998721 ) ) ;
#5670 = VERTEX_POINT ( 'NONE', #4899 ) ;
#5671 = CARTESIAN_POINT ( 'NONE',  ( 31.27236699966277911, 60.67670038691743173, -14.09999999999998721 ) ) ;
#5672 = CARTESIAN_POINT ( 'NONE',  ( 35.71173958575848673, 61.54539464141767269, -14.09999999999996589 ) ) ;
#5673 = ORIENTED_EDGE ( 'NONE', *, *, #2093, .F. ) ;
#5674 = AXIS2_PLACEMENT_3D ( 'NONE', #719, #2813, #4875 ) ;
#5675 = CARTESIAN_POINT ( 'NONE',  ( 26.91422300160945724, 60.36995988382957279, -16.09999999999999787 ) ) ;
#5676 = B_SPLINE_SURFACE_WITH_KNOTS ( 'NONE', 3, 1, ( 
 ( #4231, #6295 ),
 ( #1126, #5278 ),
 ( #606, #2701 ),
 ( #6715, #4771 ),
 ( #2572, #2200 ),
 ( #6164, #1513 ),
 ( #4642, #5659 ),
 ( #3086, #4141 ),
 ( #6201, #1548 ),
 ( #6331, #5849 ),
 ( #3244, #5888 ) ),
 .UNSPECIFIED., .F., .F., .F.,
 ( 4, 1, 1, 1, 1, 1, 1, 1, 4 ),
 ( 2, 2 ),
 ( 0.000000000000000000, 0.1752250181123758688, 0.3261467021328368077, 0.4593989018059582152, 0.5779097559557525576, 0.6821195799892347811, 0.7825267332147866073, 0.8858193418869440006, 1.000000000000000000 ),
 ( 0.000000000000000000, 1.000000000000000000 ),
 .UNSPECIFIED. ) ;
#5677 = CARTESIAN_POINT ( 'NONE',  ( 63.18810177551592488, 60.31815766247434851, -16.09999999999999787 ) ) ;
#5678 = VECTOR ( 'NONE', #464, 1000.000000000000000 ) ;
#5679 = DIRECTION ( 'NONE',  ( -1.000000000000000000, 0.000000000000000000, 0.000000000000000000 ) ) ;
#5680 = ORIENTED_EDGE ( 'NONE', *, *, #4360, .T. ) ;
#5681 = VERTEX_POINT ( 'NONE', #777 ) ;
#5682 = LINE ( 'NONE', #2595, #6075 ) ;
#5683 = VECTOR ( 'NONE', #1929, 1000.000000000000000 ) ;
#5684 = ADVANCED_FACE ( 'NONE', ( #4018 ), #1332, .T. ) ;
#5685 = DIRECTION ( 'NONE',  ( 0.7090484821652924818, -0.7051597336342276812, 0.000000000000000000 ) ) ;
#5686 = DIRECTION ( 'NONE',  ( 0.000000000000000000, 0.000000000000000000, -1.000000000000000000 ) ) ;
#5687 = CARTESIAN_POINT ( 'NONE',  ( 57.64474472473975908, 60.70875901833913701, -14.09999999999997300 ) ) ;
#5688 = EDGE_CURVE ( 'NONE', #3133, #5106, #2361, .T. ) ;
#5689 = CARTESIAN_POINT ( 'NONE',  ( 26.63520514446659959, 61.57531702668671869, -16.09999999999999432 ) ) ;
#5690 = EDGE_CURVE ( 'NONE', #5414, #1465, #878, .T. ) ;
#5691 = DIRECTION ( 'NONE',  ( 0.8952020305760360896, 0.4456605484587362609, 0.000000000000000000 ) ) ;
#5692 = CARTESIAN_POINT ( 'NONE',  ( 57.61990152989377378, 61.29266403342483471, -16.09999999999998721 ) ) ;
#5693 = ORIENTED_EDGE ( 'NONE', *, *, #5527, .T. ) ;
#5694 = CARTESIAN_POINT ( 'NONE',  ( 38.74093000512508667, 46.78928413384564067, -16.09999999999999432 ) ) ;
#5695 = FACE_OUTER_BOUND ( 'NONE', #3172, .T. ) ;
#5696 = EDGE_CURVE ( 'NONE', #4668, #2223, #1923, .T. ) ;
#5697 = CARTESIAN_POINT ( 'NONE',  ( 74.09056228732374905, 46.81248220525814929, -16.09999999999999787 ) ) ;
#5698 = FACE_OUTER_BOUND ( 'NONE', #4285, .T. ) ;
#5699 = ORIENTED_EDGE ( 'NONE', *, *, #698, .F. ) ;
#5700 = ORIENTED_EDGE ( 'NONE', *, *, #4542, .F. ) ;
#5701 = LINE ( 'NONE', #2559, #5637 ) ;
#5702 = CARTESIAN_POINT ( 'NONE',  ( 52.13891701802830880, 105.9528752296086651, -6.099999999999997868 ) ) ;
#5703 = CARTESIAN_POINT ( 'NONE',  ( 57.67116998524269178, 60.76307010257654895, -16.09999999999999787 ) ) ;
#5704 = LINE ( 'NONE', #5612, #4035 ) ;
#5705 = CARTESIAN_POINT ( 'NONE',  ( 53.37069621589517254, 59.80076345525814219, 7.500000000000000000 ) ) ;
#5706 = ORIENTED_EDGE ( 'NONE', *, *, #306, .T. ) ;
#5707 = CARTESIAN_POINT ( 'NONE',  ( 57.71151487712035788, 61.07097895026998913, -14.09999999999998721 ) ) ;
#5708 = ORIENTED_EDGE ( 'NONE', *, *, #2339, .T. ) ;
#5709 = EDGE_CURVE ( 'NONE', #5546, #4615, #3474, .T. ) ;
#5710 = ORIENTED_EDGE ( 'NONE', *, *, #3031, .T. ) ;
#5711 = CARTESIAN_POINT ( 'NONE',  ( 31.30317389446660314, 60.73268309811528809, -16.09999999999999787 ) ) ;
#5712 = CARTESIAN_POINT ( 'NONE',  ( 38.18654443018088784, 60.19417863382957279, -14.09999999999996945 ) ) ;
#5713 = CARTESIAN_POINT ( 'NONE',  ( 0.000000000000000000, 0.000000000000000000, 0.000000000000000000 ) ) ;
#5714 = CARTESIAN_POINT ( 'NONE',  ( 40.34656676739326997, 47.97978865821855976, -14.09999999999996945 ) ) ;
#5715 = EDGE_CURVE ( 'NONE', #272, #2837, #6493, .T. ) ;
#5716 = CARTESIAN_POINT ( 'NONE',  ( 38.57526588870862128, 47.27267509924581645, -14.09999999999999076 ) ) ;
#5717 = CARTESIAN_POINT ( 'NONE',  ( 42.32780172880240599, 12.76912886630038813, -14.09999999999999432 ) ) ;
#5718 = LINE ( 'NONE', #2071, #214 ) ;
#5719 = ORIENTED_EDGE ( 'NONE', *, *, #183, .F. ) ;
#5720 = CARTESIAN_POINT ( 'NONE',  ( 47.95774978732374194, 61.57531702668671869, -16.09999999999999787 ) ) ;
#5721 = EDGE_LOOP ( 'NONE', ( #2083, #1411, #4161, #2616 ) ) ;
#5722 = EDGE_CURVE ( 'NONE', #1315, #3758, #2390, .T. ) ;
#5723 = DIRECTION ( 'NONE',  ( 0.000000000000000000, 0.000000000000000000, -1.000000000000000000 ) ) ;
#5724 = ADVANCED_FACE ( 'NONE', ( #3414 ), #5480, .T. ) ;
#5725 = CARTESIAN_POINT ( 'NONE',  ( 63.42405469978223920, 56.79326114607551546, -14.09999999999997655 ) ) ;
#5726 = ORIENTED_EDGE ( 'NONE', *, *, #1921, .T. ) ;
#5727 = CARTESIAN_POINT ( 'NONE',  ( 74.52685164857568623, 46.58028818683793304, -14.09999999999997300 ) ) ;
#5728 = CARTESIAN_POINT ( 'NONE',  ( 0.000000000000000000, 0.000000000000000000, -14.09999999999999432 ) ) ;
#5729 = ORIENTED_EDGE ( 'NONE', *, *, #992, .F. ) ;
#5730 = ORIENTED_EDGE ( 'NONE', *, *, #48, .T. ) ;
#5731 = CARTESIAN_POINT ( 'NONE',  ( 61.40920068018088784, 60.93357595525814929, -16.09999999999999787 ) ) ;
#5732 = FACE_OUTER_BOUND ( 'NONE', #6308, .T. ) ;
#5733 = EDGE_CURVE ( 'NONE', #5394, #4668, #4351, .T. ) ;
#5734 = CARTESIAN_POINT ( 'NONE',  ( 26.04491345169747163, 61.11146681646633994, -16.09999999999999787 ) ) ;
#5735 = CARTESIAN_POINT ( 'NONE',  ( 61.44826318018088784, 61.17632149097243399, 7.500000000000000000 ) ) ;
#5736 = DESIGN_CONTEXT ( 'detailed design', #650, 'design' ) ;
#5737 = AXIS2_PLACEMENT_3D ( 'NONE', #5133, #4119, #3642 ) ;
#5738 = ORIENTED_EDGE ( 'NONE', *, *, #2261, .F. ) ;
#5739 = CARTESIAN_POINT ( 'NONE',  ( 105.9567081809591258, 53.00157121848698694, -6.099999999999997868 ) ) ;
#5740 = ORIENTED_EDGE ( 'NONE', *, *, #3308, .F. ) ;
#5741 = VECTOR ( 'NONE', #5016, 1000.000000000000114 ) ;
#5742 = ORIENTED_EDGE ( 'NONE', *, *, #5411, .T. ) ;
#5743 = AXIS2_PLACEMENT_3D ( 'NONE', #6008, #1771, #810 ) ;
#5744 = CARTESIAN_POINT ( 'NONE',  ( 57.64803996589516544, 61.24049559811528809, -16.09999999999999787 ) ) ;
#5745 = FACE_OUTER_BOUND ( 'NONE', #817, .T. ) ;
#5746 = VECTOR ( 'NONE', #5297, 1000.000000000000000 ) ;
#5747 = PLANE ( 'NONE',  #1235 ) ;
#5748 = CARTESIAN_POINT ( 'NONE',  ( 39.26355335875231134, 61.57531702668680396, -14.09999999999999432 ) ) ;
#5749 = VERTEX_POINT ( 'NONE', #361 ) ;
#5750 = DIRECTION ( 'NONE',  ( 0.9546102138819017036, -0.2978579183979331302, 0.000000000000000000 ) ) ;
#5751 = VECTOR ( 'NONE', #6155, 1000.000000000000114 ) ;
#5752 = LINE ( 'NONE', #1092, #6294 ) ;
#5753 = CARTESIAN_POINT ( 'NONE',  ( 48.37757167326935814, 61.31179960689747332, -14.09999999999997300 ) ) ;
#5754 = ORIENTED_EDGE ( 'NONE', *, *, #1070, .F. ) ;
#5755 = EDGE_CURVE ( 'NONE', #5878, #5414, #4964, .T. ) ;
#5756 = CARTESIAN_POINT ( 'NONE',  ( 64.61232568018088784, 53.29127684811529519, -16.09999999999999787 ) ) ;
#5757 = VERTEX_POINT ( 'NONE', #1361 ) ;
#5758 = VECTOR ( 'NONE', #2992, 1000.000000000000114 ) ;
#5759 = FACE_BOUND ( 'NONE', #1085, .T. ) ;
#5760 = CARTESIAN_POINT ( 'NONE',  ( 39.91334180967673717, 47.76364926074756312, -14.09999999999998366 ) ) ;
#5761 = ORIENTED_EDGE ( 'NONE', *, *, #6264, .F. ) ;
#5762 = DIRECTION ( 'NONE',  ( -1.000000000000000000, 0.000000000000000000, 0.000000000000000000 ) ) ;
#5763 = ORIENTED_EDGE ( 'NONE', *, *, #2954, .T. ) ;
#5764 = ADVANCED_FACE ( 'NONE', ( #3442 ), #840, .T. ) ;
#5765 = DIRECTION ( 'NONE',  ( 0.000000000000000000, 0.000000000000000000, -1.000000000000000000 ) ) ;
#5766 = ORIENTED_EDGE ( 'NONE', *, *, #6733, .T. ) ;
#5767 = ORIENTED_EDGE ( 'NONE', *, *, #1576, .F. ) ;
#5768 = CARTESIAN_POINT ( 'NONE',  ( 62.70288116508543652, 56.44531918396728543, -14.09999999999998721 ) ) ;
#5769 = FACE_OUTER_BOUND ( 'NONE', #4191, .T. ) ;
#5770 = CARTESIAN_POINT ( 'NONE',  ( 47.95774978732374194, 61.57531702668671869, 7.500000000000000000 ) ) ;
#5771 = FACE_OUTER_BOUND ( 'NONE', #5250, .T. ) ;
#5772 = ADVANCED_FACE ( 'NONE', ( #1812 ), #1502, .T. ) ;
#5773 = EDGE_CURVE ( 'NONE', #2678, #6437, #3609, .T. ) ;
#5774 = DIRECTION ( 'NONE',  ( 1.000000000000000000, 0.000000000000000000, 0.000000000000000000 ) ) ;
#5775 = VECTOR ( 'NONE', #3991, 999.9999999999998863 ) ;
#5776 = ORIENTED_EDGE ( 'NONE', *, *, #6468, .F. ) ;
#5777 = ORIENTED_EDGE ( 'NONE', *, *, #29, .T. ) ;
#5778 = CARTESIAN_POINT ( 'NONE',  ( 52.29368728732374194, 60.38949113382957279, -16.09999999999999787 ) ) ;
#5779 = VECTOR ( 'NONE', #1494, 1000.000000000000000 ) ;
#5780 = FACE_OUTER_BOUND ( 'NONE', #263, .T. ) ;
#5781 = CARTESIAN_POINT ( 'NONE',  ( 57.22114264446660314, 60.38391077668671159, -14.09999999999997300 ) ) ;
#5782 = DIRECTION ( 'NONE',  ( -0.000000000000000000, -0.000000000000000000, -1.000000000000000000 ) ) ;
#5783 = PLANE ( 'NONE',  #1084 ) ;
#5784 = CARTESIAN_POINT ( 'NONE',  ( 26.63520514446659959, 61.57531702668671869, 7.500000000000000000 ) ) ;
#5785 = ORIENTED_EDGE ( 'NONE', *, *, #1808, .F. ) ;
#5786 = CARTESIAN_POINT ( 'NONE',  ( 48.01152170587302237, 61.56372305344223861, -16.09999999999999787 ) ) ;
#5787 = ORIENTED_EDGE ( 'NONE', *, *, #2506, .F. ) ;
#5788 = ORIENTED_EDGE ( 'NONE', *, *, #6318, .T. ) ;
#5789 = CARTESIAN_POINT ( 'NONE',  ( 31.27806228732374194, 61.27397774097242689, 7.500000000000000000 ) ) ;
#5790 = B_SPLINE_CURVE_WITH_KNOTS ( 'NONE', 3,
 ( #6149, #5604, #6665, #5188, #492, #4687, #2582 ),
 .UNSPECIFIED., .F., .F.,
 ( 4, 1, 1, 1, 4 ),
 ( 0.000000000000000000, 0.2813994077956885054, 0.5226029350789829220, 0.7496766156661363034, 1.000000000000000000 ),
 .UNSPECIFIED. ) ;
#5791 = CARTESIAN_POINT ( 'NONE',  ( 43.47518808418050895, 61.50104826110218426, -16.09999999999999432 ) ) ;
#5792 = VERTEX_POINT ( 'NONE', #1526 ) ;
#5793 = CARTESIAN_POINT ( 'NONE',  ( 74.66498066772820152, 46.57707682090696011, -14.09999999999997655 ) ) ;
#5794 = ORIENTED_EDGE ( 'NONE', *, *, #5190, .T. ) ;
#5795 = FACE_OUTER_BOUND ( 'NONE', #6350, .T. ) ;
#5796 = VERTEX_POINT ( 'NONE', #5060 ) ;
#5797 = ORIENTED_EDGE ( 'NONE', *, *, #5611, .T. ) ;
#5798 = DIRECTION ( 'NONE',  ( -0.000000000000000000, -0.000000000000000000, 1.000000000000000000 ) ) ;
#5799 = CARTESIAN_POINT ( 'NONE',  ( 62.58834490382754723, 56.48086975402811305, -16.09999999999999432 ) ) ;
#5800 = CARTESIAN_POINT ( 'NONE',  ( 32.12088628318825556, 51.00404638828731407, -14.09999999999998721 ) ) ;
#5801 = ADVANCED_FACE ( 'NONE', ( #5698 ), #392, .T. ) ;
#5802 = CARTESIAN_POINT ( 'NONE',  ( 105.8760383473322548, 50.07962605223539043, -1.599999999999998979 ) ) ;
#5803 = CARTESIAN_POINT ( 'NONE',  ( 43.64257597075861383, 47.61817373417902388, -16.09999999999998721 ) ) ;
#5804 = B_SPLINE_CURVE_WITH_KNOTS ( 'NONE', 3,
 ( #5264, #4254, #3776, #1177, #591 ),
 .UNSPECIFIED., .F., .F.,
 ( 4, 1, 4 ),
 ( 0.000000000000000000, 0.5511875762474863771, 1.000000000000000000 ),
 .UNSPECIFIED. ) ;
#5805 = CARTESIAN_POINT ( 'NONE',  ( 53.94230130916199073, 0.04330999182739999481, -16.09999999999999787 ) ) ;
#5806 = ORIENTED_EDGE ( 'NONE', *, *, #6318, .F. ) ;
#5807 = EDGE_CURVE ( 'NONE', #5035, #2442, #2014, .T. ) ;
#5808 = EDGE_CURVE ( 'NONE', #5179, #3647, #4116, .T. ) ;
#5809 = ORIENTED_EDGE ( 'NONE', *, *, #560, .T. ) ;
#5810 = LINE ( 'NONE', #5303, #4136 ) ;
#5811 = CARTESIAN_POINT ( 'NONE',  ( 68.91107939728760812, 61.53724345215887581, -16.09999999999999076 ) ) ;
#5812 = CARTESIAN_POINT ( 'NONE',  ( 32.63408907303803375, 46.57531702668671869, -14.09999999999996589 ) ) ;
#5813 = CARTESIAN_POINT ( 'NONE',  ( 39.20495960875231845, 60.36995988382957279, -16.09999999999999787 ) ) ;
#5814 = CARTESIAN_POINT ( 'NONE',  ( 26.91422300160945724, 60.36995988382957279, -16.09999999999999787 ) ) ;
#5815 = CARTESIAN_POINT ( 'NONE',  ( 43.88776793047021130, 47.19395826583033227, -14.09999999999998721 ) ) ;
#5816 = FACE_OUTER_BOUND ( 'NONE', #4636, .T. ) ;
#5817 = VERTEX_POINT ( 'NONE', #5163 ) ;
#5818 = CARTESIAN_POINT ( 'NONE',  ( 55.68096407303803375, 48.71538399097242689, 7.500000000000000000 ) ) ;
#5819 = ORIENTED_EDGE ( 'NONE', *, *, #642, .F. ) ;
#5820 = ORIENTED_EDGE ( 'NONE', *, *, #4423, .F. ) ;
#5821 = PLANE ( 'NONE',  #4991 ) ;
#5822 = CARTESIAN_POINT ( 'NONE',  ( 62.86567389446659604, 56.41627684811528809, -14.09999999999997655 ) ) ;
#5823 = VERTEX_POINT ( 'NONE', #941 ) ;
#5824 = CARTESIAN_POINT ( 'NONE',  ( 74.12202644789633155, 46.77561710835419717, -16.09999999999998721 ) ) ;
#5825 = ORIENTED_EDGE ( 'NONE', *, *, #3985, .F. ) ;
#5826 = CARTESIAN_POINT ( 'NONE',  ( 66.23899978732373484, 60.32531702668671869, -14.09999999999998721 ) ) ;
#5827 = EDGE_LOOP ( 'NONE', ( #6451, #3556, #5380, #2092 ) ) ;
#5828 = ORIENTED_EDGE ( 'NONE', *, *, #2886, .F. ) ;
#5829 = DIRECTION ( 'NONE',  ( -0.9528203799297202403, 0.3035347156267031443, 0.000000000000000000 ) ) ;
#5830 = DIRECTION ( 'NONE',  ( 0.000000000000000000, 0.000000000000000000, -1.000000000000000000 ) ) ;
#5831 = CARTESIAN_POINT ( 'NONE',  ( 66.54591943018088784, 48.36661166954386459, 7.500000000000000000 ) ) ;
#5832 = CARTESIAN_POINT ( 'NONE',  ( 43.85942212481219116, 46.88580859890556241, -14.09999999999999432 ) ) ;
#5833 = CARTESIAN_POINT ( 'NONE',  ( 57.67036139446660314, 60.75779470525814929, -16.09999999999999787 ) ) ;
#5834 = CARTESIAN_POINT ( 'NONE',  ( 43.81013582601147505, 47.44087890532853180, -14.09999999999996945 ) ) ;
#5835 = ORIENTED_EDGE ( 'NONE', *, *, #1234, .F. ) ;
#5836 = EDGE_CURVE ( 'NONE', #6370, #1212, #3029, .T. ) ;
#5837 = FACE_OUTER_BOUND ( 'NONE', #1690, .T. ) ;
#5838 = EDGE_LOOP ( 'NONE', ( #6261, #2822, #2907, #3694, #844, #1642 ) ) ;
#5839 = EDGE_LOOP ( 'NONE', ( #1606, #482, #6270, #4117 ) ) ;
#5840 = DIRECTION ( 'NONE',  ( 0.000000000000000000, 0.000000000000000000, -1.000000000000000000 ) ) ;
#5841 = CARTESIAN_POINT ( 'NONE',  ( 0.000000000000000000, 47.82531702668671159, -14.09999999999999432 ) ) ;
#5842 = EDGE_CURVE ( 'NONE', #1166, #6652, #902, .T. ) ;
#5843 = EDGE_CURVE ( 'NONE', #3367, #3437, #5790, .T. ) ;
#5844 = DIRECTION ( 'NONE',  ( 0.000000000000000000, 0.000000000000000000, 1.000000000000000000 ) ) ;
#5845 = DIRECTION ( 'NONE',  ( 0.9522418039129091349, 0.3053449637388644944, 0.000000000000000000 ) ) ;
#5846 = VECTOR ( 'NONE', #1207, 1000.000000000000114 ) ;
#5847 = B_SPLINE_CURVE_WITH_KNOTS ( 'NONE', 3,
 ( #2739, #4735, #4299, #3791, #2233 ),
 .UNSPECIFIED., .F., .F.,
 ( 4, 1, 4 ),
 ( 0.000000000000000000, 0.4044095493906807448, 1.000000000000000000 ),
 .UNSPECIFIED. ) ;
#5848 = LINE ( 'NONE', #4873, #6509 ) ;
#5849 = CARTESIAN_POINT ( 'NONE',  ( 38.57102532871969913, 47.18680691405206318, -16.09999999999999787 ) ) ;
#5850 = CIRCLE ( 'NONE', #5439, 0.9000000000000119016 ) ;
#5851 = CARTESIAN_POINT ( 'NONE',  ( 52.29368728732374194, 60.38949113382957279, -14.09999999999998010 ) ) ;
#5852 = VERTEX_POINT ( 'NONE', #519 ) ;
#5853 = VECTOR ( 'NONE', #6272, 1000.000000000000000 ) ;
#5854 = EDGE_CURVE ( 'NONE', #3278, #5292, #4655, .T. ) ;
#5855 = EDGE_CURVE ( 'NONE', #3904, #1738, #5140, .T. ) ;
#5856 = CARTESIAN_POINT ( 'NONE',  ( 48.37757167326935814, 61.31179960689747332, -16.09999999999999787 ) ) ;
#5857 = ORIENTED_EDGE ( 'NONE', *, *, #3088, .F. ) ;
#5858 = CARTESIAN_POINT ( 'NONE',  ( 57.69826318018088784, 61.09261613382957989, -14.09999999999997300 ) ) ;
#5859 = CIRCLE ( 'NONE', #210, 0.9000000000000119016 ) ;
#5860 = DIRECTION ( 'NONE',  ( -1.000000000000000000, 0.000000000000000000, 0.000000000000000000 ) ) ;
#5861 = VERTEX_POINT ( 'NONE', #428 ) ;
#5862 = CARTESIAN_POINT ( 'NONE',  ( 31.27806228732374194, 61.27397774097242689, -14.09999999999997655 ) ) ;
#5863 = ORIENTED_EDGE ( 'NONE', *, *, #725, .F. ) ;
#5864 = VECTOR ( 'NONE', #1493, 1000.000000000000000 ) ;
#5865 = DIRECTION ( 'NONE',  ( -1.000000000000000000, 0.000000000000000000, 0.000000000000000000 ) ) ;
#5866 = ORIENTED_EDGE ( 'NONE', *, *, #3424, .F. ) ;
#5867 = VERTEX_POINT ( 'NONE', #2113 ) ;
#5868 = CARTESIAN_POINT ( 'NONE',  ( 65.48286139446659604, 47.38167863382957279, 7.500000000000000000 ) ) ;
#5869 = CARTESIAN_POINT ( 'NONE',  ( 47.34112032303802664, 60.36995988382957279, 7.500000000000000000 ) ) ;
#5870 = CARTESIAN_POINT ( 'NONE',  ( 43.53142413465818805, 60.45894951237595194, -16.09999999999998721 ) ) ;
#5871 = DIRECTION ( 'NONE',  ( -1.000000000000000000, 0.000000000000000000, 0.000000000000000000 ) ) ;
#5872 = LINE ( 'NONE', #4318, #6432 ) ;
#5873 = CARTESIAN_POINT ( 'NONE',  ( 26.44158038465818450, 60.45894951237595194, -14.09999999999997300 ) ) ;
#5874 = CARTESIAN_POINT ( 'NONE',  ( 43.86223646664431186, 47.32649832620397490, -16.09999999999998721 ) ) ;
#5875 = ORIENTED_EDGE ( 'NONE', *, *, #1337, .F. ) ;
#5876 = PLANE ( 'NONE',  #5958 ) ;
#5877 = VERTEX_POINT ( 'NONE', #1982 ) ;
#5878 = VERTEX_POINT ( 'NONE', #3575 ) ;
#5879 = FACE_OUTER_BOUND ( 'NONE', #4302, .T. ) ;
#5880 = CARTESIAN_POINT ( 'NONE',  ( 66.03810693018088784, 51.02286166954385749, 7.500000000000000000 ) ) ;
#5881 = CALENDAR_DATE ( 2025, 23, 7 ) ;
#5882 = CARTESIAN_POINT ( 'NONE',  ( 39.85241141925833830, 60.65826374572937851, -16.09999999999999787 ) ) ;
#5883 = CARTESIAN_POINT ( 'NONE',  ( 42.75964710875231845, 47.70812952668671869, 7.500000000000000000 ) ) ;
#5884 = ORIENTED_EDGE ( 'NONE', *, *, #1993, .F. ) ;
#5885 = EDGE_CURVE ( 'NONE', #930, #5225, #6725, .T. ) ;
#5886 = CARTESIAN_POINT ( 'NONE',  ( 30.84000425160946079, 61.57531702668671869, -14.09999999999998721 ) ) ;
#5887 = VECTOR ( 'NONE', #5457, 1000.000000000000000 ) ;
#5888 = CARTESIAN_POINT ( 'NONE',  ( 38.56879889446660314, 47.14172327668672580, -16.09999999999999432 ) ) ;
#5889 = PLANE ( 'NONE',  #5674 ) ;
#5890 = VERTEX_POINT ( 'NONE', #3513 ) ;
#5891 = FACE_OUTER_BOUND ( 'NONE', #4032, .T. ) ;
#5892 = CARTESIAN_POINT ( 'NONE',  ( 63.44324085875231845, 58.17687952668671869, 7.500000000000000000 ) ) ;
#5893 = CIRCLE ( 'NONE', #4607, 52.95827939944611984 ) ;
#5894 = ORIENTED_EDGE ( 'NONE', *, *, #1141, .T. ) ;
#5895 = CARTESIAN_POINT ( 'NONE',  ( 48.44953043147427252, 61.04761095196477783, -16.10000000000000142 ) ) ;
#5896 = EDGE_CURVE ( 'NONE', #1128, #6442, #3545, .T. ) ;
#5897 = EDGE_CURVE ( 'NONE', #85, #5660, #4812, .T. ) ;
#5898 = CARTESIAN_POINT ( 'NONE',  ( 30.65864264446659959, 60.36995988382957279, -14.09999999999998010 ) ) ;
#5899 = PLANE ( 'NONE',  #2284 ) ;
#5900 = VECTOR ( 'NONE', #2231, 1000.000000000000114 ) ;
#5901 = CARTESIAN_POINT ( 'NONE',  ( 72.63713539099144612, 58.43543334468339623, -16.09999999999999787 ) ) ;
#5902 = CARTESIAN_POINT ( 'NONE',  ( 49.10464242592443185, 48.25792642039525049, -14.09999999999996589 ) ) ;
#5903 = B_SPLINE_SURFACE_WITH_KNOTS ( 'NONE', 3, 1, ( 
 ( #6325, #3680 ),
 ( #2127, #6250 ),
 ( #4195, #5241 ),
 ( #1022, #55 ),
 ( #3720, #2156 ),
 ( #3592, #4224 ),
 ( #1122, #3208 ) ),
 .UNSPECIFIED., .F., .F., .F.,
 ( 4, 1, 1, 1, 4 ),
 ( 2, 2 ),
 ( 0.000000000000000000, 0.2838934833689656934, 0.5309679183147403281, 0.7641352268554387761, 0.9999999999999998890 ),
 ( 0.000000000000000000, 1.000000000000000000 ),
 .UNSPECIFIED. ) ;
#5904 = ORIENTED_EDGE ( 'NONE', *, *, #106, .F. ) ;
#5905 = B_SPLINE_CURVE_WITH_KNOTS ( 'NONE', 3,
 ( #5185, #37, #2078, #5760, #1648 ),
 .UNSPECIFIED., .F., .F.,
 ( 4, 1, 4 ),
 ( 0.000000000000000000, 0.4553261816266693796, 1.000000000000000000 ),
 .UNSPECIFIED. ) ;
#5906 = CARTESIAN_POINT ( 'NONE',  ( 105.9601459312399925, 53.03888764915900111, -24.09999999999999787 ) ) ;
#5907 = CARTESIAN_POINT ( 'NONE',  ( 71.01578550160945724, 60.85824113382957279, -14.09999999999998721 ) ) ;
#5908 = LINE ( 'NONE', #4754, #5960 ) ;
#5909 = DIRECTION ( 'NONE',  ( -0.000000000000000000, -0.000000000000000000, -1.000000000000000000 ) ) ;
#5910 = EDGE_CURVE ( 'NONE', #4742, #5465, #2492, .T. ) ;
#5911 = DIRECTION ( 'NONE',  ( -1.000000000000000000, 0.000000000000000000, 0.000000000000000000 ) ) ;
#5912 = CARTESIAN_POINT ( 'NONE',  ( 26.05662824968335300, 60.86126327753767384, -14.09999999999998010 ) ) ;
#5913 = FACE_OUTER_BOUND ( 'NONE', #6425, .T. ) ;
#5914 = CARTESIAN_POINT ( 'NONE',  ( 47.85071017400476734, 60.37299079924869005, -14.09999999999998721 ) ) ;
#5915 = VERTEX_POINT ( 'NONE', #2790 ) ;
#5916 = ORIENTED_EDGE ( 'NONE', *, *, #5688, .F. ) ;
#5917 = CARTESIAN_POINT ( 'NONE',  ( 50.08639393572589427, 0.1234149532887765521, -6.099999999999997868 ) ) ;
#5918 = CARTESIAN_POINT ( 'NONE',  ( 70.07544723458038050, 61.16501008368893366, -14.09999999999999432 ) ) ;
#5919 = PRODUCT_DEFINITION ( '未知', '', #2224, #5736 ) ;
#5920 = LINE ( 'NONE', #3789, #5544 ) ;
#5921 = LINE ( 'NONE', #5883, #1729 ) ;
#5922 = CARTESIAN_POINT ( 'NONE',  ( 39.79368728732374194, 47.70812952668671869, 7.500000000000000000 ) ) ;
#5923 = FACE_OUTER_BOUND ( 'NONE', #2750, .T. ) ;
#5924 = VERTEX_POINT ( 'NONE', #586 ) ;
#5925 = DIRECTION ( 'NONE',  ( -1.000000000000000000, 0.000000000000000000, 0.000000000000000000 ) ) ;
#5926 = FACE_OUTER_BOUND ( 'NONE', #2615, .T. ) ;
#5927 = EDGE_CURVE ( 'NONE', #1038, #5681, #2213, .T. ) ;
#5928 = ORIENTED_EDGE ( 'NONE', *, *, #6264, .T. ) ;
#5929 = ORIENTED_EDGE ( 'NONE', *, *, #1609, .T. ) ;
#5930 = CARTESIAN_POINT ( 'NONE',  ( 48.40929959087673495, 61.23522481258653727, -16.09999999999999787 ) ) ;
#5931 = FACE_OUTER_BOUND ( 'NONE', #6158, .T. ) ;
#5932 = EDGE_LOOP ( 'NONE', ( #651, #555, #2730, #5673 ) ) ;
#5933 = CARTESIAN_POINT ( 'NONE',  ( 50.03643282303804085, 47.34819649097244110, -16.10000000000000142 ) ) ;
#5934 = CARTESIAN_POINT ( 'NONE',  ( 49.31022360371346025, 48.05053628339268812, -16.09999999999999787 ) ) ;
#5935 = EDGE_CURVE ( 'NONE', #3327, #469, #2680, .T. ) ;
#5936 = EDGE_CURVE ( 'NONE', #4203, #1970, #5332, .T. ) ;
#5937 = ORIENTED_EDGE ( 'NONE', *, *, #3693, .T. ) ;
#5938 = LINE ( 'NONE', #4420, #412 ) ;
#5939 = LINE ( 'NONE', #4927, #1855 ) ;
#5940 = CARTESIAN_POINT ( 'NONE',  ( 50.03643282303803375, 47.34819649097243399, -16.09999999999999432 ) ) ;
#5941 = CARTESIAN_POINT ( 'NONE',  ( 53.94230130916199073, 0.04330999182739999481, -1.599999999999998979 ) ) ;
#5942 = CARTESIAN_POINT ( 'NONE',  ( 74.63435021221803822, 51.32543628315492867, -16.09999999999998721 ) ) ;
#5943 = CARTESIAN_POINT ( 'NONE',  ( 0.04014938206688134503, 53.00157121848699404, -6.099999999999997868 ) ) ;
#5944 = CARTESIAN_POINT ( 'NONE',  ( 51.14184100871580085, 61.24183341626882537, -14.09999999999998721 ) ) ;
#5945 = ORIENTED_EDGE ( 'NONE', *, *, #6681, .F. ) ;
#5946 = CARTESIAN_POINT ( 'NONE',  ( 68.79201318018087363, 61.57531702668671869, -14.09999999999999432 ) ) ;
#5947 = VERTEX_POINT ( 'NONE', #1654 ) ;
#5948 = ORIENTED_EDGE ( 'NONE', *, *, #5494, .T. ) ;
#5949 = CARTESIAN_POINT ( 'NONE',  ( 72.64314601042094921, 59.00556544768508616, -16.09999999999999432 ) ) ;
#5950 = CARTESIAN_POINT ( 'NONE',  ( 70.34200812802065172, 61.07738045815271022, -14.09999999999999432 ) ) ;
#5951 = CARTESIAN_POINT ( 'NONE',  ( 52.34112032303803375, 60.37275006240100339, -14.09999999999997300 ) ) ;
#5952 = CARTESIAN_POINT ( 'NONE',  ( 52.99842878151299885, 53.00157121848699404, -16.09999999999999787 ) ) ;
#5953 = VECTOR ( 'NONE', #2091, 1000.000000000000000 ) ;
#5954 = DIRECTION ( 'NONE',  ( -0.000000000000000000, -0.000000000000000000, 1.000000000000000000 ) ) ;
#5955 = FACE_OUTER_BOUND ( 'NONE', #4965, .T. ) ;
#5956 = VERTEX_POINT ( 'NONE', #5826 ) ;
#5957 = CARTESIAN_POINT ( 'NONE',  ( 48.42091943018088784, 60.73268309811529519, 7.499999999999996447 ) ) ;
#5958 = AXIS2_PLACEMENT_3D ( 'NONE', #1225, #4361, #6423 ) ;
#5959 = CARTESIAN_POINT ( 'NONE',  ( 74.09056228732374905, 46.81248220525814929, 7.500000000000000000 ) ) ;
#5960 = VECTOR ( 'NONE', #2759, 1000.000000000000000 ) ;
#5961 = ORIENTED_EDGE ( 'NONE', *, *, #3992, .T. ) ;
#5962 = ORIENTED_EDGE ( 'NONE', *, *, #2172, .T. ) ;
#5963 = CARTESIAN_POINT ( 'NONE',  ( 64.66812925160945724, 48.17687952668671869, -16.09999999999999787 ) ) ;
#5964 = VECTOR ( 'NONE', #3932, 1000.000000000000000 ) ;
#5965 = VECTOR ( 'NONE', #4120, 1000.000000000000000 ) ;
#5966 = EDGE_CURVE ( 'NONE', #4726, #2516, #4851, .T. ) ;
#5967 = CARTESIAN_POINT ( 'NONE',  ( 50.03643282303804085, 47.34819649097244110, -16.10000000000000142 ) ) ;
#5968 = ORIENTED_EDGE ( 'NONE', *, *, #231, .F. ) ;
#5969 = CARTESIAN_POINT ( 'NONE',  ( 31.22315032849568084, 61.38786541851526835, -14.09999999999998366 ) ) ;
#5970 = CARTESIAN_POINT ( 'NONE',  ( 51.10503901960423434, 61.18151630072723179, -16.09999999999999787 ) ) ;
#5971 = ORIENTED_EDGE ( 'NONE', *, *, #6263, .T. ) ;
#5972 = VERTEX_POINT ( 'NONE', #4310 ) ;
#5973 = CARTESIAN_POINT ( 'NONE',  ( 56.53357820826649771, 60.35379301899976667, -14.09999999999998366 ) ) ;
#5974 = AXIS2_PLACEMENT_3D ( 'NONE', #4015, #6116, #6172 ) ;
#5975 = AXIS2_PLACEMENT_3D ( 'NONE', #2326, #3889, #2839 ) ;
#5976 = CARTESIAN_POINT ( 'NONE',  ( 62.30211262734024302, 61.56772021035151710, -16.10000000000000142 ) ) ;
#5977 = DIRECTION ( 'NONE',  ( -0.000000000000000000, -0.000000000000000000, -1.000000000000000000 ) ) ;
#5978 = DIRECTION ( 'NONE',  ( 0.9038687899504314061, 0.4278097831437973619, 0.000000000000000000 ) ) ;
#5979 = EDGE_CURVE ( 'NONE', #5429, #3798, #5369, .T. ) ;
#5980 = CARTESIAN_POINT ( 'NONE',  ( 57.71151487712035788, 61.07097895026998913, -16.09999999999999787 ) ) ;
#5981 = AXIS2_PLACEMENT_3D ( 'NONE', #706, #1940, #5634 ) ;
#5982 = CARTESIAN_POINT ( 'NONE',  ( 52.05233684089519386, 60.36995988382958700, -16.10000000000000142 ) ) ;
#5983 = CARTESIAN_POINT ( 'NONE',  ( 51.18740055492274621, 61.29565135717918878, -14.09999999999999076 ) ) ;
#5984 = VERTEX_POINT ( 'NONE', #3260 ) ;
#5985 = LINE ( 'NONE', #363, #2600 ) ;
#5986 = ORIENTED_EDGE ( 'NONE', *, *, #1193, .F. ) ;
#5987 = EDGE_CURVE ( 'NONE', #3194, #1983, #4249, .T. ) ;
#5988 = CARTESIAN_POINT ( 'NONE',  ( 72.62889130769796964, 57.55931711467511747, -14.09999999999997300 ) ) ;
#5989 = CARTESIAN_POINT ( 'NONE',  ( 61.44826318018088784, 61.17632149097243399, -16.09999999999998721 ) ) ;
#5990 = DIRECTION ( 'NONE',  ( 1.000000000000000000, 0.000000000000000000, 0.000000000000000000 ) ) ;
#5991 = LINE ( 'NONE', #1341, #6400 ) ;
#5992 = CARTESIAN_POINT ( 'NONE',  ( 26.58570010380315196, 60.40633410964733230, -16.10000000000000142 ) ) ;
#5993 = CARTESIAN_POINT ( 'NONE',  ( 52.32681992518482161, 60.37655658031840034, -14.09999999999998721 ) ) ;
#5994 = ORIENTED_EDGE ( 'NONE', *, *, #3294, .F. ) ;
#5995 = CARTESIAN_POINT ( 'NONE',  ( 32.88431522185697986, 46.58143135395914669, -14.09999999999997300 ) ) ;
#5996 = CARTESIAN_POINT ( 'NONE',  ( 64.01522746589517965, 59.27341970525814219, 7.500000000000000000 ) ) ;
#5997 = VERTEX_POINT ( 'NONE', #696 ) ;
#5998 = ORIENTED_EDGE ( 'NONE', *, *, #4740, .F. ) ;
#5999 = CARTESIAN_POINT ( 'NONE',  ( 39.93479315608104940, 61.08043398272046431, -14.09999999999999076 ) ) ;
#6000 = AXIS2_PLACEMENT_3D ( 'NONE', #2950, #4509, #5112 ) ;
#6001 = CARTESIAN_POINT ( 'NONE',  ( 39.67532497764070598, 61.47708535290509957, -14.09999999999996945 ) ) ;
#6002 = ORIENTED_EDGE ( 'NONE', *, *, #5936, .T. ) ;
#6003 = CARTESIAN_POINT ( 'NONE',  ( 31.32331676976266621, 61.14399153471228487, -16.09999999999999076 ) ) ;
#6004 = VECTOR ( 'NONE', #1172, 1000.000000000000000 ) ;
#6005 = CARTESIAN_POINT ( 'NONE',  ( 51.07085395105370651, 61.10680505308197752, -16.10000000000000142 ) ) ;
#6006 = ORIENTED_EDGE ( 'NONE', *, *, #5537, .F. ) ;
#6007 = CARTESIAN_POINT ( 'NONE',  ( 50.03643282303804085, 47.34819649097244110, -14.09999999999997655 ) ) ;
#6008 = CARTESIAN_POINT ( 'NONE',  ( 0.04330999182739999481, 52.95769869083799364, -6.099999999999997868 ) ) ;
#6009 = VECTOR ( 'NONE', #6539, 1000.000000000000000 ) ;
#6010 = CARTESIAN_POINT ( 'NONE',  ( 29.43933460875231845, 59.99607595525814929, -16.09999999999999787 ) ) ;
#6011 = CARTESIAN_POINT ( 'NONE',  ( 74.66254889446661025, 51.26560720525814929, -14.09999999999996945 ) ) ;
#6012 = LINE ( 'NONE', #3917, #2848 ) ;
#6013 = CARTESIAN_POINT ( 'NONE',  ( 52.13891701802830880, 105.9528752296086651, -6.099999999999997868 ) ) ;
#6014 = ORIENTED_EDGE ( 'NONE', *, *, #4944, .F. ) ;
#6015 = B_SPLINE_CURVE_WITH_KNOTS ( 'NONE', 3,
 ( #562, #3271, #4722, #5194, #2622, #5734, #1561 ),
 .UNSPECIFIED., .F., .F.,
 ( 4, 1, 1, 1, 4 ),
 ( 0.000000000000000000, 0.3261631261545659410, 0.5868059191059555868, 0.7990061949277679210, 1.000000000000000000 ),
 .UNSPECIFIED. ) ;
#6016 = SHAPE_DEFINITION_REPRESENTATION ( #615, #5310 ) ;
#6017 = EDGE_CURVE ( 'NONE', #4817, #2804, #5359, .T. ) ;
#6018 = FACE_OUTER_BOUND ( 'NONE', #5010, .T. ) ;
#6019 = VERTEX_POINT ( 'NONE', #177 ) ;
#6020 = CARTESIAN_POINT ( 'NONE',  ( 72.62576864645842534, 56.94920066622695032, -16.09999999999999076 ) ) ;
#6021 = CARTESIAN_POINT ( 'NONE',  ( 52.14232777459228885, 0.05021195344311751851, -6.099999999999997868 ) ) ;
#6022 = FACE_OUTER_BOUND ( 'NONE', #6480, .T. ) ;
#6023 = EDGE_CURVE ( 'NONE', #3194, #3647, #1213, .T. ) ;
#6024 = CARTESIAN_POINT ( 'NONE',  ( 32.56634556104485512, 46.58522341502117570, -16.09999999999999432 ) ) ;
#6025 = ADVANCED_FACE ( 'NONE', ( #2647, #6307, #6269, #2278, #1068, #3193 ), #1105, .F. ) ;
#6026 = ORIENTED_EDGE ( 'NONE', *, *, #3085, .T. ) ;
#6027 = B_SPLINE_CURVE_WITH_KNOTS ( 'NONE', 3,
 ( #2920, #2857, #3938, #4918, #4881, #1380, #1414 ),
 .UNSPECIFIED., .F., .F.,
 ( 4, 1, 1, 1, 4 ),
 ( 0.000000000000000000, 0.2455349696445554286, 0.4812480391771650767, 0.7281969728705597333, 1.000000000000000000 ),
 .UNSPECIFIED. ) ;
#6028 = CARTESIAN_POINT ( 'NONE',  ( 63.19534581346697166, 56.51764081307719323, -16.09999999999999432 ) ) ;
#6029 = CARTESIAN_POINT ( 'NONE',  ( 39.24762860204325676, 47.70519372216161713, -16.10000000000000142 ) ) ;
#6030 = ORIENTED_EDGE ( 'NONE', *, *, #3198, .F. ) ;
#6031 = CARTESIAN_POINT ( 'NONE',  ( 26.91422300160945724, 60.36995988382957279, -16.09999999999999076 ) ) ;
#6032 = LINE ( 'NONE', #2889, #5584 ) ;
#6033 = EDGE_CURVE ( 'NONE', #1019, #5126, #6663, .T. ) ;
#6034 = CARTESIAN_POINT ( 'NONE',  ( 52.15138818018088784, 60.36995988382957279, -14.09999999999997300 ) ) ;
#6035 = CARTESIAN_POINT ( 'NONE',  ( 39.31581170911694301, 61.57337022917437963, -16.09999999999999432 ) ) ;
#6036 = DIRECTION ( 'NONE',  ( -0.3004304962231743592, -0.9538037098581118034, 0.000000000000000000 ) ) ;
#6037 = CARTESIAN_POINT ( 'NONE',  ( 43.19770514446660314, 47.70812952668671869, -16.09999999999999787 ) ) ;
#6038 = CARTESIAN_POINT ( 'NONE',  ( 57.67036139446660314, 60.75779470525814929, -14.09999999999998721 ) ) ;
#6039 = ORIENTED_EDGE ( 'NONE', *, *, #560, .F. ) ;
#6040 = B_SPLINE_CURVE_WITH_KNOTS ( 'NONE', 3,
 ( #2252, #2832, #220, #3309, #1287 ),
 .UNSPECIFIED., .F., .F.,
 ( 4, 1, 4 ),
 ( 0.000000000000000000, 0.4812987511691149689, 0.9999999999999998890 ),
 .UNSPECIFIED. ) ;
#6041 = CARTESIAN_POINT ( 'NONE',  ( 49.53750259879727480, 47.83142035289869654, -14.09999999999998010 ) ) ;
#6042 = CARTESIAN_POINT ( 'NONE',  ( 38.68791179051284956, 47.49300939220001538, -14.09999999999999076 ) ) ;
#6043 = CARTESIAN_POINT ( 'NONE',  ( 65.98509353732374905, 61.55578577668671869, -16.09999999999999787 ) ) ;
#6044 = CARTESIAN_POINT ( 'NONE',  ( 47.95774978732374194, 61.57531702668671869, -16.09999999999999787 ) ) ;
#6045 = CARTESIAN_POINT ( 'NONE',  ( 51.38700375603154669, 61.46446569515378400, -16.09999999999999076 ) ) ;
#6046 = EDGE_LOOP ( 'NONE', ( #5043, #3857, #4739, #3779 ) ) ;
#6047 = CARTESIAN_POINT ( 'NONE',  ( 26.03810693018088784, 61.05355363382957279, -16.09999999999999787 ) ) ;
#6048 = ORIENTED_EDGE ( 'NONE', *, *, #5537, .T. ) ;
#6049 = CARTESIAN_POINT ( 'NONE',  ( 49.71835246589517965, 49.49942416954385749, -16.09999999999999787 ) ) ;
#6050 = DIRECTION ( 'NONE',  ( -0.000000000000000000, -0.000000000000000000, -1.000000000000000000 ) ) ;
#6051 = ADVANCED_FACE ( 'NONE', ( #2754, #5795, #4820, #1617 ), #4749, .F. ) ;
#6052 = B_SPLINE_CURVE_WITH_KNOTS ( 'NONE', 3,
 ( #5367, #1279, #3297, #3804, #281, #2415, #2314, #1802, #3875, #3404, #5933 ),
 .UNSPECIFIED., .F., .F.,
 ( 4, 1, 1, 1, 1, 1, 1, 1, 4 ),
 ( 0.000000000000000000, 0.08808573639073195849, 0.1866786466866670879, 0.2958176834783229348, 0.4155185625401417449, 0.5457812838721192161, 0.6866168489635621208, 0.8380134888332255727, 1.000000000000000000 ),
 .UNSPECIFIED. ) ;
#6053 = CARTESIAN_POINT ( 'NONE',  ( 51.95328550160945724, 60.36995988382957279, -16.09999999999999787 ) ) ;
#6054 = LINE ( 'NONE', #1949, #5311 ) ;
#6055 = DIRECTION ( 'NONE',  ( 0.9999923193465235505, 0.003919342796991468619, 0.000000000000000000 ) ) ;
#6056 = ORIENTED_EDGE ( 'NONE', *, *, #2136, .T. ) ;
#6057 = ORIENTED_EDGE ( 'NONE', *, *, #2101, .F. ) ;
#6058 = CARTESIAN_POINT ( 'NONE',  ( 63.44324085875231845, 56.90734827668671869, -16.09999999999999787 ) ) ;
#6059 = EDGE_CURVE ( 'NONE', #4984, #4397, #3704, .T. ) ;
#6060 = ADVANCED_FACE ( 'NONE', ( #72 ), #4717, .F. ) ;
#6061 = CARTESIAN_POINT ( 'NONE',  ( 73.30931228732374905, 51.17353131240100339, -14.09999999999998721 ) ) ;
#6062 = ORIENTED_EDGE ( 'NONE', *, *, #4823, .F. ) ;
#6063 = LINE ( 'NONE', #2032, #356 ) ;
#6064 = ORIENTED_EDGE ( 'NONE', *, *, #6696, .T. ) ;
#6065 = CARTESIAN_POINT ( 'NONE',  ( 73.38864701651877454, 51.38991050916362013, -14.09999999999996589 ) ) ;
#6066 = EDGE_CURVE ( 'NONE', #3225, #4833, #3224, .T. ) ;
#6067 = CARTESIAN_POINT ( 'NONE',  ( 81.56359319796463581, 41.66835739461092913, -14.09999999999999432 ) ) ;
#6068 = ORIENTED_EDGE ( 'NONE', *, *, #3386, .T. ) ;
#6069 = EDGE_CURVE ( 'NONE', #3384, #835, #2908, .T. ) ;
#6070 = AXIS2_PLACEMENT_3D ( 'NONE', #1217, #5830, #4792 ) ;
#6071 = CARTESIAN_POINT ( 'NONE',  ( 43.73983670360281195, 47.53899221541335862, -16.09999999999999787 ) ) ;
#6072 = FACE_OUTER_BOUND ( 'NONE', #6507, .T. ) ;
#6073 = EDGE_LOOP ( 'NONE', ( #5099, #6530, #2891, #1801 ) ) ;
#6074 = CARTESIAN_POINT ( 'NONE',  ( 62.57352238880109496, 61.43947266375454319, -16.09999999999999787 ) ) ;
#6075 = VECTOR ( 'NONE', #4670, 1000.000000000000000 ) ;
#6076 = AXIS2_PLACEMENT_3D ( 'NONE', #6226, #1571, #5206 ) ;
#6077 = CARTESIAN_POINT ( 'NONE',  ( 38.74093000512508667, 46.78928413384564067, -16.09999999999999076 ) ) ;
#6078 = CARTESIAN_POINT ( 'NONE',  ( 105.9484140336646192, 53.93881118067670855, -6.099999999999997868 ) ) ;
#6079 = CARTESIAN_POINT ( 'NONE',  ( 72.62571853732374905, 56.88223666954385749, -14.09999999999998010 ) ) ;
#6080 = VECTOR ( 'NONE', #359, 1000.000000000000000 ) ;
#6081 = CARTESIAN_POINT ( 'NONE',  ( 48.44882121589517254, 48.93022774097242689, 7.500000000000000000 ) ) ;
#6082 = ORIENTED_EDGE ( 'NONE', *, *, #6263, .F. ) ;
#6083 = CIRCLE ( 'NONE', #4892, 52.95827939944611984 ) ;
#6084 = COORDINATED_UNIVERSAL_TIME_OFFSET ( 8, 0, .AHEAD. ) ;
#6085 = CARTESIAN_POINT ( 'NONE',  ( 26.44158038465818450, 60.45894951237595194, -16.09999999999999787 ) ) ;
#6086 = ORIENTED_EDGE ( 'NONE', *, *, #5411, .F. ) ;
#6087 = VECTOR ( 'NONE', #1899, 1000.000000000000000 ) ;
#6088 = CARTESIAN_POINT ( 'NONE',  ( 52.99842878151299885, 53.00157121848699404, -167.7639969244287386 ) ) ;
#6089 = LINE ( 'NONE', #5168, #644 ) ;
#6090 = CIRCLE ( 'NONE', #1634, 2.960456600711792952 ) ;
#6091 = DIRECTION ( 'NONE',  ( -0.000000000000000000, -0.000000000000000000, -1.000000000000000000 ) ) ;
#6092 = CARTESIAN_POINT ( 'NONE',  ( 52.29554041627144301, 60.38854419871173462, -16.09999999999999787 ) ) ;
#6093 = ORIENTED_EDGE ( 'NONE', *, *, #5065, .T. ) ;
#6094 = EDGE_CURVE ( 'NONE', #556, #1655, #2440, .T. ) ;
#6095 = ORIENTED_EDGE ( 'NONE', *, *, #3544, .F. ) ;
#6096 = CARTESIAN_POINT ( 'NONE',  ( 29.43933460875231845, 59.99607595525814929, 7.500000000000000000 ) ) ;
#6097 = CARTESIAN_POINT ( 'NONE',  ( 72.64524978732374905, 59.12554024097243399, -16.09999999999999787 ) ) ;
#6098 = CARTESIAN_POINT ( 'NONE',  ( 53.03888764915900111, 105.9601459312399925, -6.099999999999997868 ) ) ;
#6099 = DIRECTION ( 'NONE',  ( -0.000000000000000000, -0.000000000000000000, -1.000000000000000000 ) ) ;
#6100 = CARTESIAN_POINT ( 'NONE',  ( 62.45424611635610290, 56.52035997525705113, -16.09999999999999787 ) ) ;
#6101 = ORIENTED_EDGE ( 'NONE', *, *, #3509, .T. ) ;
#6102 = EDGE_CURVE ( 'NONE', #3215, #20, #4428, .T. ) ;
#6103 = CARTESIAN_POINT ( 'NONE',  ( 52.27505765699678619, 60.38784890353707624, -16.09999999999998721 ) ) ;
#6104 = FACE_OUTER_BOUND ( 'NONE', #3493, .T. ) ;
#6105 = ORIENTED_EDGE ( 'NONE', *, *, #6468, .T. ) ;
#6106 = CARTESIAN_POINT ( 'NONE',  ( 43.36548320809378509, 47.70207196080882994, -16.09999999999999787 ) ) ;
#6107 = ORIENTED_EDGE ( 'NONE', *, *, #315, .T. ) ;
#6108 = FACE_OUTER_BOUND ( 'NONE', #4151, .T. ) ;
#6109 = VECTOR ( 'NONE', #257, 999.9999999999998863 ) ;
#6110 = ORIENTED_EDGE ( 'NONE', *, *, #3543, .F. ) ;
#6111 = ADVANCED_FACE ( 'NONE', ( #4482 ), #4650, .T. ) ;
#6112 = CARTESIAN_POINT ( 'NONE',  ( 26.91422300160945724, 60.36995988382957279, -14.09999999999998721 ) ) ;
#6113 = EDGE_CURVE ( 'NONE', #6136, #5546, #2315, .T. ) ;
#6114 = B_SPLINE_SURFACE_WITH_KNOTS ( 'NONE', 3, 1, ( 
 ( #571, #4263 ),
 ( #3135, #5204 ),
 ( #1818, #2806 ),
 ( #265, #3421 ),
 ( #2365, #3927 ),
 ( #4867, #1854 ),
 ( #1338, #818 ) ),
 .UNSPECIFIED., .F., .F., .F.,
 ( 4, 1, 1, 1, 4 ),
 ( 2, 2 ),
 ( 0.000000000000000000, 0.1554207360201361743, 0.3729876177277507421, 0.6538581053173657676, 1.000000000000000000 ),
 ( 0.000000000000000000, 1.000000000000000000 ),
 .UNSPECIFIED. ) ;
#6115 = CARTESIAN_POINT ( 'NONE',  ( 39.37596511235662433, 47.70710348875853413, -14.09999999999998366 ) ) ;
#6116 = DIRECTION ( 'NONE',  ( 0.000000000000000000, 1.000000000000000000, 0.000000000000000000 ) ) ;
#6117 = VECTOR ( 'NONE', #3097, 1000.000000000000227 ) ;
#6118 = CARTESIAN_POINT ( 'NONE',  ( 40.44379889446660314, 48.03179024097243399, 7.500000000000000000 ) ) ;
#6119 = DIRECTION ( 'NONE',  ( -0.000000000000000000, -0.000000000000000000, 1.000000000000000000 ) ) ;
#6120 = VERTEX_POINT ( 'NONE', #314 ) ;
#6121 = LINE ( 'NONE', #1468, #6387 ) ;
#6122 = PLANE ( 'NONE',  #524 ) ;
#6123 = ORIENTED_EDGE ( 'NONE', *, *, #1887, .T. ) ;
#6124 = CARTESIAN_POINT ( 'NONE',  ( 39.90346906129732218, 60.75834674562596405, -16.09999999999999076 ) ) ;
#6125 = CARTESIAN_POINT ( 'NONE',  ( 38.74543905741057870, 60.35540885637099962, -16.09999999999999787 ) ) ;
#6126 = VERTEX_POINT ( 'NONE', #5500 ) ;
#6127 = CARTESIAN_POINT ( 'NONE',  ( 73.30931228732374905, 51.17353131240100339, -14.09999999999998721 ) ) ;
#6128 = ORIENTED_EDGE ( 'NONE', *, *, #4113, .T. ) ;
#6129 = VERTEX_POINT ( 'NONE', #6038 ) ;
#6130 = CARTESIAN_POINT ( 'NONE',  ( 31.33670606613485887, 60.93966854192218108, -16.10000000000000142 ) ) ;
#6131 = CARTESIAN_POINT ( 'NONE',  ( 38.57526588870862128, 47.27267509924581645, -16.10000000000000142 ) ) ;
#6132 = CC_DESIGN_PERSON_AND_ORGANIZATION_ASSIGNMENT ( #1943, #2774, ( #6444 ) ) ;
#6133 = LINE ( 'NONE', #5148, #6285 ) ;
#6134 = CARTESIAN_POINT ( 'NONE',  ( 74.66254889446661025, 51.26560720525814929, -14.09999999999998010 ) ) ;
#6135 = CARTESIAN_POINT ( 'NONE',  ( 51.47205888128794271, 61.52375132560094784, -16.09999999999999787 ) ) ;
#6136 = VERTEX_POINT ( 'NONE', #729 ) ;
#6137 = CARTESIAN_POINT ( 'NONE',  ( 39.55522600387412524, 61.53672385634425268, -16.09999999999999076 ) ) ;
#6138 = VERTEX_POINT ( 'NONE', #3405 ) ;
#6139 = CARTESIAN_POINT ( 'NONE',  ( 50.30124203925145565, -8.094452741948261476, -14.09999999999999432 ) ) ;
#6140 = ORIENTED_EDGE ( 'NONE', *, *, #4042, .F. ) ;
#6141 = EDGE_CURVE ( 'NONE', #2661, #4742, #3780, .T. ) ;
#6142 = CARTESIAN_POINT ( 'NONE',  ( 57.41884476958838945, 61.50068666244150251, -16.09999999999999076 ) ) ;
#6143 = VERTEX_POINT ( 'NONE', #3909 ) ;
#6144 = FACE_OUTER_BOUND ( 'NONE', #5932, .T. ) ;
#6145 = LINE ( 'NONE', #2042, #2294 ) ;
#6146 = CARTESIAN_POINT ( 'NONE',  ( 105.0601459312399868, 53.03888764915900111, -16.09999999999999787 ) ) ;
#6147 = EDGE_CURVE ( 'NONE', #5890, #5877, #1385, .T. ) ;
#6148 = EDGE_CURVE ( 'NONE', #364, #2180, #4384, .T. ) ;
#6149 = CARTESIAN_POINT ( 'NONE',  ( 35.92928996589517254, 61.55578577668671869, -16.09999999999999787 ) ) ;
#6150 = ORIENTED_EDGE ( 'NONE', *, *, #6102, .F. ) ;
#6151 = DIRECTION ( 'NONE',  ( -0.9999755985999535524, -0.006985857475250264320, 0.000000000000000000 ) ) ;
#6152 = DIRECTION ( 'NONE',  ( -0.000000000000000000, 0.000000000000000000, -1.000000000000000000 ) ) ;
#6153 = ORIENTED_EDGE ( 'NONE', *, *, #4526, .T. ) ;
#6154 = PLANE ( 'NONE',  #3383 ) ;
#6155 = DIRECTION ( 'NONE',  ( -0.2809561335979381402, 0.9597206109038700639, 0.000000000000000000 ) ) ;
#6156 = ORIENTED_EDGE ( 'NONE', *, *, #5566, .T. ) ;
#6157 = CARTESIAN_POINT ( 'NONE',  ( 57.68871326065556815, 60.79668268572266498, -14.09999999999998010 ) ) ;
#6158 = EDGE_LOOP ( 'NONE', ( #598, #2594, #6150, #890 ) ) ;
#6159 = CARTESIAN_POINT ( 'NONE',  ( 43.85942212481219116, 46.88580859890556241, -16.09999999999999787 ) ) ;
#6160 = CARTESIAN_POINT ( 'NONE',  ( 57.64803996589516544, 61.24049559811528809, -16.09999999999999787 ) ) ;
#6161 = CARTESIAN_POINT ( 'NONE',  ( 57.03978103732374194, 61.57531702668671869, 7.500000000000000000 ) ) ;
#6162 = CARTESIAN_POINT ( 'NONE',  ( 75.30552894238962836, 46.93142720985955663, -14.09999999999998366 ) ) ;
#6163 = CARTESIAN_POINT ( 'NONE',  ( 53.94226217275938495, 0.05170308381296367939, -6.099999999999997868 ) ) ;
#6164 = CARTESIAN_POINT ( 'NONE',  ( 38.78862543398395957, 47.57333819283532961, -14.09999999999996945 ) ) ;
#6165 = ORIENTED_EDGE ( 'NONE', *, *, #5113, .F. ) ;
#6166 = CARTESIAN_POINT ( 'NONE',  ( 70.80849120870962565, 60.92739094040808112, -16.09999999999999787 ) ) ;
#6167 = DIRECTION ( 'NONE',  ( 0.000000000000000000, -1.000000000000000000, 0.000000000000000000 ) ) ;
#6168 = VERTEX_POINT ( 'NONE', #1322 ) ;
#6169 = CARTESIAN_POINT ( 'NONE',  ( 38.58120879475012543, 47.01793347077984464, -16.10000000000000142 ) ) ;
#6170 = ADVANCED_FACE ( 'NONE', ( #5472 ), #3673, .T. ) ;
#6171 = VECTOR ( 'NONE', #4893, 1000.000000000000114 ) ;
#6172 = DIRECTION ( 'NONE',  ( 0.000000000000000000, -0.000000000000000000, 1.000000000000000000 ) ) ;
#6173 = PLANE ( 'NONE',  #6634 ) ;
#6174 = CARTESIAN_POINT ( 'NONE',  ( 51.88338700372743517, 60.37083618906824256, -16.09999999999999787 ) ) ;
#6175 = ORIENTED_EDGE ( 'NONE', *, *, #824, .T. ) ;
#6176 = VECTOR ( 'NONE', #3759, 1000.000000000000000 ) ;
#6177 = CARTESIAN_POINT ( 'NONE',  ( 52.99842878151299885, 53.00157121848699404, -1.599999999999998979 ) ) ;
#6178 = AXIS2_PLACEMENT_3D ( 'NONE', #6698, #494, #2048 ) ;
#6179 = CARTESIAN_POINT ( 'NONE',  ( 21.45168170241214511, 63.58101535508688329, -14.09999999999999432 ) ) ;
#6180 = DIRECTION ( 'NONE',  ( -0.8985358219195827001, 0.4389001899376440696, 0.000000000000000000 ) ) ;
#6181 = ORIENTED_EDGE ( 'NONE', *, *, #5593, .T. ) ;
#6182 = EDGE_CURVE ( 'NONE', #3878, #932, #967, .T. ) ;
#6183 = FACE_OUTER_BOUND ( 'NONE', #5118, .T. ) ;
#6184 = CIRCLE ( 'NONE', #6518, 2.960456600711792952 ) ;
#6185 = PLANE ( 'NONE',  #6523 ) ;
#6186 = AXIS2_PLACEMENT_3D ( 'NONE', #589, #2757, #6414 ) ;
#6187 = ORIENTED_EDGE ( 'NONE', *, *, #153, .F. ) ;
#6188 = DIRECTION ( 'NONE',  ( -1.000000000000000000, 0.000000000000000000, 0.000000000000000000 ) ) ;
#6189 = VECTOR ( 'NONE', #839, 1000.000000000000000 ) ;
#6190 = ADVANCED_FACE ( 'NONE', ( #6108 ), #3536, .F. ) ;
#6191 = EDGE_CURVE ( 'NONE', #1346, #2437, #903, .T. ) ;
#6192 = ORIENTED_EDGE ( 'NONE', *, *, #1200, .T. ) ;
#6193 = CARTESIAN_POINT ( 'NONE',  ( 44.36120960875231845, 60.36995988382957279, -14.09999999999998721 ) ) ;
#6194 = AXIS2_PLACEMENT_3D ( 'NONE', #4644, #6717, #6231 ) ;
#6195 = CARTESIAN_POINT ( 'NONE',  ( 38.30835023002582318, 60.23971812400779413, -16.09999999999998366 ) ) ;
#6196 = B_SPLINE_CURVE_WITH_KNOTS ( 'NONE', 3,
 ( #4104, #6712, #6162, #2064, #1545, #5524, #856 ),
 .UNSPECIFIED., .F., .F.,
 ( 4, 1, 1, 1, 4 ),
 ( 0.000000000000000000, 0.1286101008388225442, 0.3421221418694614380, 0.6267200659374966287, 1.000000000000000000 ),
 .UNSPECIFIED. ) ;
#6197 = PLANE ( 'NONE',  #2402 ) ;
#6198 = DIRECTION ( 'NONE',  ( -0.000000000000000000, -0.000000000000000000, -1.000000000000000000 ) ) ;
#6199 = CYLINDRICAL_SURFACE ( 'NONE', #1604, 2.960456600711792952 ) ;
#6200 = EDGE_CURVE ( 'NONE', #4505, #5498, #5630, .T. ) ;
#6201 = CARTESIAN_POINT ( 'NONE',  ( 38.57526588870862128, 47.27267509924581645, -14.09999999999997300 ) ) ;
#6202 = ORIENTED_EDGE ( 'NONE', *, *, #5979, .F. ) ;
#6203 = CARTESIAN_POINT ( 'NONE',  ( 62.92230339107207726, 56.42353455431508991, -14.09999999999998721 ) ) ;
#6204 = CARTESIAN_POINT ( 'NONE',  ( 57.64803996589516544, 61.24049559811528809, -16.09999999999998721 ) ) ;
#6205 = ORIENTED_EDGE ( 'NONE', *, *, #3682, .F. ) ;
#6206 = CARTESIAN_POINT ( 'NONE',  ( 48.43059944147695006, 60.76690266027245002, -14.09999999999998366 ) ) ;
#6207 = CARTESIAN_POINT ( 'NONE',  ( 43.72504889446660314, 61.57531702668671869, -14.09999999999996945 ) ) ;
#6208 = CARTESIAN_POINT ( 'NONE',  ( 39.92900063436164970, 60.84048397464962932, -14.09999999999998721 ) ) ;
#6209 = DIRECTION ( 'NONE',  ( -1.000000000000000000, 0.000000000000000000, 0.000000000000000000 ) ) ;
#6210 = ORIENTED_EDGE ( 'NONE', *, *, #6561, .T. ) ;
#6211 = CARTESIAN_POINT ( 'NONE',  ( 31.21217702590643839, 60.56732234218865329, -14.09999999999998366 ) ) ;
#6212 = CARTESIAN_POINT ( 'NONE',  ( 30.08584442868565745, 60.30460812381907942, -16.09999999999999432 ) ) ;
#6213 = AXIS2_PLACEMENT_3D ( 'NONE', #4366, #1265, #195 ) ;
#6214 = PLANE ( 'NONE',  #2076 ) ;
#6215 = B_SPLINE_SURFACE_WITH_KNOTS ( 'NONE', 3, 1, ( 
 ( #3339, #218 ),
 ( #2318, #3710 ),
 ( #6519, #388 ),
 ( #3508, #3912 ),
 ( #2355, #286 ) ),
 .UNSPECIFIED., .F., .F., .F.,
 ( 4, 1, 4 ),
 ( 2, 2 ),
 ( 0.000000000000000000, 0.4812987511691149689, 0.9999999999999998890 ),
 ( 0.000000000000000000, 1.000000000000000000 ),
 .UNSPECIFIED. ) ;
#6216 = CARTESIAN_POINT ( 'NONE',  ( 38.30835023002582318, 60.23971812400779413, -16.09999999999999076 ) ) ;
#6217 = EDGE_CURVE ( 'NONE', #2039, #2418, #2518, .T. ) ;
#6218 = AXIS2_PLACEMENT_3D ( 'NONE', #6013, #6556, #1849 ) ;
#6219 = LINE ( 'NONE', #3170, #1627 ) ;
#6220 = ORIENTED_EDGE ( 'NONE', *, *, #3706, .F. ) ;
#6221 = VERTEX_POINT ( 'NONE', #2576 ) ;
#6222 = DIRECTION ( 'NONE',  ( 1.963341769863017966E-13, -1.000000000000000000, 0.000000000000000000 ) ) ;
#6223 = VECTOR ( 'NONE', #244, 1000.000000000000000 ) ;
#6224 = DIRECTION ( 'NONE',  ( 0.000000000000000000, 1.000000000000000000, 0.000000000000000000 ) ) ;
#6225 = ADVANCED_FACE ( 'NONE', ( #4010 ), #1717, .T. ) ;
#6226 = CARTESIAN_POINT ( 'NONE',  ( 49.71835246589517965, 49.49942416954385749, 7.500000000000000000 ) ) ;
#6227 = EDGE_CURVE ( 'NONE', #2059, #6302, #3568, .T. ) ;
#6228 = CARTESIAN_POINT ( 'NONE',  ( 57.67036139446660314, 60.75779470525814929, -14.09999999999997300 ) ) ;
#6229 = CARTESIAN_POINT ( 'NONE',  ( 39.20495960875231845, 60.36995988382957279, -14.09999999999998010 ) ) ;
#6230 = CARTESIAN_POINT ( 'NONE',  ( 26.38534433418051250, 61.50104826110218426, -14.09999999999996945 ) ) ;
#6231 = DIRECTION ( 'NONE',  ( 1.000000000000000000, 0.000000000000000000, 0.000000000000000000 ) ) ;
#6232 = ADVANCED_FACE ( 'NONE', ( #4647 ), #3602, .T. ) ;
#6233 = DIRECTION ( 'NONE',  ( 0.000000000000000000, 0.000000000000000000, -1.000000000000000000 ) ) ;
#6234 = ORIENTED_EDGE ( 'NONE', *, *, #1466, .F. ) ;
#6235 = CARTESIAN_POINT ( 'NONE',  ( 51.10503901960423434, 61.18151630072723179, -14.09999999999997300 ) ) ;
#6236 = CARTESIAN_POINT ( 'NONE',  ( 43.14874974440851929, 61.23052214885655786, -16.09999999999999432 ) ) ;
#6237 = DIRECTION ( 'NONE',  ( 1.000000000000000000, 0.000000000000000000, 0.000000000000000000 ) ) ;
#6238 = CARTESIAN_POINT ( 'NONE',  ( 57.64803996589516544, 61.24049559811528809, 7.500000000000000000 ) ) ;
#6239 = EDGE_LOOP ( 'NONE', ( #3934, #5260, #5270, #249 ) ) ;
#6240 = ORIENTED_EDGE ( 'NONE', *, *, #3040, .F. ) ;
#6241 = LINE ( 'NONE', #6179, #5304 ) ;
#6242 = CARTESIAN_POINT ( 'NONE',  ( 35.52087354132063979, 61.46544411962886301, -14.09999999999997655 ) ) ;
#6243 = CARTESIAN_POINT ( 'NONE',  ( 73.28978103732373484, 49.86214738382957279, -14.09999999999998721 ) ) ;
#6244 = FACE_OUTER_BOUND ( 'NONE', #5838, .T. ) ;
#6245 = LINE ( 'NONE', #566, #5108 ) ;
#6246 = ORIENTED_EDGE ( 'NONE', *, *, #3554, .T. ) ;
#6247 = ORIENTED_EDGE ( 'NONE', *, *, #3831, .F. ) ;
#6248 = ADVANCED_FACE ( 'NONE', ( #6072 ), #2881, .T. ) ;
#6249 = CARTESIAN_POINT ( 'NONE',  ( 31.33679006481392904, 60.85151876839533003, -14.09999999999997300 ) ) ;
#6250 = CARTESIAN_POINT ( 'NONE',  ( 39.28092902679153298, 60.37363250693206851, -16.09999999999999432 ) ) ;
#6251 = CARTESIAN_POINT ( 'NONE',  ( 57.68528827485359045, 61.13452409587087288, -16.09999999999999787 ) ) ;
#6252 = CARTESIAN_POINT ( 'NONE',  ( 30.84000425160946079, 61.57531702668671869, 7.500000000000000000 ) ) ;
#6253 = EDGE_LOOP ( 'NONE', ( #1779, #4557, #6540, #3182 ) ) ;
#6254 = EDGE_CURVE ( 'NONE', #3534, #1691, #461, .T. ) ;
#6255 = LINE ( 'NONE', #5814, #2835 ) ;
#6256 = EDGE_CURVE ( 'NONE', #6120, #5660, #2673, .T. ) ;
#6257 = CARTESIAN_POINT ( 'NONE',  ( 62.65641050160945724, 61.32420095525814929, -14.09999999999997300 ) ) ;
#6258 = FACE_OUTER_BOUND ( 'NONE', #3169, .T. ) ;
#6259 = ORIENTED_EDGE ( 'NONE', *, *, #3038, .F. ) ;
#6260 = CARTESIAN_POINT ( 'NONE',  ( 39.44491496589517254, 47.70812952668671869, 7.500000000000000000 ) ) ;
#6261 = ORIENTED_EDGE ( 'NONE', *, *, #1993, .T. ) ;
#6262 = DIRECTION ( 'NONE',  ( -0.2857775520299341010, 0.9582959828548683889, 0.000000000000000000 ) ) ;
#6263 = EDGE_CURVE ( 'NONE', #6739, #5562, #4923, .T. ) ;
#6264 = EDGE_CURVE ( 'NONE', #1983, #5749, #1713, .T. ) ;
#6265 = CARTESIAN_POINT ( 'NONE',  ( 43.13475720169746808, 61.11146681646633994, -16.09999999999999432 ) ) ;
#6266 = ORIENTED_EDGE ( 'NONE', *, *, #6562, .T. ) ;
#6267 = DIRECTION ( 'NONE',  ( -0.000000000000000000, -0.000000000000000000, -1.000000000000000000 ) ) ;
#6268 = VERTEX_POINT ( 'NONE', #2606 ) ;
#6269 = FACE_BOUND ( 'NONE', #4054, .T. ) ;
#6270 = ORIENTED_EDGE ( 'NONE', *, *, #2535, .F. ) ;
#6271 = ORIENTED_EDGE ( 'NONE', *, *, #2886, .T. ) ;
#6272 = DIRECTION ( 'NONE',  ( 0.9992611746313129206, -0.03843312210124109896, 0.000000000000000000 ) ) ;
#6273 = CARTESIAN_POINT ( 'NONE',  ( 56.50127657303802664, 61.57531702668671869, -16.09999999999999787 ) ) ;
#6274 = AXIS2_PLACEMENT_3D ( 'NONE', #1857, #3930, #6055 ) ;
#6275 = EDGE_CURVE ( 'NONE', #3819, #782, #4737, .T. ) ;
#6276 = FACE_OUTER_BOUND ( 'NONE', #5382, .T. ) ;
#6277 = CARTESIAN_POINT ( 'NONE',  ( 35.92928996589517254, 61.55578577668671869, -16.09999999999999787 ) ) ;
#6278 = DIRECTION ( 'NONE',  ( -0.000000000000000000, -0.000000000000000000, -1.000000000000000000 ) ) ;
#6279 = VECTOR ( 'NONE', #2384, 1000.000000000000000 ) ;
#6280 = VECTOR ( 'NONE', #2493, 1000.000000000000000 ) ;
#6281 = DIRECTION ( 'NONE',  ( 0.2857775520299341565, -0.9582959828548683889, 0.000000000000000000 ) ) ;
#6282 = EDGE_LOOP ( 'NONE', ( #4278, #3093, #2135, #4809 ) ) ;
#6283 = AXIS2_PLACEMENT_3D ( 'NONE', #4405, #5423, #2439 ) ;
#6284 = ORIENTED_EDGE ( 'NONE', *, *, #2584, .F. ) ;
#6285 = VECTOR ( 'NONE', #5174, 1000.000000000000000 ) ;
#6286 = CARTESIAN_POINT ( 'NONE',  ( 31.30317389446661025, 60.73268309811529519, -14.09999999999996945 ) ) ;
#6287 = CARTESIAN_POINT ( 'NONE',  ( 10.82461289886766664, -11.17379396012141690, -14.09999999999999432 ) ) ;
#6288 = VECTOR ( 'NONE', #6304, 1000.000000000000114 ) ;
#6289 = CARTESIAN_POINT ( 'NONE',  ( 57.68693177176776743, 61.10276263745446812, -16.09999999999999076 ) ) ;
#6290 = AXIS2_PLACEMENT_3D ( 'NONE', #4601, #3584, #5679 ) ;
#6291 = EDGE_CURVE ( 'NONE', #2964, #5796, #1058, .T. ) ;
#6292 = CARTESIAN_POINT ( 'NONE',  ( 57.11028625834182293, 61.57290903759179201, -14.09999999999998366 ) ) ;
#6293 = DIRECTION ( 'NONE',  ( -0.000000000000000000, -0.000000000000000000, -1.000000000000000000 ) ) ;
#6294 = VECTOR ( 'NONE', #5246, 1000.000000000000000 ) ;
#6295 = CARTESIAN_POINT ( 'NONE',  ( 39.44491496589517254, 47.70812952668671869, -16.09999999999999076 ) ) ;
#6296 = CARTESIAN_POINT ( 'NONE',  ( 69.78705415130687584, 61.26069393676244346, -16.09999999999999432 ) ) ;
#6297 = ORIENTED_EDGE ( 'NONE', *, *, #4488, .F. ) ;
#6298 = DIRECTION ( 'NONE',  ( -0.4444444859815490645, -0.8958063958694404416, 0.000000000000000000 ) ) ;
#6299 = ADVANCED_FACE ( 'NONE', ( #1578 ), #2157, .T. ) ;
#6300 = ORIENTED_EDGE ( 'NONE', *, *, #1141, .F. ) ;
#6301 = VECTOR ( 'NONE', #4786, 1000.000000000000000 ) ;
#6302 = VERTEX_POINT ( 'NONE', #5215 ) ;
#6303 = LINE ( 'NONE', #36, #4453 ) ;
#6304 = DIRECTION ( 'NONE',  ( 0.7090920949651233762, 0.7051158776101785763, 0.000000000000000000 ) ) ;
#6305 = ORIENTED_EDGE ( 'NONE', *, *, #5722, .T. ) ;
#6306 = CARTESIAN_POINT ( 'NONE',  ( 39.94156675160945724, 60.96147774097243399, -14.09999999999998010 ) ) ;
#6307 = FACE_BOUND ( 'NONE', #4864, .T. ) ;
#6308 = EDGE_LOOP ( 'NONE', ( #6101, #1649, #554, #5642 ) ) ;
#6309 = EDGE_CURVE ( 'NONE', #3768, #6311, #3290, .T. ) ;
#6310 = EDGE_CURVE ( 'NONE', #4824, #2059, #3183, .T. ) ;
#6311 = VERTEX_POINT ( 'NONE', #611 ) ;
#6312 = FACE_OUTER_BOUND ( 'NONE', #5481, .T. ) ;
#6313 = CARTESIAN_POINT ( 'NONE',  ( 31.27806228732374194, 61.27397774097242689, -14.09999999999998366 ) ) ;
#6314 = DIRECTION ( 'NONE',  ( 0.000000000000000000, 0.000000000000000000, -1.000000000000000000 ) ) ;
#6315 = DIRECTION ( 'NONE',  ( 0.000000000000000000, 0.000000000000000000, -1.000000000000000000 ) ) ;
#6316 = CARTESIAN_POINT ( 'NONE',  ( 43.89268869699334630, 47.10088105874139330, -14.09999999999996589 ) ) ;
#6317 = EDGE_LOOP ( 'NONE', ( #548, #2681, #5729, #6333 ) ) ;
#6318 = EDGE_CURVE ( 'NONE', #5867, #3451, #34, .T. ) ;
#6319 = DIRECTION ( 'NONE',  ( -0.4672561737412991856, 0.8841219758046062749, 0.000000000000000000 ) ) ;
#6320 = AXIS2_PLACEMENT_3D ( 'NONE', #2285, #150, #6378 ) ;
#6321 = ORIENTED_EDGE ( 'NONE', *, *, #2101, .T. ) ;
#6322 = ORIENTED_EDGE ( 'NONE', *, *, #725, .T. ) ;
#6323 = LINE ( 'NONE', #4295, #1960 ) ;
#6324 = AXIS2_PLACEMENT_3D ( 'NONE', #4524, #4998, #325 ) ;
#6325 = CARTESIAN_POINT ( 'NONE',  ( 39.20495960875231845, 60.36995988382957279, -14.09999999999997655 ) ) ;
#6326 = CARTESIAN_POINT ( 'NONE',  ( 57.65364326904170866, 61.21776872434307393, -16.09999999999999787 ) ) ;
#6327 = PLANE ( 'NONE',  #2609 ) ;
#6328 = APPROVAL_PERSON_ORGANIZATION ( #1705, #2357, #2460 ) ;
#6329 = CARTESIAN_POINT ( 'NONE',  ( 52.29368728732374194, 60.38949113382957279, 7.500000000000000000 ) ) ;
#6330 = EDGE_CURVE ( 'NONE', #4987, #4160, #4272, .T. ) ;
#6331 = CARTESIAN_POINT ( 'NONE',  ( 38.57102532871969913, 47.18680691405206318, -14.09999999999997655 ) ) ;
#6332 = CARTESIAN_POINT ( 'NONE',  ( 48.01152170587302237, 61.56372305344223861, -16.09999999999999076 ) ) ;
#6333 = ORIENTED_EDGE ( 'NONE', *, *, #3693, .F. ) ;
#6334 = LINE ( 'NONE', #2743, #4170 ) ;
#6335 = ORIENTED_EDGE ( 'NONE', *, *, #1342, .T. ) ;
#6336 = CARTESIAN_POINT ( 'NONE',  ( 105.8760383473322548, 50.07962605223539043, -6.099999999999997868 ) ) ;
#6337 = EDGE_CURVE ( 'NONE', #4419, #2039, #6334, .T. ) ;
#6338 = CARTESIAN_POINT ( 'NONE',  ( 63.43673364371148438, 56.86865426328698447, -16.09999999999999076 ) ) ;
#6339 = ORIENTED_EDGE ( 'NONE', *, *, #5577, .T. ) ;
#6340 = CARTESIAN_POINT ( 'NONE',  ( 66.03810693018088784, 51.02286166954385749, -16.09999999999999787 ) ) ;
#6341 = DIRECTION ( 'NONE',  ( -0.4682040445279447294, -0.8836203781532396828, 0.000000000000000000 ) ) ;
#6342 = EDGE_LOOP ( 'NONE', ( #178, #1767, #1130, #2856 ) ) ;
#6343 = ORIENTED_EDGE ( 'NONE', *, *, #2368, .T. ) ;
#6344 = DIRECTION ( 'NONE',  ( -0.000000000000000000, -0.000000000000000000, -1.000000000000000000 ) ) ;
#6345 = CARTESIAN_POINT ( 'NONE',  ( 62.70288116508543652, 56.44531918396728543, -16.09999999999999432 ) ) ;
#6346 = ADVANCED_FACE ( 'NONE', ( #1680 ), #3659, .T. ) ;
#6347 = CARTESIAN_POINT ( 'NONE',  ( 53.01076318018088784, 60.17464738382957989, -16.09999999999999787 ) ) ;
#6348 = EDGE_CURVE ( 'NONE', #2437, #1945, #2638, .T. ) ;
#6349 = DIRECTION ( 'NONE',  ( -0.4482870146011067036, -0.8938896758213662475, 0.000000000000000000 ) ) ;
#6350 = EDGE_LOOP ( 'NONE', ( #5071, #4852 ) ) ;
#6351 = DIRECTION ( 'NONE',  ( -0.000000000000000000, -0.000000000000000000, 1.000000000000000000 ) ) ;
#6352 = ORIENTED_EDGE ( 'NONE', *, *, #4271, .F. ) ;
#6353 = VERTEX_POINT ( 'NONE', #3729 ) ;
#6354 = CARTESIAN_POINT ( 'NONE',  ( 57.24181132119971949, 61.56841701682370882, -16.09999999999998721 ) ) ;
#6355 = EDGE_CURVE ( 'NONE', #3821, #2964, #4303, .T. ) ;
#6356 = CARTESIAN_POINT ( 'NONE',  ( 61.91136104050680444, 61.52948599171536870, -16.09999999999999076 ) ) ;
#6357 = B_SPLINE_CURVE_WITH_KNOTS ( 'NONE', 3,
 ( #4158, #6157, #4097, #5234, #3202, #5707, #1045 ),
 .UNSPECIFIED., .F., .F.,
 ( 4, 1, 1, 1, 4 ),
 ( 0.006938903727760221615, 0.3098592912016710499, 0.5707156612193656775, 0.7863180522357571256, 0.9999999999999998890 ),
 .UNSPECIFIED. ) ;
#6358 = CARTESIAN_POINT ( 'NONE',  ( 50.08639393572589427, 0.1234149532887765521, -1.599999999999998979 ) ) ;
#6359 = CARTESIAN_POINT ( 'NONE',  ( 68.79201318018088784, 61.57531702668671869, -16.09999999999999787 ) ) ;
#6360 = LINE ( 'NONE', #717, #2721 ) ;
#6361 = CARTESIAN_POINT ( 'NONE',  ( 51.21286953930442110, 46.93660240098677860, -16.09999999999999787 ) ) ;
#6362 = CARTESIAN_POINT ( 'NONE',  ( 70.00574085875231845, 59.84540631240100339, 7.500000000000000000 ) ) ;
#6363 = ORIENTED_EDGE ( 'NONE', *, *, #1664, .F. ) ;
#6364 = CARTESIAN_POINT ( 'NONE',  ( 0.000000000000000000, 47.70812952668671869, -14.09999999999999432 ) ) ;
#6365 = ORIENTED_EDGE ( 'NONE', *, *, #2374, .F. ) ;
#6366 = CARTESIAN_POINT ( 'NONE',  ( 57.74023484936051887, 60.94430802759647037, -16.09999999999999787 ) ) ;
#6367 = CARTESIAN_POINT ( 'NONE',  ( 47.77638818018088784, 60.36995988382957279, -14.09999999999998010 ) ) ;
#6368 = EDGE_LOOP ( 'NONE', ( #5393, #6339, #5191, #1242 ) ) ;
#6369 = CARTESIAN_POINT ( 'NONE',  ( 53.01076318018088784, 60.17464738382957989, -16.09999999999999787 ) ) ;
#6370 = VERTEX_POINT ( 'NONE', #5358 ) ;
#6371 = CARTESIAN_POINT ( 'NONE',  ( 65.40066447997426735, 66.38971044564520696, -14.09999999999999432 ) ) ;
#6372 = ORIENTED_EDGE ( 'NONE', *, *, #487, .F. ) ;
#6373 = ORIENTED_EDGE ( 'NONE', *, *, #2416, .F. ) ;
#6374 = DIRECTION ( 'NONE',  ( -0.000000000000000000, -0.000000000000000000, 1.000000000000000000 ) ) ;
#6375 = CARTESIAN_POINT ( 'NONE',  ( 62.84423064905504930, 56.41873604018581290, -16.09999999999999432 ) ) ;
#6376 = DIRECTION ( 'NONE',  ( 0.000000000000000000, -0.000000000000000000, 1.000000000000000000 ) ) ;
#6377 = LINE ( 'NONE', #5569, #4235 ) ;
#6378 = DIRECTION ( 'NONE',  ( -0.8340190351965174331, 0.5517356694377030246, 0.000000000000000000 ) ) ;
#6379 = CARTESIAN_POINT ( 'NONE',  ( 26.44158038465818450, 60.45894951237595194, -16.09999999999998721 ) ) ;
#6380 = CARTESIAN_POINT ( 'NONE',  ( 0.1202771075562505954, 55.91368943309024786, -6.099999999999997868 ) ) ;
#6381 = EDGE_LOOP ( 'NONE', ( #294, #1897, #693, #2752 ) ) ;
#6382 = EDGE_CURVE ( 'NONE', #1922, #4604, #4680, .T. ) ;
#6383 = DIRECTION ( 'NONE',  ( 0.9509444353687637186, 0.3093617313779826739, 0.000000000000000000 ) ) ;
#6384 = ORIENTED_EDGE ( 'NONE', *, *, #4498, .F. ) ;
#6385 = ORIENTED_EDGE ( 'NONE', *, *, #358, .T. ) ;
#6386 = CARTESIAN_POINT ( 'NONE',  ( 38.18654443018088784, 60.19417863382957279, -16.09999999999999787 ) ) ;
#6387 = VECTOR ( 'NONE', #396, 999.9999999999998863 ) ;
#6388 = CARTESIAN_POINT ( 'NONE',  ( 68.91107939728760812, 61.53724345215887581, -14.09999999999999076 ) ) ;
#6389 = PERSON_AND_ORGANIZATION ( #1833, #1116 ) ;
#6390 = EDGE_CURVE ( 'NONE', #1699, #6666, #5893, .T. ) ;
#6391 = CARTESIAN_POINT ( 'NONE',  ( 57.22114264446660314, 60.38391077668671159, -16.09999999999999787 ) ) ;
#6392 = ADVANCED_FACE ( 'NONE', ( #1794 ), #5427, .T. ) ;
#6393 = CIRCLE ( 'NONE', #1515, 0.8999999999999980238 ) ;
#6394 = VECTOR ( 'NONE', #287, 1000.000000000000000 ) ;
#6395 = DIRECTION ( 'NONE',  ( 0.000000000000000000, 0.000000000000000000, -1.000000000000000000 ) ) ;
#6396 = DIRECTION ( 'NONE',  ( -1.000000000000000000, 0.000000000000000000, 0.000000000000000000 ) ) ;
#6397 = VECTOR ( 'NONE', #3615, 1000.000000000000000 ) ;
#6398 = CARTESIAN_POINT ( 'NONE',  ( 52.38576318018088784, 46.57531702668671869, -14.09999999999998721 ) ) ;
#6399 = ORIENTED_EDGE ( 'NONE', *, *, #2695, .T. ) ;
#6400 = VECTOR ( 'NONE', #3425, 999.9999999999998863 ) ;
#6401 = CARTESIAN_POINT ( 'NONE',  ( -11.40747033958138523, 35.06532754629903081, -14.09999999999999432 ) ) ;
#6402 = EDGE_CURVE ( 'NONE', #1922, #155, #3430, .T. ) ;
#6403 = ORIENTED_EDGE ( 'NONE', *, *, #689, .T. ) ;
#6404 = ORIENTED_EDGE ( 'NONE', *, *, #2432, .F. ) ;
#6405 = CARTESIAN_POINT ( 'NONE',  ( 57.69826318018088784, 61.09261613382957989, -16.09999999999999787 ) ) ;
#6406 = AXIS2_PLACEMENT_3D ( 'NONE', #4268, #3760, #5514 ) ;
#6407 = CARTESIAN_POINT ( 'NONE',  ( 75.17781861010082878, 46.73037256951656104, -14.09999999999998366 ) ) ;
#6408 = ORIENTED_EDGE ( 'NONE', *, *, #4542, .T. ) ;
#6409 = CARTESIAN_POINT ( 'NONE',  ( 31.29155405516245025, 61.23522481258653727, -14.09999999999997300 ) ) ;
#6410 = VECTOR ( 'NONE', #175, 1000.000000000000000 ) ;
#6411 = CARTESIAN_POINT ( 'NONE',  ( 48.58740567540692723, 48.77874423345995325, -16.09999999999999432 ) ) ;
#6412 = ORIENTED_EDGE ( 'NONE', *, *, #6337, .F. ) ;
#6413 = ORIENTED_EDGE ( 'NONE', *, *, #977, .T. ) ;
#6414 = DIRECTION ( 'NONE',  ( -1.000000000000000000, 0.000000000000000000, 0.000000000000000000 ) ) ;
#6415 = DIRECTION ( 'NONE',  ( -1.000000000000000000, 0.000000000000000000, 0.000000000000000000 ) ) ;
#6416 = CARTESIAN_POINT ( 'NONE',  ( 43.24035516290486214, 60.68105338696633311, -14.09999999999996945 ) ) ;
#6417 = CARTESIAN_POINT ( 'NONE',  ( 57.58107568018088784, 54.14228131240100339, -16.09999999999999787 ) ) ;
#6418 = DIRECTION ( 'NONE',  ( 0.000000000000000000, 0.000000000000000000, -1.000000000000000000 ) ) ;
#6419 = CARTESIAN_POINT ( 'NONE',  ( 74.14806622864190899, 51.65742118067171873, -14.09999999999996945 ) ) ;
#6420 = CARTESIAN_POINT ( 'NONE',  ( 51.40980014203525883, 60.45023888678340285, -14.09999999999996056 ) ) ;
#6421 = EDGE_LOOP ( 'NONE', ( #5214, #5971 ) ) ;
#6422 = B_SPLINE_CURVE_WITH_KNOTS ( 'NONE', 3,
 ( #1938, #837, #4552, #2930, #4050, #3540, #5025 ),
 .UNSPECIFIED., .F., .F.,
 ( 4, 1, 1, 1, 4 ),
 ( 0.000000000000000000, 0.2661664700887593216, 0.5066687799002669301, 0.7425562787700072942, 0.9999999999999998890 ),
 .UNSPECIFIED. ) ;
#6423 = DIRECTION ( 'NONE',  ( 0.9475234796988452057, -0.3196861827157876923, 0.000000000000000000 ) ) ;
#6424 = EDGE_LOOP ( 'NONE', ( #452, #2214, #1715, #2602, #3236 ) ) ;
#6425 = EDGE_LOOP ( 'NONE', ( #3891, #4274, #4946, #5945 ) ) ;
#6426 = CARTESIAN_POINT ( 'NONE',  ( 72.62498358225938944, 57.31379381209588786, -14.09999999999997300 ) ) ;
#6427 = EDGE_CURVE ( 'NONE', #5984, #4359, #3867, .T. ) ;
#6428 = DIRECTION ( 'NONE',  ( 0.000000000000000000, 0.000000000000000000, 1.000000000000000000 ) ) ;
#6429 = COORDINATED_UNIVERSAL_TIME_OFFSET ( 8, 0, .AHEAD. ) ;
#6430 = CARTESIAN_POINT ( 'NONE',  ( 68.56600871589517965, 60.32531702668671869, -14.09999999999998721 ) ) ;
#6431 = CARTESIAN_POINT ( 'NONE',  ( 38.81154443018088784, 60.36995988382957279, 7.500000000000000000 ) ) ;
#6432 = VECTOR ( 'NONE', #5339, 1000.000000000000000 ) ;
#6433 = EDGE_CURVE ( 'NONE', #2271, #1031, #5495, .T. ) ;
#6434 = LINE ( 'NONE', #1752, #3491 ) ;
#6435 = EDGE_CURVE ( 'NONE', #1697, #2840, #6032, .T. ) ;
#6436 = CARTESIAN_POINT ( 'NONE',  ( 62.11511585875231845, 56.82643309811528809, 7.500000000000000000 ) ) ;
#6437 = VERTEX_POINT ( 'NONE', #4843 ) ;
#6438 = DIRECTION ( 'NONE',  ( -0.000000000000000000, -0.000000000000000000, -1.000000000000000000 ) ) ;
#6439 = DIRECTION ( 'NONE',  ( 0.9522418039129092460, 0.3053449637388644389, 0.000000000000000000 ) ) ;
#6440 = VECTOR ( 'NONE', #3763, 1000.000000000000114 ) ;
#6441 = EDGE_LOOP ( 'NONE', ( #5164, #613, #1951, #4189 ) ) ;
#6442 = VERTEX_POINT ( 'NONE', #1347 ) ;
#6443 = CARTESIAN_POINT ( 'NONE',  ( 50.07953380410244648, 105.8793492453731773, -6.099999999999997868 ) ) ;
#6444 = PRODUCT ( '\X2\5e955ea7\X0\^\X2\78c160ac6d6e\X0\-\X2\4e0a\X0\', '\X2\5e955ea7\X0\^\X2\78c160ac6d6e\X0\-\X2\4e0a\X0\', '', ( #162 ) ) ;
#6445 = CARTESIAN_POINT ( 'NONE',  ( 74.74067389446661025, 46.57531702668671869, -16.09999999999999432 ) ) ;
#6446 = EDGE_LOOP ( 'NONE', ( #2295, #2771, #4853, #3806 ) ) ;
#6447 = VECTOR ( 'NONE', #6198, 1000.000000000000000 ) ;
#6448 = ADVANCED_FACE ( 'NONE', ( #5926 ), #3734, .T. ) ;
#6449 = CARTESIAN_POINT ( 'NONE',  ( 32.01745960875231845, 46.94641077668671869, -16.09999999999999787 ) ) ;
#6450 = CARTESIAN_POINT ( 'NONE',  ( 33.31976196844795624, 50.36708204532767752, -14.09999999999999432 ) ) ;
#6451 = ORIENTED_EDGE ( 'NONE', *, *, #2544, .T. ) ;
#6452 = CARTESIAN_POINT ( 'NONE',  ( 62.11511585875231845, 56.82643309811528809, -16.09999999999999787 ) ) ;
#6453 = DIRECTION ( 'NONE',  ( -0.000000000000000000, -0.000000000000000000, -1.000000000000000000 ) ) ;
#6454 = CARTESIAN_POINT ( 'NONE',  ( 0.04330999182739999481, 52.95769869083799364, -24.09999999999999787 ) ) ;
#6455 = CC_DESIGN_PERSON_AND_ORGANIZATION_ASSIGNMENT ( #1882, #5386, ( #2224 ) ) ;
#6456 = CARTESIAN_POINT ( 'NONE',  ( 105.9601459312399925, 53.03888764915900111, -6.099999999999997868 ) ) ;
#6457 = CARTESIAN_POINT ( 'NONE',  ( 52.29368728732374194, 60.38949113382957279, -16.09999999999999787 ) ) ;
#6458 = DIRECTION ( 'NONE',  ( 1.000000000000000000, -2.664535259100669027E-13, 0.000000000000000000 ) ) ;
#6459 = CARTESIAN_POINT ( 'NONE',  ( 51.12181228732374194, 61.21817416954385749, -16.09999999999999076 ) ) ;
#6460 = ORIENTED_EDGE ( 'NONE', *, *, #5401, .F. ) ;
#6461 = CARTESIAN_POINT ( 'NONE',  ( 35.31266050160945724, 61.13725899097242689, 7.500000000000000000 ) ) ;
#6462 = EDGE_LOOP ( 'NONE', ( #6469, #4664, #4967, #2770 ) ) ;
#6463 = ORIENTED_EDGE ( 'NONE', *, *, #1183, .F. ) ;
#6464 = CARTESIAN_POINT ( 'NONE',  ( 72.64524978732374905, 59.12554024097243399, -14.09999999999997300 ) ) ;
#6465 = CARTESIAN_POINT ( 'NONE',  ( 69.78705415130687584, 61.26069393676244346, -16.09999999999998721 ) ) ;
#6466 = CARTESIAN_POINT ( 'NONE',  ( 52.31049714567244280, 60.38090142116218573, -16.09999999999998721 ) ) ;
#6467 = DIRECTION ( 'NONE',  ( 0.4549405027596899465, -0.8905218351892111306, 0.000000000000000000 ) ) ;
#6468 = EDGE_CURVE ( 'NONE', #386, #4192, #4475, .T. ) ;
#6469 = ORIENTED_EDGE ( 'NONE', *, *, #6330, .T. ) ;
#6470 = CARTESIAN_POINT ( 'NONE',  ( 104.4984287815129989, 53.00157121848699404, -14.10000000000000142 ) ) ;
#6471 = CARTESIAN_POINT ( 'NONE',  ( 75.32382121589517965, 47.35377684811528809, -16.09999999999999787 ) ) ;
#6472 = ORIENTED_EDGE ( 'NONE', *, *, #8, .T. ) ;
#6473 = DIRECTION ( 'NONE',  ( -0.9662198231003699123, -0.2577193307609847439, 0.000000000000000000 ) ) ;
#6474 = CARTESIAN_POINT ( 'NONE',  ( 70.83442389446661025, 46.57531702668671869, 7.500000000000000000 ) ) ;
#6475 = EDGE_LOOP ( 'NONE', ( #5322, #1712, #4865, #5806 ) ) ;
#6476 = EDGE_CURVE ( 'NONE', #3298, #5956, #1895, .T. ) ;
#6477 = ORIENTED_EDGE ( 'NONE', *, *, #4697, .F. ) ;
#6478 = CARTESIAN_POINT ( 'NONE',  ( 73.54987347029235423, 51.54394516301835694, -16.09999999999998721 ) ) ;
#6479 = CARTESIAN_POINT ( 'NONE',  ( 39.84898277564347779, 61.29980163667103454, -16.09999999999998721 ) ) ;
#6480 = EDGE_LOOP ( 'NONE', ( #158, #695, #5863, #1754 ) ) ;
#6481 = CARTESIAN_POINT ( 'NONE',  ( 49.01243728732374194, 51.61158934811528809, 7.500000000000000000 ) ) ;
#6482 = CARTESIAN_POINT ( 'NONE',  ( 48.45445160184914357, 60.93966854192218108, -14.09999999999996945 ) ) ;
#6483 = ORIENTED_EDGE ( 'NONE', *, *, #4201, .F. ) ;
#6484 = ORIENTED_EDGE ( 'NONE', *, *, #4282, .F. ) ;
#6485 = CARTESIAN_POINT ( 'NONE',  ( 57.08986723713714895, 60.38305180128045890, -14.09999999999998721 ) ) ;
#6486 = EDGE_CURVE ( 'NONE', #3251, #3113, #2309, .T. ) ;
#6487 = FACE_OUTER_BOUND ( 'NONE', #3355, .T. ) ;
#6488 = EDGE_CURVE ( 'NONE', #5605, #3702, #4914, .T. ) ;
#6489 = DIRECTION ( 'NONE',  ( -0.000000000000000000, -0.000000000000000000, 1.000000000000000000 ) ) ;
#6490 = DIRECTION ( 'NONE',  ( 0.000000000000000000, 0.000000000000000000, -1.000000000000000000 ) ) ;
#6491 = CARTESIAN_POINT ( 'NONE',  ( 58.35953550160945724, 51.23491524097242689, 7.500000000000000000 ) ) ;
#6492 = CARTESIAN_POINT ( 'NONE',  ( 64.61232568018088784, 53.29127684811529519, -14.09999999999998721 ) ) ;
#6493 = LINE ( 'NONE', #1880, #2645 ) ;
#6494 = VERTEX_POINT ( 'NONE', #1313 ) ;
#6495 = CARTESIAN_POINT ( 'NONE',  ( 0.04856107139170756648, 52.05771400976664864, -6.099999999999997868 ) ) ;
#6496 = ORIENTED_EDGE ( 'NONE', *, *, #6291, .T. ) ;
#6497 = CARTESIAN_POINT ( 'NONE',  ( 72.63135505918243950, 57.82810631833017112, -16.09999999999999076 ) ) ;
#6498 = CARTESIAN_POINT ( 'NONE',  ( 61.71153483295288567, 61.44966318734114452, -16.09999999999998366 ) ) ;
#6499 = CARTESIAN_POINT ( 'NONE',  ( 58.35953550160945724, 51.23491524097242689, -14.09999999999998721 ) ) ;
#6500 = AXIS2_PLACEMENT_3D ( 'NONE', #1459, #2108, #5665 ) ;
#6501 = DIRECTION ( 'NONE',  ( -0.000000000000000000, -0.000000000000000000, -1.000000000000000000 ) ) ;
#6502 = CARTESIAN_POINT ( 'NONE',  ( 52.29554041627144301, 60.38854419871173462, -14.09999999999998721 ) ) ;
#6503 = ORIENTED_EDGE ( 'NONE', *, *, #1384, .F. ) ;
#6504 = VECTOR ( 'NONE', #255, 1000.000000000000000 ) ;
#6505 = CARTESIAN_POINT ( 'NONE',  ( 70.57214710875231845, 47.82531702668671159, 7.500000000000000000 ) ) ;
#6506 = CIRCLE ( 'NONE', #3590, 52.95827939944611984 ) ;
#6507 = EDGE_LOOP ( 'NONE', ( #87, #4510, #1439, #3134 ) ) ;
#6508 = CARTESIAN_POINT ( 'NONE',  ( 73.65815736722707641, 51.59667376997271759, -16.09999999999998366 ) ) ;
#6509 = VECTOR ( 'NONE', #6293, 1000.000000000000000 ) ;
#6510 = VECTOR ( 'NONE', #6574, 1000.000000000000000 ) ;
#6511 = CARTESIAN_POINT ( 'NONE',  ( 57.22114264446660314, 60.38391077668671159, -14.09999999999998010 ) ) ;
#6512 = CARTESIAN_POINT ( 'NONE',  ( 35.31266050160945724, 61.13725899097242689, -16.09999999999999787 ) ) ;
#6513 = CARTESIAN_POINT ( 'NONE',  ( 31.12373941236784702, 61.47726389958328497, -16.09999999999997655 ) ) ;
#6514 = EDGE_CURVE ( 'NONE', #5792, #6494, #4336, .T. ) ;
#6515 = CARTESIAN_POINT ( 'NONE',  ( 48.45453560052821018, 60.85151876839533003, -16.10000000000000142 ) ) ;
#6516 = VERTEX_POINT ( 'NONE', #5464 ) ;
#6517 = ORIENTED_EDGE ( 'NONE', *, *, #1574, .F. ) ;
#6518 = AXIS2_PLACEMENT_3D ( 'NONE', #784, #5100, #1500 ) ;
#6519 = CARTESIAN_POINT ( 'NONE',  ( 29.82607991034230821, 60.17861698699847040, -14.09999999999997300 ) ) ;
#6520 = PLANE ( 'NONE',  #1622 ) ;
#6521 = CARTESIAN_POINT ( 'NONE',  ( 43.88296433897939153, 46.99529982635592518, -14.09999999999999076 ) ) ;
#6522 = DIRECTION ( 'NONE',  ( -0.7156325387417182826, 0.6984769641828448838, 0.000000000000000000 ) ) ;
#6523 = AXIS2_PLACEMENT_3D ( 'NONE', #1436, #1503, #1536 ) ;
#6524 = DIRECTION ( 'NONE',  ( -1.000000000000000000, 0.000000000000000000, 0.000000000000000000 ) ) ;
#6525 = EDGE_CURVE ( 'NONE', #1669, #1164, #3936, .T. ) ;
#6526 = EDGE_CURVE ( 'NONE', #2719, #1173, #3398, .T. ) ;
#6527 = DIRECTION ( 'NONE',  ( 0.2835844554808930607, -0.9589472647698649155, 0.000000000000000000 ) ) ;
#6528 = EDGE_LOOP ( 'NONE', ( #2325, #3975, #227, #5761 ) ) ;
#6529 = DIRECTION ( 'NONE',  ( 0.8877925931753456457, -0.4602437522693765826, 0.000000000000000000 ) ) ;
#6530 = ORIENTED_EDGE ( 'NONE', *, *, #1148, .T. ) ;
#6531 = CARTESIAN_POINT ( 'NONE',  ( 75.31382075277672072, 47.03661247152894731, -14.09999999999997655 ) ) ;
#6532 = CARTESIAN_POINT ( 'NONE',  ( 61.55421513790538768, 61.32984371579905769, -14.09999999999997655 ) ) ;
#6533 = CARTESIAN_POINT ( 'NONE',  ( 44.00406675160945724, 60.36995988382957279, -16.09999999999999787 ) ) ;
#6534 = APPROVAL ( #326, '未指定' ) ;
#6535 = DIRECTION ( 'NONE',  ( 1.000000000000000000, 0.000000000000000000, 0.000000000000000000 ) ) ;
#6536 = CARTESIAN_POINT ( 'NONE',  ( 39.37596511235662433, 47.70710348875853413, -16.09999999999999432 ) ) ;
#6537 = ORIENTED_EDGE ( 'NONE', *, *, #6476, .F. ) ;
#6538 = B_SPLINE_SURFACE_WITH_KNOTS ( 'NONE', 3, 1, ( 
 ( #5193, #527 ),
 ( #4186, #3613 ),
 ( #5672, #496 ),
 ( #6242, #3671 ),
 ( #3162, #559 ),
 ( #6632, #1469 ),
 ( #5607, #944 ) ),
 .UNSPECIFIED., .F., .F., .F.,
 ( 4, 1, 1, 1, 4 ),
 ( 2, 2 ),
 ( 0.000000000000000000, 0.2813994077956885054, 0.5226029350789829220, 0.7496766156661363034, 1.000000000000000000 ),
 ( 0.000000000000000000, 1.000000000000000000 ),
 .UNSPECIFIED. ) ;
#6539 = DIRECTION ( 'NONE',  ( -0.7088251375485330463, -0.7053842388225748383, 0.000000000000000000 ) ) ;
#6540 = ORIENTED_EDGE ( 'NONE', *, *, #6348, .F. ) ;
#6541 = CARTESIAN_POINT ( 'NONE',  ( 39.67532497764070598, 61.47708535290509957, -14.09999999999998366 ) ) ;
#6542 = CIRCLE ( 'NONE', #1226, 0.8999999999999980238 ) ;
#6543 = CARTESIAN_POINT ( 'NONE',  ( 43.12795068018088784, 61.05355363382957279, -16.09999999999999787 ) ) ;
#6544 = ORIENTED_EDGE ( 'NONE', *, *, #4167, .F. ) ;
#6545 = CARTESIAN_POINT ( 'NONE',  ( 43.81013582601147505, 47.44087890532853180, -16.09999999999999787 ) ) ;
#6546 = VECTOR ( 'NONE', #5291, 1000.000000000000000 ) ;
#6547 = CARTESIAN_POINT ( 'NONE',  ( 48.45445160184914357, 60.93966854192218108, -16.09999999999999432 ) ) ;
#6548 = ORIENTED_EDGE ( 'NONE', *, *, #2584, .T. ) ;
#6549 = EDGE_LOOP ( 'NONE', ( #886, #4821, #3226, #2853 ) ) ;
#6550 = CARTESIAN_POINT ( 'NONE',  ( 49.31022360371346025, 48.05053628339268812, -14.09999999999999432 ) ) ;
#6551 = EDGE_CURVE ( 'NONE', #3225, #3768, #2815, .T. ) ;
#6552 = VECTOR ( 'NONE', #5620, 1000.000000000000000 ) ;
#6553 = CARTESIAN_POINT ( 'NONE',  ( 31.27806228732374194, 61.27397774097242689, -14.09999999999998366 ) ) ;
#6554 = CARTESIAN_POINT ( 'NONE',  ( 32.88431522185697986, 46.58143135395914669, -16.09999999999999787 ) ) ;
#6555 = DIRECTION ( 'NONE',  ( 0.000000000000000000, 1.000000000000000000, 0.000000000000000000 ) ) ;
#6556 = DIRECTION ( 'NONE',  ( 0.000000000000000000, 0.000000000000000000, -1.000000000000000000 ) ) ;
#6557 = ORIENTED_EDGE ( 'NONE', *, *, #5066, .T. ) ;
#6558 = PERSON_AND_ORGANIZATION ( #1833, #1116 ) ;
#6559 = CARTESIAN_POINT ( 'NONE',  ( 31.27236699966277911, 60.67670038691743173, -16.09999999999999787 ) ) ;
#6560 = VERTEX_POINT ( 'NONE', #2988 ) ;
#6561 = EDGE_CURVE ( 'NONE', #3221, #4068, #4540, .T. ) ;
#6562 = EDGE_CURVE ( 'NONE', #2837, #769, #4394, .T. ) ;
#6563 = CARTESIAN_POINT ( 'NONE',  ( 75.31382075277672072, 47.03661247152894731, -16.09999999999999432 ) ) ;
#6564 = CARTESIAN_POINT ( 'NONE',  ( 39.42301514751959957, 60.38050143897078215, -14.09999999999999076 ) ) ;
#6565 = CARTESIAN_POINT ( 'NONE',  ( 53.94230130916199073, 0.04330999182739999481, -6.099999999999997868 ) ) ;
#6566 = DIRECTION ( 'NONE',  ( 0.4730919445747421292, -0.8810130600499002096, 0.000000000000000000 ) ) ;
#6567 = ORIENTED_EDGE ( 'NONE', *, *, #5412, .T. ) ;
#6568 = EDGE_CURVE ( 'NONE', #1224, #6437, #5656, .T. ) ;
#6569 = EDGE_CURVE ( 'NONE', #1475, #4562, #2117, .T. ) ;
#6570 = ORIENTED_EDGE ( 'NONE', *, *, #787, .T. ) ;
#6571 = PLANE ( 'NONE',  #2939 ) ;
#6572 = CARTESIAN_POINT ( 'NONE',  ( 73.46013757566188929, 51.47508221046921761, -14.09999999999999076 ) ) ;
#6573 = VERTEX_POINT ( 'NONE', #6607 ) ;
#6574 = DIRECTION ( 'NONE',  ( -0.000000000000000000, -0.000000000000000000, -1.000000000000000000 ) ) ;
#6575 = CARTESIAN_POINT ( 'NONE',  ( 68.56600871589517965, 60.32531702668671869, 7.500000000000000000 ) ) ;
#6576 = LINE ( 'NONE', #5963, #2288 ) ;
#6577 = CARTESIAN_POINT ( 'NONE',  ( 44.36120960875231845, 60.36995988382957279, 7.500000000000000000 ) ) ;
#6578 = EDGE_LOOP ( 'NONE', ( #3614, #2468, #1372, #5416 ) ) ;
#6579 = CARTESIAN_POINT ( 'NONE',  ( 50.85395514446659604, 48.37498220525814929, -16.09999999999999787 ) ) ;
#6580 = CARTESIAN_POINT ( 'NONE',  ( 48.44106230547694736, 61.14399153471228487, -14.09999999999997300 ) ) ;
#6581 = ORIENTED_EDGE ( 'NONE', *, *, #3947, .F. ) ;
#6582 = LINE ( 'NONE', #772, #6504 ) ;
#6583 = CARTESIAN_POINT ( 'NONE',  ( 31.27236699966277911, 60.67670038691743173, -16.09999999999998721 ) ) ;
#6584 = DIRECTION ( 'NONE',  ( 0.4624889039072900832, 0.8866250694417755485, 0.000000000000000000 ) ) ;
#6585 = PLANE ( 'NONE',  #3697 ) ;
#6586 = CARTESIAN_POINT ( 'NONE',  ( 72.63906909313904237, 58.77306583829738429, -14.09999999999999076 ) ) ;
#6587 = CARTESIAN_POINT ( 'NONE',  ( 51.51801764446660314, 61.55578577668671869, -14.09999999999997300 ) ) ;
#6588 = ORIENTED_EDGE ( 'NONE', *, *, #2591, .F. ) ;
#6589 = DIRECTION ( 'NONE',  ( 1.000000000000000000, 0.000000000000000000, 0.000000000000000000 ) ) ;
#6590 = FACE_OUTER_BOUND ( 'NONE', #1759, .T. ) ;
#6591 = CARTESIAN_POINT ( 'NONE',  ( 31.30317389446660314, 60.73268309811528809, -16.09999999999999787 ) ) ;
#6592 = EDGE_LOOP ( 'NONE', ( #5139, #2625, #1593, #3532 ) ) ;
#6593 = CARTESIAN_POINT ( 'NONE',  ( 26.71861822394327390, 60.38120838282624447, -14.09999999999998721 ) ) ;
#6594 = B_SPLINE_SURFACE_WITH_KNOTS ( 'NONE', 3, 1, ( 
 ( #197, #2302 ),
 ( #1785, #4908 ),
 ( #1266, #6466 ),
 ( #3352, #5420 ),
 ( #5951, #1303 ) ),
 .UNSPECIFIED., .F., .F., .F.,
 ( 4, 1, 4 ),
 ( 2, 2 ),
 ( 0.000000000000000000, 0.1238993430993872019, 1.000000000000000000 ),
 ( 0.000000000000000000, 1.000000000000000000 ),
 .UNSPECIFIED. ) ;
#6595 = DIRECTION ( 'NONE',  ( -0.000000000000000000, -0.000000000000000000, -1.000000000000000000 ) ) ;
#6596 = EDGE_CURVE ( 'NONE', #4407, #5465, #3595, .T. ) ;
#6597 = DIRECTION ( 'NONE',  ( -0.000000000000000000, -0.000000000000000000, -1.000000000000000000 ) ) ;
#6598 = CARTESIAN_POINT ( 'NONE',  ( 74.66254889446661025, 51.26560720525814929, -16.09999999999999787 ) ) ;
#6599 = ORIENTED_EDGE ( 'NONE', *, *, #200, .T. ) ;
#6600 = VERTEX_POINT ( 'NONE', #410 ) ;
#6601 = FACE_OUTER_BOUND ( 'NONE', #5085, .T. ) ;
#6602 = B_SPLINE_CURVE_WITH_KNOTS ( 'NONE', 3,
 ( #4634, #1565, #3646, #5169, #2626, #4190, #4219 ),
 .UNSPECIFIED., .F., .F.,
 ( 4, 1, 1, 1, 4 ),
 ( 0.000000000000000000, 0.2626711694058765367, 0.5017163656113556858, 0.7378283808404324517, 1.000000000000000000 ),
 .UNSPECIFIED. ) ;
#6603 = LINE ( 'NONE', #4036, #2106 ) ;
#6604 = VERTEX_POINT ( 'NONE', #4640 ) ;
#6605 = EDGE_CURVE ( 'NONE', #1353, #2107, #6063, .T. ) ;
#6606 = EDGE_CURVE ( 'NONE', #2180, #3056, #1410, .T. ) ;
#6607 = CARTESIAN_POINT ( 'NONE',  ( 43.89524978732374194, 47.05243756240100339, -16.09999999999999787 ) ) ;
#6608 = CARTESIAN_POINT ( 'NONE',  ( 57.68693177176776743, 61.10276263745446812, -16.09999999999998721 ) ) ;
#6609 = AXIS2_PLACEMENT_3D ( 'NONE', #6252, #3597, #2599 ) ;
#6610 = CARTESIAN_POINT ( 'NONE',  ( 52.18015061528814158, 60.37514195945000495, -16.09999999999998721 ) ) ;
#6611 = CARTESIAN_POINT ( 'NONE',  ( 26.03810693018088784, 61.05355363382957279, -14.09999999999998366 ) ) ;
#6612 = AXIS2_PLACEMENT_3D ( 'NONE', #76, #702, #4855 ) ;
#6613 = CARTESIAN_POINT ( 'NONE',  ( 70.27506616529339567, 61.09913660960428672, -14.09999999999999432 ) ) ;
#6614 = ORIENTED_EDGE ( 'NONE', *, *, #233, .F. ) ;
#6615 = CLOSED_SHELL ( 'NONE', ( #1081, #3790, #1111, #1404, #4978, #192, #4242, #6190, #1052, #871, #1885, #6051, #2301, #3204, #5764, #1241, #316, #5724, #3118, #6025, #117, #1607, #937, #4089, #984, #2577, #708, #5274, #3188, #3167, #6060, #5482, #1376, #5772, #2263, #4367, #5104, #2469, #1244, #5124, #4152, #3735, #832, #327, #6346, #1799, #3374, #3908, #635, #1956, #2010, #1957, #6448, #6111, #6248, #4954, #5443, #3618, #96, #6299, #1369, #3869, #2896, #6170, #746, #5153, #2831, #1700, #405, #1798, #3431, #517, #3611, #3111, #1071, #4450, #2385, #1059, #6225, #610, #4124, #403, #1684, #1501, #2044, #5305, #819, #3006, #4730, #4769, #1099, #3882, #3416, #437, #4412, #5609, #1457, #6697, #450, #1155, #860, #4462, #1121, #6635, #3959, #2545, #5559, #2807, #2963, #4324, #3239, #4290, #6392, #5262, #3580, #5328, #3205, #3781, #2998, #953, #5056, #602, #3918, #5459, #6731, #6722, #1968, #3625, #5181, #6232, #2962, #3518, #4239, #2383, #5115, #347, #1694, #4971, #5276, #2240, #1290, #2517, #3453, #954, #1271, #61, #3426, #780, #5801, #4622, #3749, #3155, #2171, #3464, #2425, #4049, #5684, #3649, #5073, #3454, #1671, #5487, #5453, #2700, #2122, #27, #387, #3120, #243, #532, #5360, #2253 ) ) ;
#6616 = CARTESIAN_POINT ( 'NONE',  ( 48.45440157303802664, 60.99216970525814219, -16.09999999999999787 ) ) ;
#6617 = EDGE_CURVE ( 'NONE', #2153, #246, #5116, .T. ) ;
#6618 = CARTESIAN_POINT ( 'NONE',  ( 48.39580782303802664, 61.27397774097242689, -16.09999999999999076 ) ) ;
#6619 = ORIENTED_EDGE ( 'NONE', *, *, #3586, .T. ) ;
#6620 = CARTESIAN_POINT ( 'NONE',  ( 51.07085395105370651, 61.10680505308197752, -14.09999999999997655 ) ) ;
#6621 = CIRCLE ( 'NONE', #3801, 52.95827939944611984 ) ;
#6622 = VECTOR ( 'NONE', #794, 1000.000000000000114 ) ;
#6623 = B_SPLINE_CURVE_WITH_KNOTS ( 'NONE', 3,
 ( #382, #2548, #1486, #4546, #6613, #3567, #1972, #4045, #5595, #3601, #3021, #416, #2036 ),
 .UNSPECIFIED., .F., .F.,
 ( 4, 3, 3, 3, 4 ),
 ( 0.000000000000000000, 0.0005841830137487465536, 0.001168365651870766769, 0.001752477382937088404, 0.002336566018728254614 ),
 .UNSPECIFIED. ) ;
#6624 = CARTESIAN_POINT ( 'NONE',  ( 43.19770514446660314, 47.70812952668671869, -14.09999999999998721 ) ) ;
#6625 = CARTESIAN_POINT ( 'NONE',  ( 75.32361710296092383, 47.29140213802463677, -16.09999999999999787 ) ) ;
#6626 = CARTESIAN_POINT ( 'NONE',  ( 72.62889130769796964, 57.55931711467511747, -14.09999999999998721 ) ) ;
#6627 = VECTOR ( 'NONE', #1695, 1000.000000000000000 ) ;
#6628 = CARTESIAN_POINT ( 'NONE',  ( 51.06124199310438172, 60.84291854081659068, -16.10000000000000142 ) ) ;
#6629 = EDGE_LOOP ( 'NONE', ( #6619, #6599, #660, #2206 ) ) ;
#6630 = VECTOR ( 'NONE', #5516, 999.9999999999998863 ) ;
#6631 = PLANE ( 'NONE',  #3042 ) ;
#6632 = CARTESIAN_POINT ( 'NONE',  ( 35.33614749844261382, 61.20113009397049098, -14.09999999999996589 ) ) ;
#6633 = ORIENTED_EDGE ( 'NONE', *, *, #2914, .T. ) ;
#6634 = AXIS2_PLACEMENT_3D ( 'NONE', #5059, #5667, #3574 ) ;
#6635 = ADVANCED_FACE ( 'NONE', ( #4137 ), #3495, .T. ) ;
#6636 = CARTESIAN_POINT ( 'NONE',  ( 52.99842878151299885, 53.00157121848699404, -1.599999999999998979 ) ) ;
#6637 = CYLINDRICAL_SURFACE ( 'NONE', #536, 0.8999999999999980238 ) ;
#6638 = B_SPLINE_CURVE_WITH_KNOTS ( 'NONE', 3,
 ( #618, #2112, #5329, #1135, #2210 ),
 .UNSPECIFIED., .F., .F.,
 ( 4, 1, 4 ),
 ( 0.000000000000000000, 0.5115682097396148098, 1.000000000000000000 ),
 .UNSPECIFIED. ) ;
#6639 = VECTOR ( 'NONE', #4708, 1000.000000000000000 ) ;
#6640 = CARTESIAN_POINT ( 'NONE',  ( 32.01745960875231845, 46.94641077668671869, -14.09999999999997300 ) ) ;
#6641 = ORIENTED_EDGE ( 'NONE', *, *, #480, .F. ) ;
#6642 = EDGE_LOOP ( 'NONE', ( #2640, #3443, #5013, #5719 ) ) ;
#6643 = EDGE_CURVE ( 'NONE', #1044, #5491, #2653, .T. ) ;
#6644 = PLANE ( 'NONE',  #3920 ) ;
#6645 = CARTESIAN_POINT ( 'NONE',  ( 0.000000000000000000, 60.32531702668671869, -14.09999999999999432 ) ) ;
#6646 = CARTESIAN_POINT ( 'NONE',  ( 1.498428781513010177, 53.00157121848700115, -1.599999999999998979 ) ) ;
#6647 = CARTESIAN_POINT ( 'NONE',  ( 39.79368728732374194, 47.70812952668671869, 7.500000000000000000 ) ) ;
#6648 = CARTESIAN_POINT ( 'NONE',  ( 57.69627214192275488, 61.09439897283483134, -16.09999999999999432 ) ) ;
#6649 = EDGE_CURVE ( 'NONE', #2928, #6600, #5558, .T. ) ;
#6650 = EDGE_CURVE ( 'NONE', #5064, #4364, #2476, .T. ) ;
#6651 = CARTESIAN_POINT ( 'NONE',  ( 51.40980014203525883, 60.45023888678340285, -14.09999999999998010 ) ) ;
#6652 = VERTEX_POINT ( 'NONE', #4610 ) ;
#6653 = DIRECTION ( 'NONE',  ( -0.000000000000000000, -0.000000000000000000, -1.000000000000000000 ) ) ;
#6654 = ORIENTED_EDGE ( 'NONE', *, *, #4909, .T. ) ;
#6655 = DIRECTION ( 'NONE',  ( 0.000000000000000000, -1.000000000000000000, 0.000000000000000000 ) ) ;
#6656 = AXIS2_PLACEMENT_3D ( 'NONE', #2871, #4429, #2970 ) ;
#6657 = VERTEX_POINT ( 'NONE', #2570 ) ;
#6658 = DIRECTION ( 'NONE',  ( 0.4444444859815490645, 0.8958063958694404416, 0.000000000000000000 ) ) ;
#6659 = B_SPLINE_SURFACE_WITH_KNOTS ( 'NONE', 3, 1, ( 
 ( #3258, #2142 ),
 ( #4209, #5824 ),
 ( #1582, #3666 ),
 ( #4308, #1615 ),
 ( #5727, #2177 ),
 ( #5793, #71 ),
 ( #1687, #584 ) ),
 .UNSPECIFIED., .F., .F., .F.,
 ( 4, 1, 1, 1, 4 ),
 ( 2, 2 ),
 ( 0.000000000000000000, 0.2005391517638917820, 0.4247066699754329933, 0.6847454015251058790, 1.000000000000000000 ),
 ( 0.000000000000000000, 1.000000000000000000 ),
 .UNSPECIFIED. ) ;
#6660 = EDGE_CURVE ( 'NONE', #4789, #3065, #2953, .T. ) ;
#6661 = DIRECTION ( 'NONE',  ( -0.000000000000000000, -0.000000000000000000, -1.000000000000000000 ) ) ;
#6662 = CARTESIAN_POINT ( 'NONE',  ( 35.33614749844261382, 61.20113009397049098, -14.09999999999998010 ) ) ;
#6663 = CIRCLE ( 'NONE', #1344, 0.8999999999999980238 ) ;
#6664 = CARTESIAN_POINT ( 'NONE',  ( 105.9496822034927419, 52.13894847876938599, -6.099999999999997868 ) ) ;
#6665 = CARTESIAN_POINT ( 'NONE',  ( 35.71173958575848673, 61.54539464141767269, -16.09999999999999432 ) ) ;
#6666 = VERTEX_POINT ( 'NONE', #5591 ) ;
#6667 = DIRECTION ( 'NONE',  ( -0.000000000000000000, -0.000000000000000000, -1.000000000000000000 ) ) ;
#6668 = VECTOR ( 'NONE', #4976, 1000.000000000000000 ) ;
#6669 = CARTESIAN_POINT ( 'NONE',  ( 54.77973639446660314, 47.82531702668671159, 7.500000000000000000 ) ) ;
#6670 = ORIENTED_EDGE ( 'NONE', *, *, #569, .T. ) ;
#6671 = LINE ( 'NONE', #3035, #5541 ) ;
#6672 = CARTESIAN_POINT ( 'NONE',  ( 44.36120960875231845, 60.36995988382957279, -16.09999999999999787 ) ) ;
#6673 = ORIENTED_EDGE ( 'NONE', *, *, #2505, .T. ) ;
#6674 = CARTESIAN_POINT ( 'NONE',  ( 52.99842878151299885, 53.00157121848699404, -1.599999999999998979 ) ) ;
#6675 = ORIENTED_EDGE ( 'NONE', *, *, #6486, .F. ) ;
#6676 = ORIENTED_EDGE ( 'NONE', *, *, #3985, .T. ) ;
#6677 = DIRECTION ( 'NONE',  ( -0.7050660816924828600, -0.7091416081762579315, 0.000000000000000000 ) ) ;
#6678 = CARTESIAN_POINT ( 'NONE',  ( 73.38864701651877454, 51.38991050916362013, -14.09999999999998366 ) ) ;
#6679 = FACE_OUTER_BOUND ( 'NONE', #6381, .T. ) ;
#6680 = CARTESIAN_POINT ( 'NONE',  ( 62.65641050160945724, 61.32420095525814929, -14.09999999999998010 ) ) ;
#6681 = EDGE_CURVE ( 'NONE', #2176, #3246, #4073, .T. ) ;
#6682 = CARTESIAN_POINT ( 'NONE',  ( 57.64803996589516544, 61.24049559811528809, -14.09999999999996945 ) ) ;
#6683 = B_SPLINE_CURVE_WITH_KNOTS ( 'NONE', 3,
 ( #2453, #4012, #6074, #2484, #5976, #2865, #1936 ),
 .UNSPECIFIED., .F., .F.,
 ( 4, 1, 1, 1, 4 ),
 ( 0.000000000000000000, 0.2336755999538390194, 0.4674888856310830954, 0.7164998065456318344, 1.000000000000000000 ),
 .UNSPECIFIED. ) ;
#6684 = CARTESIAN_POINT ( 'NONE',  ( 48.39580782303802664, 61.27397774097242689, -16.09999999999999787 ) ) ;
#6685 = VERTEX_POINT ( 'NONE', #6680 ) ;
#6686 = DIRECTION ( 'NONE',  ( -0.8952020305760362007, -0.4456605484587362609, 0.000000000000000000 ) ) ;
#6687 = VERTEX_POINT ( 'NONE', #6134 ) ;
#6688 = CARTESIAN_POINT ( 'NONE',  ( 57.56468058945135624, 61.39504321537589249, -14.09999999999997300 ) ) ;
#6689 = EDGE_CURVE ( 'NONE', #5924, #2436, #6196, .T. ) ;
#6690 = VERTEX_POINT ( 'NONE', #5014 ) ;
#6691 = CARTESIAN_POINT ( 'NONE',  ( 61.71153483295288567, 61.44966318734114452, -16.09999999999999432 ) ) ;
#6692 = CARTESIAN_POINT ( 'NONE',  ( 33.03574139049977987, 46.64024746490152751, -16.09999999999999787 ) ) ;
#6693 = CARTESIAN_POINT ( 'NONE',  ( 52.99842878151299885, 53.00157121848699404, -6.099999999999997868 ) ) ;
#6694 = CARTESIAN_POINT ( 'NONE',  ( 51.75117919201014871, 60.37249365527298295, -16.09999999999999787 ) ) ;
#6695 = ORIENTED_EDGE ( 'NONE', *, *, #3052, .F. ) ;
#6696 = EDGE_CURVE ( 'NONE', #3005, #5225, #346, .T. ) ;
#6697 = ADVANCED_FACE ( 'NONE', ( #603 ), #4443, .T. ) ;
#6698 = CARTESIAN_POINT ( 'NONE',  ( 105.9601459312399925, 53.03888764915900111, -16.09999999999999787 ) ) ;
#6699 = LINE ( 'NONE', #5606, #3795 ) ;
#6700 = DIRECTION ( 'NONE',  ( -0.7114986210375731090, -0.7026874926036693614, 0.000000000000000000 ) ) ;
#6701 = ORIENTED_EDGE ( 'NONE', *, *, #1745, .F. ) ;
#6702 = CARTESIAN_POINT ( 'NONE',  ( 50.85395514446659604, 48.37498220525814929, -14.09999999999998721 ) ) ;
#6703 = DIRECTION ( 'NONE',  ( -1.000000000000000000, -4.687718713551744277E-14, 0.000000000000000000 ) ) ;
#6704 = EDGE_CURVE ( 'NONE', #70, #2746, #4765, .T. ) ;
#6705 = DIRECTION ( 'NONE',  ( -0.2577193307609847439, 0.9662198231003699123, 0.000000000000000000 ) ) ;
#6706 = ORIENTED_EDGE ( 'NONE', *, *, #2470, .T. ) ;
#6707 = ORIENTED_EDGE ( 'NONE', *, *, #2738, .F. ) ;
#6708 = LINE ( 'NONE', #3650, #4340 ) ;
#6709 = FACE_OUTER_BOUND ( 'NONE', #6528, .T. ) ;
#6710 = DIRECTION ( 'NONE',  ( 0.8964933724782936375, 0.4430571442855825159, 0.000000000000000000 ) ) ;
#6711 = B_SPLINE_SURFACE_WITH_KNOTS ( 'NONE', 3, 1, ( 
 ( #6011, #3885 ),
 ( #812, #5942 ),
 ( #1359, #3375 ),
 ( #2903, #5505 ),
 ( #838, #4995 ),
 ( #6419, #2254 ),
 ( #2999, #2968 ) ),
 .UNSPECIFIED., .F., .F., .F.,
 ( 4, 1, 1, 1, 4 ),
 ( 2, 2 ),
 ( 0.000000000000000000, 0.2626711694058765367, 0.5017163656113556858, 0.7378283808404324517, 1.000000000000000000 ),
 ( 0.000000000000000000, 1.000000000000000000 ),
 .UNSPECIFIED. ) ;
#6712 = CARTESIAN_POINT ( 'NONE',  ( 75.28637767698738514, 46.87742536437777829, -14.09999999999998721 ) ) ;
#6713 = CARTESIAN_POINT ( 'NONE',  ( 57.64474472473975908, 60.70875901833913701, -16.09999999999999076 ) ) ;
#6714 = EDGE_CURVE ( 'NONE', #6685, #2682, #4017, .T. ) ;
#6715 = CARTESIAN_POINT ( 'NONE',  ( 39.06869478852468802, 47.67667721379029189, -14.09999999999996589 ) ) ;
#6716 = VERTEX_POINT ( 'NONE', #639 ) ;
#6717 = DIRECTION ( 'NONE',  ( -0.000000000000000000, -0.000000000000000000, 1.000000000000000000 ) ) ;
#6718 = CARTESIAN_POINT ( 'NONE',  ( 57.56468058945135624, 61.39504321537589249, -16.09999999999999076 ) ) ;
#6719 = ORIENTED_EDGE ( 'NONE', *, *, #3233, .T. ) ;
#6720 = CARTESIAN_POINT ( 'NONE',  ( 26.30882067721539030, 60.53158347776597026, -14.09999999999998721 ) ) ;
#6721 = VECTOR ( 'NONE', #6383, 1000.000000000000114 ) ;
#6722 = ADVANCED_FACE ( 'NONE', ( #3721 ), #5747, .T. ) ;
#6723 = CARTESIAN_POINT ( 'NONE',  ( 8.041071064546333247, -8.086415450248665593, -14.09999999999999432 ) ) ;
#6724 = CARTESIAN_POINT ( 'NONE',  ( 55.27917835875231845, 46.57531702668671869, -16.09999999999999787 ) ) ;
#6725 = LINE ( 'NONE', #6238, #5779 ) ;
#6726 = ORIENTED_EDGE ( 'NONE', *, *, #911, .T. ) ;
#6727 = VECTOR ( 'NONE', #1021, 1000.000000000000114 ) ;
#6728 = VECTOR ( 'NONE', #2894, 1000.000000000000000 ) ;
#6729 = LINE ( 'NONE', #1040, #2705 ) ;
#6730 = FACE_OUTER_BOUND ( 'NONE', #3023, .T. ) ;
#6731 = ADVANCED_FACE ( 'NONE', ( #5242 ), #506, .T. ) ;
#6732 = CARTESIAN_POINT ( 'NONE',  ( 74.09056228732374905, 46.81248220525814929, -14.09999999999998010 ) ) ;
#6733 = EDGE_CURVE ( 'NONE', #5947, #3367, #2099, .T. ) ;
#6734 = VECTOR ( 'NONE', #425, 1000.000000000000000 ) ;
#6735 = LINE ( 'NONE', #5068, #5547 ) ;
#6736 = AXIS2_PLACEMENT_3D ( 'NONE', #5294, #4313, #4252 ) ;
#6737 = ORIENTED_EDGE ( 'NONE', *, *, #1255, .T. ) ;
#6738 = CARTESIAN_POINT ( 'NONE',  ( 52.38576318018088784, 46.57531702668671869, -16.09999999999999787 ) ) ;
#6739 = VERTEX_POINT ( 'NONE', #3138 ) ;
#6740 = AXIS2_PLACEMENT_3D ( 'NONE', #4052, #391, #4555 ) ;
#6741 = ORIENTED_EDGE ( 'NONE', *, *, #6525, .F. ) ;
#6742 = FACE_OUTER_BOUND ( 'NONE', #2708, .T. ) ;
#6743 = VECTOR ( 'NONE', #3122, 999.9999999999998863 ) ;
#6744 = CARTESIAN_POINT ( 'NONE',  ( 66.13018282303804085, 54.81750452668671869, 7.500000000000000000 ) ) ;
#6745 = DIRECTION ( 'NONE',  ( -1.000000000000000000, 0.000000000000000000, 0.000000000000000000 ) ) ;
#6746 =( NAMED_UNIT ( * ) PLANE_ANGLE_UNIT ( ) SI_UNIT ( $, .RADIAN. ) );
#6747 = CARTESIAN_POINT ( 'NONE',  ( 39.93787630325660132, 60.92594399281244222, -16.09999999999999787 ) ) ;
#6748 = CARTESIAN_POINT ( 'NONE',  ( 62.19464910571920768, 61.57085691692334706, -16.09999999999998721 ) ) ;
#6749 = DIRECTION ( 'NONE',  ( -0.000000000000000000, -0.000000000000000000, -1.000000000000000000 ) ) ;
ENDSEC;
END-ISO-10303-21;
