:020000040800F2
:10000000201800208D030008950300083D03000818
:10001000990300089B0300089D03000800000000EE
:100020000000000000000000000000009F03000826
:10003000A103000800000000BF02000847580008A4
:10004000A7030008A7030008A7030008A7030008E8
:10005000A7030008A703000873330008C53300088E
:10006000D9330008ED33000801340008A703000865
:10007000A7030008A7030008A7030008A7030008B8
:10008000A7030008A7030008A7030008BD5E000837
:10009000595F0008613200087D32000815340008FD
:1000A000A7030008A7030008A7030008A703000888
:1000B000A7030008A703000809590008A7030008C0
:1000C000A7030008A7030008A7030008A703000868
:1000D000A7030008A55E0008A7030008A7030008FF
:1000E00087330008A7030008A703000800F002F800
:1000F00000F0B6F80AA090E8000C82448344AAF10C
:100100000107DA4501D100F0ABF8AFF2090EBAE809
:100110000F0013F0010F18BFFB1A43F0010318473B
:10012000ACE90000CCE900000A444FF0000C10F8E4
:10013000013B13F0070408BF10F8014B1D1108BF65
:1001400010F8015B641E05D010F8016B641E01F805
:10015000016BF9D113F0080F1EBF10F8014BAD1C55
:100160000C1B09D16D1E58BF01F801CBFAD505E073
:1001700014F8016B01F8016B6D1EF9D59142D6D3CD
:10018000704700000023002400250026103A28BFF5
:1001900078C1FBD8520728BF30C148BF0B607047F9
:1001A0006E2900F06B84702900F0CD8766290DF070
:1001B000B48765290DF0B18767290DF0AE876129F5
:1001C0000DF0AD8703681B0A28BF41F08001692943
:1001D00000F01884642900F01584752900F0128459
:1001E0006F2900F05A87782900F09987E92900F0F3
:1001F000F586E42900F0F286F52900F0EF86EF2974
:1002000000F05787F82900F098870368DB0928BFBA
:1002100041F08001632901F06B82732901F0708243
:10022000E32901F07B82F32901F0808200207047EE
:100230001FB500F0E5FF0400002000210DF034F8A8
:10024000401C6060002000210DF044F8E06001F0E7
:1002500003FBAFF300801FBD10B501F066FB10BDBE
:1002600001F0BAFB1146FFF7E3FF02F08EFF01F049
:10027000D5FF03B4FFF7F0FF03BC06F01FFD00003D
:10028000002804D090FAA0F0B0FA80F0401C70472B
:10029000EFF3108072B6704780F310887047344ACD
:1002A0001368012B04D04FF001031360314A106032
:1002B000314A116031484FF0805101607047EFF3CF
:1002C000108272B62A48016891B14FF000010160B6
:1002D0002848016829B1EFF3098121E9F00F00688E
:1002E0000160254909680968B1E8F00F81F30988C0
:1002F00082F310884EF0040E70471F4908601D49B4
:100300004FF0000008601A494FF0010008601C48D7
:100310001C49D0F8002041EA0201016017484FF063
:100320008051016018480068006880F3088861B651
:1003300062B6BFF34F8FBFF36F8F70471EF0040F8D
:100340000CBFEFF30880EFF3098020E9F00F40F8CD
:1003500004ED1EF0040F0CBF80F3088880F30988B9
:1003600000B509F06FFC5DF804EB4EF0040E704729
:10037000340000202C0000203000002004ED00E0BC
:1003800020ED00E00000FFFF08ED00E00948804795
:1003900009480047FEE7FEE7FEE7FEE7FEE7FEE767
:1003A000FEE7FEE7FEE7FEE704480549034A054B82
:1003B0007047000005590008ED00000820140020D7
:1003C000201800202014002070477047704753EA1F
:1003D000020C00F069802DE9F04B4FF00006002B75
:1003E0001FBFB3FA83F503FA05F424FA05F65E405D
:1003F00012BF1643B2FA82F502FA05F4C5F12005E0
:100400001EBF22FA05FC44EA0C04203556EA044CCF
:100410004FEA144418BF641C4FF000084FF0000965
:10042000904271EB030C39D3002919BFB1FA81F75F
:1004300001FA07F6B0FA80F700FA07F6C7F12007CD
:100440001EBF20FA07FC46EA0C062037B6FBF4FC78
:10045000A7EB0507103F07F01F0BCBF120060CFAA6
:100460000BFB2CFA06F644BFB3460026202FA4BF90
:100470005E464FF0000B5BEA060C08BF4FF0010B25
:1004800019EB0B09ABFB027C48EB0608C01B06FB13
:1004900002CC0BFB03CC71EB0C01C1E70B4602460F
:1004A00041464846BDE8F08B13B54FF000004FF0D1
:1004B0000001AFF30080BDE81C4070471CB50C463E
:1004C000064B7B4469460090204600F0FEFC044643
:1004D0000020694600F00CFD20461CBD2B0A0000E0
:1004E0000FB4044910B503AA029800F007FD10BC30
:1004F0005DF814FB141300202DE9F05F89460446D3
:100500004FF0000ADFF874B1FB44C0F820A0204689
:10051000E1688847002874D0252806D0D4E9012155
:100520009047206A401C2062F1E700265F46204683
:10053000E16888472028054607DB312D05D2781968
:1005400010F8200C08B10643F1E7B00701D526F0FA
:100550000406C4F81CA00027C4F818A02A2D09D04E
:10056000284606F05FFA38B304EB8708303DC8F838
:10057000185019E059F8041B204604EB87029161DA
:10058000E1688847012F054618D1E069002820DA84
:1005900026F020061DE0D8F8180000EB800005EBDF
:1005A00040003038C8F818002046E1688847054602
:1005B00006F038FA0028EED1012F0AD02E2D08D1EE
:1005C0002046E16888477F1C0546022F46F020063A
:1005D000C4DBA069002803DA404246F00106A061AE
:1005E000F00701D026F010066C2D0BD0682D09D035
:1005F0004C2D39D06A2D35D0742D35D07A2D33D08D
:1006000016E038E0E1682F4620468847B8420546A4
:1006100009D16C2F26D04FF48060E1680643204654
:100620008847054604E06C2F1AD04FF480700643CB
:100630000DB3A5F14100192802D8203546F4006613
:100640004A462946204626604E46FFF7A9FD80B15E
:1006500001280BD0F61D26F0070000F1080956E727
:100660004020E4E78020D8E70020D6E706F104091F
:100670004DE7284652E7206ABDE8F09F38DF0000CA
:1006800010B5431C02E010F8011B71B18107FAD1CB
:100690004FF0013202C88C1A8C4314EAC211F9D00F
:1006A000C01A0A0603D0C01E10BDC01A10BD0A042D
:1006B00001D0801E10BD0902FCD0401E10BD40EAD2
:1006C000010370B59B072ED14FF00136042A2AD3BF
:1006D00008C810C99D1B9D43121F15EAC61517D0E7
:1006E000D8B2E1B2401A50EA056110D198B2A1B275
:1006F000401A50EA05410AD123F07F4024F07F419F
:10070000401A50EA052102D1180EA0EB146070BD0A
:10071000A342DBD018BA21BA884201D9012070BDAA
:100720004FF0FF3070BD0AB9002070BD10F8013BDA
:1007300011F8014B63B1A3420AD1521E08D010F840
:10074000013B11F8014B1BB1A34201D1521EEDD167
:10075000181B70BD032A40F2308010F0030C00F02B
:10076000158011F8013BBCF1020F624498BF11F8EB
:1007700001CB00F8013B38BF11F8013BA2F10402A4
:1007800098BF00F801CB38BF00F8013B11F003031C
:1007900000F02580083AC0F0088051F8043B083A80
:1007A00051F804CBA0E80810F5E7121D5CBF51F822
:1007B000043B40F8043BAFF30080D20724BF11F89C
:1007C000013B11F801CB48BF11F8012B24BF00F801
:1007D000013B00F801CB48BF00F8012B704710B572
:1007E000203AC0F00B80B1E81850203AA0E8185029
:1007F000B1E81850A0E81850BFF4F5AF5FEA027CEA
:1008000024BFB1E81850A0E8185044BF18C918C058
:10081000BDE810405FEA827C24BF51F8043B40F8F9
:10082000043B08BF7047D20728BF31F8023B48BFDE
:1008300011F8012B28BF20F8023B48BF00F8012B1C
:1008400070474FF0000200B5134694469646203993
:1008500022BFA0E80C50A0E80C50B1F12001BFF479
:10086000F7AF090728BFA0E80C5048BF0CC05DF8DF
:1008700004EB890028BF40F8042B08BF704748BF2D
:1008800020F8022B11F0804F18BF00F8012B7047A1
:100890004FF0013C50F8042B51F8043B9A4221D10F
:1008A000A2EB0C03934313EACC1317D150F8042B9B
:1008B00051F8043B9A4215D1A2EB0C03934313EA7F
:1008C000CC130BD150F8042B51F8043B9A4209D1B8
:1008D000A2EB0C03934313EACC13DBD04FF00000E0
:1008E000704700BFD01A01BAB1FA81F101F01801C6
:1008F00022FA01F0CB40C1F12001DBB2C0B2C01A34
:100900002CFA01F3D11A914311EAC311E6D17047D1
:10091000704770477047000010B500F071FC001D73
:1009200010BD00BF85C9000010B500F06DFC006867
:1009300010BD10B5044600F067FC046010BD70B532
:10094000044685690068C10601D5302600E02026EE
:10095000C00707D070BDD4E9012130469047206A16
:10096000401C20626D1EF6D570BD70B504468569C9
:100970000078C00707D170BDD4E90121202090473D
:10098000206A401C20626D1EF6D570BD09684A05BC
:1009900001D540B27047C905FCD500B2704709685F
:1009A0004A0501D5C0B27047C905FCD580B2704771
:1009B00070B50C460546012A05D02878800600D57A
:1009C000EA69002302E0012305E05B1C934202D2A6
:1009D000E05C0028F9D1A869E618C01AA861286A65
:1009E000184428622846FFF7AAFF04E0D5E9012150
:1009F00014F8010B9047B442F8D32846FFF7B5FF2F
:100A000070BD00002DE9F0410646002410687529EC
:100A1000314616A510D0FFF7B9FF002802DA404290
:100A200013A507E031688A0701D512A502E049073E
:100A300004D511A5012401E0FFF7B1FF00210A222E
:100A400006F1240709E0B0FBF2FCB0FBF2F302FB75
:100A50001C00303078541846491C0028F3D1234636
:100A60002A463046BDE8F04100F020BC00000000FE
:100A70002D0000002B00000020000000116802681B
:100A8000006A530501D508700AE0D30501D5088036
:100A900006E0130603D5C217C1E9000200E00860B2
:100AA0000120704770472DE9FF4F0C461E464FF05E
:100AB000FF378BB0D2E90001DDF860800A908A46EA
:100AC000C1F30A5505B93D46002108464FF0000024
:100AD000BAF1000F00F4400005DA00EB80004FF49B
:100AE000400101EA50004FEA9059B9F1010F00DDD1
:100AF000B9460A9850EA4A000ED044F61050A5F2C2
:100B0000FF3545432F14B8F1000F1ED07542291E42
:100B10001EDDC9F100021CE0B8F1010F4FF000002A
:100B200001D0302103E0F24305E02154401CB042E3
:100B3000FBDB30460022002121540B99C1F80880CC
:100B4000C1E900200FB0BDE8F08FBD1B6D1CDEE7D2
:100B50004A4600DA694206A800F00CFE06AB93E8AC
:100B6000070003AB83E8070050460A9901F0FFFE37
:100B70008DE80700A0F500501F3800900398002D65
:100B800009DD42F21F014A46084403A90390684662
:100B900002F089F908E0A0F500504A461F3803A981
:100BA0000390684602F0A7F98DE807000004000CE6
:100BB00003D04FF0FF30410800E01046B8F1000FBD
:100BC00003D00022009215461EE0751E05D400F0E9
:100BD0001FFB303262556D1EF9D5B3460122084322
:100BE00002D000227F1C04E02078302801D10022AE
:100BF0007F1E002A099786D01DE0112D07DA00F02C
:100C000007FB303262556D1C50EA0102F5D10843F2
:100C100002D00098C8B10EE00021681E05E0235CF8
:100C2000625C63542254401E491C8142F7DBAB4690
:100C3000A81B401E0990002004F80B000B98099A8D
:100C4000C0F80880C0E9002B7CE711264FF00008AF
:100C500059E72DE9F04F88460446D21D22F00701DE
:100C600091B0D1E90001CDE90A0105F084F902460D
:100C70000B98C00F01D02D2007E02068810701D517
:100C80002B2002E0202101EAC000032A099001D0B4
:100C9000072A05DB03464146204600F0DFFC0BE156
:100CA0002078800601D5E06900E00620B8F1650FE4
:100CB000814606D0B8F1660F18D0B8F1670F70D131
:100CC00031E00020B9F1110F009001DB112301E0A8
:100CD00009F101030AAA01A90CA8FFF7E4FEDDE966
:100CE0000C70002609F10105834647E001204B46C0
:100CF00000904FF000470AAA01A90CA8FFF7D3FE05
:100D0000DDE90DB00C995D46002610B909F101002E
:100D10000D18B9EB050003D4C0F1FF3609F1010548
:100D2000A5EB09002BE0B9F1010F01DA4FF0010941
:100D30000020B9F1110F0090484601DD112300E0B9
:100D400003460AAA01A90CA8FFF7ADFEDDE90C7065
:100D50004D4600268346207800070AD4AB4500DACA
:100D60005D4601A8012D04DD411911F8011C30294F
:100D700007D04F4502DA17F1040F04DA012082464A
:100D80000FE06D1EEEE7002F02DCED1B3E4403E09A
:100D9000781CA84200DD7D1CB81B00F1010A4FF051
:100DA00000472078000703D4AA4501DB4FF0FF3A43
:100DB0000021B7F1004F0DF143088DF8431024D006
:100DC00002202B23002F01DA7F422D230A21021E4D
:100DD000A0F1010000DC5FB197FBF1FC97FBF1F2A1
:100DE00001FB1C7C17460CF1300C08F801CDEEE736
:100DF000A8F1010003702188090501D5452100E013
:100E00006521A0F1010800F8011C09980FA9A1EBC8
:100E10000807FF1D00B10120411901EBEA70A1692B
:100E20003844081A401EA0612078C00602D420462B
:100E3000FFF785FD099828B1D4E901219047206A80
:100E4000401C20622078C00622D52046FFF777FD9F
:100E50001EE0002E04DBB34502DD01A8805D00E04A
:100E60003020D4E901219047206A401C2062761C82
:100E7000AAF101005FEA000A0AD100F0C1F9C068D6
:100E80000168405CD4E901219047206A401C20623F
:100E9000281EA5F10105DCDC07E0D4E9012118F8E2
:100EA000010B9047206A401C2062381EA7F1010701
:100EB000F3DC2046FFF759FD032011B043E60000A4
:100EC00001694A1C02610878704700B58FB0CDE90E
:100ED00001310021059105497944CDE903101146FE
:100EE0006846FFF709FB0FB000BD0000E5FFFFFFFC
:100EF0000A6802F8010B0A6070470000074B70B5E2
:100F00000D467B44FFF7E1FF0446284600F0A0FCB5
:100F100010B14FF0FF3070BD204670BD5F6B000018
:100F20002DE9FF5F15468A460446DFF8AC80F84499
:100F30000027D8E900103E46CDE9001010E03AF84D
:100F400016106A4602A800F023FD411C07D0217844
:100F5000890603D5E269391891420DD80744761CF9
:100F60002078800602D5E069B84205DDAE42E6DBB6
:100F70003AF816000028E2D1A069C01BA061204603
:100F8000FFF7DDFCD8E90010CDE90010002017E0E4
:100F90003AF818106A4602A800F0FAFCB0F1FF3FD8
:100FA00081460BD000250DF1080B05E0D4E90121A5
:100FB0001BF8050090476D1C4D45F7D308F1010063
:100FC000B0428046E4DB206A384420622046FFF7C6
:100FD000CCFCBDE8FF9F000026D500002DE9F041C4
:100FE0008046D21D22F007020025D2E90002F52931
:100FF00015A614D0011E72F1000106DA0023D0EB11
:10100000030063EB020211A608E0D8F800108B077A
:1010100001D50FA602E0490701D50EA6012511460C
:10102000002408F1240704E000F0F2F830323A55C9
:10103000641C50EA0102F7D12B4632462146404655
:10104000BDE8F04100F032B9000000002D000000C2
:101050002B0000002000000030B4002100F1240427
:1010600008E002F00705D208303542EA4372DB0897
:101070006554491C52EA0305F3D10468002310A209
:10108000250707D5A40600D421B1C46901230DA208
:10109000641EC46130BC00F009B910B50446214695
:1010A0001068FFF77CFC02462046BDE81040002394
:1010B000D2E7D21D22F00701D1E90023CCE70000DE
:1010C0000000000030000000F0B40D460188090562
:1010D00002D5214C7C4402E01F4C7C440E3400219C
:1010E00000F1240608E002F00F071209E75D42EA6A
:1010F00003721B097754491C52EA0307F3D10278A3
:101100000023120704D5702D06D009B10223113433
:101110002246F0BC00F0CAB801231034F8E770B5DD
:1011200004460D4621461068FFF739FC0246294661
:101130002046BDE870400023C6E7D21D22F0070319
:10114000D3E90023C0E70368126843F0200303607B
:101150000823C3610023B7E788D300000FB400233E
:1011600000B589B00CA900910B99CB60214B7B4451
:101170000693214B7B44079304236FF00042CDE993
:1011800001321E4A7A446B460892024600200DF056
:1011900028F809B05DF814FB70B506464FF0FF3033
:1011A00015460C46324686B00091CDE901016946EC
:1011B0000020049004A8FFF7D1FF024604982118EC
:1011C00025B108B1084600E02046286004980028B0
:1011D0000DD0002A02DD0098884208D03246081B54
:1011E00069460094CDE9010404A8FFF7B7FF06B0F3
:1011F00070BD0000C3050000DB0500001301000006
:1012000000487047DC13002000487047BC130020E2
:1012100030B5B0F10A024FEA900E71F100034EEAC8
:10122000817EB0EB0E0061EB91014FEA101E4EEA99
:10123000017E10EB0E0041EB11114FEA102E4EEA29
:10124000016E10EB0E0041EB11214FEA104E4EEAF9
:10125000014E10EB0E0041EB1141401841F100012D
:101260004FEAD00040EA41704FEAD10110EB80050F
:101270004FEA810444EA907444EB01046D1944EB95
:101280000404521BA3414FF0000348BF0A3200D5AB
:1012900030BD401C41F1000130BD10B50446FFF7E0
:1012A0003BFB0068005D00F0010010BD2DE9F04738
:1012B0000D4699469246044600F1240801688806C6
:1012C00004D5E06921F01001216000E00120A8426E
:1012D00001DD471B00E00027A1697A1902EB090034
:1012E000081AA0612078C00602D42046FFF727FB29
:1012F000002608E0D4E901211AF806009047206A88
:10130000401C761C20624E45F4DB2078C0060AD5CE
:101310002046FFF714FB06E0D4E901213020904776
:10132000206A401C2062381EA7F10107F4DC07E0A8
:10133000D4E9012118F805009047206A401C20627A
:10134000281EA5F10105F3DC2046FFF70EFB2078EF
:10135000000602D50220BDE8F0870120FBE700006F
:101360002DE9F04F04460D46D21D22F0070089B04A
:10137000D0E900974846394604F0FDFD0246F80FD3
:1013800001D02D2307E02068810701D52B2302E03F
:10139000202101EAC0038DF820300BB1012000E0CC
:1013A0000020032A824601D0072A04DB2946204672
:1013B00000F054F93FE12078800601D40D2500E0CB
:1013C000E569C7F30A560D2D49DA00214FEA175B8C
:1013D00008464FF00000002F00F4400007DA00EB51
:1013E00080004FF4400100EBD07001EA60008115ED
:1013F000012901DD4FF0FF3100224FEA850CBCF1DD
:10140000180F06D31346ACF118004FF08052C240BB
:1014100003E04FF4801323FA0CF30CF10C0CBCF135
:10142000200F04D3ACF1200C09FA0CF001E007FA0C
:101430000CF000294FF0004801DD18B90FE00ED183
:1014400040450CD319EB02095F4121B9404502D157
:101450009F4329EA0209BBEB175F00D0761C208866
:10146000000502D57B48784402E07A487844193870
:1014700008AA302302F80A30037C0AF10101002E89
:101480000AF1020A53546A4602DC4FF0300101E0CF
:101490004FF031014FF001088DF8001002D0A6F294
:1014A000FF3603E059EA470100D06B4E002D02DC05
:1014B0002178090704D54FF002082E218DF801107C
:1014C000C44600210BE0C7F303433F01C35C491C42
:1014D0006D1E02F80830052908F1010801DA002D17
:1014E000F1DC00210CE000EB1973491C1B786D1E28
:1014F000082902F808304FEA091908F1010801DA51
:10150000002DF0DC21688B0602D516E0A8F1010859
:10151000E04505DD02EB080313F8013C302BF5D064
:10152000B8F1000F09DD02EB080313F8013C2E2B84
:1015300003D1090701D4A8F10108002D05DD3E21E2
:1015400002F808106D1E08F10108407C002E02F818
:10155000080008F1010804DA2D20764202F808009C
:1015600002E02B2002F808000A214FF47A7086422C
:1015700008F101080BDB96FBF0F3303302F808307A
:1015800096FBF0F308F1010800FB136601E0642EFE
:101590000CDB642096FBF0F3303302F8083096FB46
:1015A000F0F308F1010800FB136601E00A2E06DBE8
:1015B00096FBF1F0303002F8080008F1010896FBC4
:1015C000F1F001FB1060303002F80800A16908F169
:1015D000010808EB050202EB0A00081AA061207856
:1015E000C00602D42046FFF7AAF9216A08AE01EB33
:1015F0000A00206204E0D4E9012116F8010B9047AB
:10160000BAF1010AF7D22078C00602D52046FFF7CA
:1016100096F96E4609E016F8010B3E280FD0D4E982
:1016200001219047206A401C2062B8F10108F2D2E3
:101630002046FFF79AF909B00320BDE8F08F206A31
:101640002844206203E0D4E90121302090476D1E38
:10165000EBD3F8E731D0000002FCFFFF2DE9F041A9
:101660001F46044603260168072A01F4006004DBD4
:1016700008B116A505E016A503E008B115A500E020
:1016800015A521F010002060A069C01EA0610FB157
:10169000401EA0612046FFF752F94FB1D4E9012165
:1016A00038469047206A401C2062C01C206206E039
:1016B000206AFAE7D4E9012115F8010B9047761E5C
:1016C000F8D22046FFF751F9BDE8F0814E414E00B7
:1016D0006E616E00494E4600696E660010B5436942
:1016E00013B1AFF3008001E0FFF762F9012010BDF4
:1016F000127800F124010A7000224A700122EDE7FD
:1017000011684FF0FF32E9E710B5436913B1AFF349
:10171000008001E0FFF704FC012010BD128800F1F9
:10172000240182840022C2840122EDE711684FF077
:10173000FF32E9E7426842B1016811F8013B23B189
:10174000521EC0E90012184670470121C160881E70
:10175000704742685AB1C368016843B983688B42D5
:1017600005D0491E521CC0E90012002070474FF0FE
:10177000FF3070472DE9F047814616468AB033485E
:1017800078440DC88DE80D0030487844801C03ACC7
:101790000DC884E80D0041F69B300844372190FBCA
:1017A000F1F290FBF1F5A5F1800501FB12041B3C61
:1017B00002D56442012000E00020DFF890A08046BE
:1017C0000027FA44AAF1BE0A0DE0E00709D032462C
:1017D000684607EB47010AEB810101F08CFB8DE8BD
:1017E000070064107F1C002CEFD1184F7F44AC3FE2
:1017F00018E0E80714D007EB04100DF1180A90E880
:101800000E008AE80E00C068F04201D198190890D5
:10181000324606A903A801F06EFB03AB83E807007C
:101820006D10641C002DE4D132466946B8F1000FFA
:1018300003A802D001F037FB01E001F05CFBC9E92D
:101840000001C9F808200AB0BDE8F087A8CD000063
:10185000007B00F08000704710B542485421FEF72D
:10186000F0FF41485421FEF7ECFF40485421FEF7B9
:10187000E8FF3F493B483C4A3F4B08603D490A600E
:101880003A491960531C0365481C1065012008651E
:101890003B48344A39A1784400F024FC20B9384848
:1018A00078440A3800F0C3FC37482F4A35A1784401
:1018B00000F018FC20B9344878440A3800F0B7FC2E
:1018C00032482A4A2FA1784400F00CFC20B92F4856
:1018D00078440A3800F0ABFC40232248DC000021A9
:1018E000224600F0DCFB20B125487844543800F053
:1018F0009EFC1D4822464023002100F0D0FB20B171
:1019000021487844543800F092FC184822461023AD
:10191000002100F0C4FB002806D01C487844BDE834
:101920001040563800F083BC10BD104870B5006DF3
:1019300020F001040B4800F04BFC0B4800F048FC81
:101940000A4800F045FC09E0206D20F00105204622
:1019500000F03EFC204606F092F82C46002CF3D115
:1019600070BD0000C0120020141300206813002076
:10197000A0060020A4060020A80600207200000097
:1019800006CA000077000000F4C90000E3C90000A7
:1019900070B516460C460546FEF7BEFF036893F881
:1019A0000101012806D0FF2C0FD8185D68B1012075
:1019B0002C7070BDD3F807013246214603F207139D
:1019C00003442846BDE8704018474FF0FF3070BD13
:1019D00000487047BC1300207546FFF7F9FFAE467C
:1019E00005006946534620F00700854618B020B52B
:1019F000FEF7DAFCBDE820404FF000064FF000078C
:101A00004FF000084FF0000B21F00701AC46ACE8A6
:101A1000C009ACE8C009ACE8C009ACE8C0098D4613
:101A2000704700002DE9FF4F064689B00878FF286F
:101A300006D0491C2D2805D000244FF0000908E0ED
:101A400000200CE00124F8E709EB8903491C00EBB6
:101A500043090878FF28F7D114B1C9F10000814685
:101A6000107800252C46AA4629462D2801D02B287F
:101A700004D1521C2D2813D0002082468B461078AA
:101A8000FF280FD04FF0000C0A21521CA5FB017853
:101A900004FB018105FB0C11C5194BEB0104EEE7BA
:101AA0000120EAE7002108464FF00000BAF1000FDC
:101AB00002D000EB80004008C0F38158B8F1010F5C
:101AC00001DD4FF0FF380C9809EB000755EA0400E0
:101AD00009D04FF0020917F5FA7F0BDA4FEACA7006
:101AE000C6E900B012E04FEACA70C6E900B00DB016
:101AF000BDE8F08FB7F5FA7F0DDDF0487844D0E906
:101B00000010C6E9001040EACA707060FFF77CFB65
:101B1000C0F80090EBE7391E02DAC8F1000200E0DD
:101B2000424600DA794206A8FFF724FE06AB93E8A6
:101B3000070003AB83E8070044F23E005BEA0401C0
:101B40000090584604D144F21E012C465D46009197
:101B5000210C0904014306D10099240444EA1544E8
:101B60002D041039009104F07F41014306D1009902
:101B7000240244EA15642D020839009104F07041F2
:101B8000014306D10099240144EA15742D01091F6F
:101B9000009104F04041014306D10099A40044EAB9
:101BA0009574AD00891E009104F00041084304D1F2
:101BB00000986D196441401E009042466846002F0F
:101BC000CDE9014503A902DD01F0A9F901E001F029
:101BD0007EF9BAF1000F04460D4601D084F00044AE
:101BE00040F2FF7724F00040284303D0C4F30A50AA
:101BF000B84212D1FFF708FBC0F80090C4F30A50B6
:101C0000B8420AD1AE487844D0E90010C6E90010C5
:101C100004F000410843706069E7C6E9005466E7D4
:101C20002DE9FF4F1F464FF0000A4FF0FF384546A1
:101C300091B0D7E90146CDF83CA0FFF7E1FAC068C2
:101C40000168405C1090B96912986D1C8847396A28
:101C5000814688470028F6D1B9F1FF3F0AD0002E0F
:101C600024F4D06411DDB9F12B0F08D0B9F12D0F98
:101C70000BD102E0404615B03AE744F48064B969FC
:101C800012986D1C8847761E8146600504A901D50F
:101C90002D2000E02B20002E01F1010B0DF130086A
:101CA0008DF810003FDDB9F1690F08D0B9F1490F87
:101CB00005D0B9F16E0F02D0B9F14E0F1CD13B46E1
:101CC00001A8009580E85002DDE912126FF00200D1
:101CD0000CF08BFAC11CCED10EE0B96912986D1CC4
:101CE000884781461398761E44F4007405600F9867
:101CF000401C002E0F9016DDB9F1300FEDD0B9F178
:101D0000780F02D0B9F1580F0DD10F9801280AD1E0
:101D10003B46CDE90054DDE91212001F02960CF09B
:101D200062FAC11CA7D1109989453ED144F08004C4
:101D300006E01399681CAAF1010A44F400740860D3
:101D4000B9696D1C1298761E884730288146F0D0FC
:101D50002BE01099894505D1200603D4761E44F066
:101D6000800418E0484604F05DFE08B3761E0DF1CD
:101D700023018B4544F4007408D2A9F130000BF81C
:101D8000010B200607D5AAF1010003E0200602D4CA
:101D90000AF101008246A00502D51399681C08606B
:101DA000B96912986D1C88478146002ED1DC53E03A
:101DB000002E51DDB9F1650F02D0B9F1450F4BD1BD
:101DC000A00549D5B9696D1C1298761E24F440749B
:101DD0008847002E81460CDD2B2804D0B9F12D0F49
:101DE00007D144F48074B96912986D1C8847761E37
:101DF0008146E00501D52D2100E02B2108F8011BCB
:101E0000CDF8008021E0761E0DF13901884544F4BB
:101E100000740CD2A9F1300010F0FF0088F8000027
:101E200002D10099884509D908F1010806E0E005CA
:101E300001D5244801E042F20F708246B969129838
:101E40006D1C8847814613980560002E04DD4846C6
:101E500004F0E8FD0028D6D1F96912988847FF20E0
:101E600053468BF8000088F8000000200A900B9081
:101E700004AA0CA90AA8FFF7D5FDA00502D46FF0AB
:101E80000100F8E614F0240F0AD0E00714D13868F6
:101E9000DDE90A12031D3B600068C0E900120BE097
:101EA0000AA9684604F09AF8E00705D13868009A54
:101EB000011D3960006802602846DCE6ECCF0000B6
:101EC000E2CE0000F1D8FFFF2DE9F04705460C46B1
:101ED000C86820F4201040F48000C860800602D555
:101EE000084600F07EFAE06841F282014FF0FF39C7
:101EF0000140022903D0204600F01CFAB5E000F4AE
:101F00002041B1F5004F0FD1C00306D56168E06AEA
:101F1000884200D80846606006E02069E0626060A0
:101F2000606904F0CEFEA061A0680022EEB2002835
:101F30000DDAE1688B050AD4C043A06041F490300B
:101F40002260E0606068411C61600670A5E0E068A6
:101F50009046226040F40050E060206968BB6069F0
:101F600004F0B1FE012704F12405A0B1A08910F40A
:101F7000407F08D0E06906F06CF9206118B1E06894
:101F800040F4006016E0E7612561E06820F44070ED
:101F900040F480600EE0E06906F05BF90028206103
:101FA000F1D0E06840F4006010F4407FE06002D1BE
:101FB00040F48070E06020696060E06825696FF03F
:101FC000010AC1051FD56168E06A884200D8084649
:101FD000411B04D02246284600F0B6F9F0BBE06869
:101FE000010203D5E562C4E9015854E0691CE162CD
:101FF0006160E16940F48030491EC4E90210304656
:102000002E70BDE8F087010202D500F480320AE0AC
:102010006068411C61600670E0680A2E40F4803000
:10202000E06006D00022E16A6068814203D90B4675
:1020300002E00122F7E70346A7895B1B7F0503D473
:10204000E7699F4200DDE2B1814200D80146E562C6
:102050000F1AC4E90158002B09DD00E005E0224613
:102060001946284600F070F908B14846C9E747B15B
:10207000A069E5626560C01BA061E06840F01000E7
:10208000E060E068000208D56168A069E562491B6C
:1020900008446560A0615046B3E73046B1E770B5CB
:1020A000C468A50713D0650211D4B2F5807F09D0AA
:1020B000B2F5007F06D0B2F5806F08D1012300F1A0
:1020C000240106E05D1E6FF07F46B54201D301207A
:1020D00070BD0161C361416024F470611143C1604E
:1020E000002070BD2DE9F0410C460746164610460B
:1020F00000F06EF82078611C61280AD0722802D0A6
:1021000077283CD102E00125002405E002250424C3
:1021100002E0082448F2020511F8010B2B2806D032
:10212000622809D011F8010C74280AD00BE045F0A0
:10213000030544F00204EFE745F0040544F0010410
:10214000EAE744F010043846214604F0C3FD411C80
:1021500015D00021316171604FF40071F560F161BB
:102160007061200704D530460222002100F066F895
:10217000306D40F0010030653046BDE8F081002050
:10218000FBE72DE9F0410D460646104C206DC107D6
:1021900004D0410804D020F00104F7E722460EE005
:1021A000542006F056F807000ED0206D47F00101CC
:1021B0000843542120653846FEF743FB3A4629463A
:1021C0003046BDE8F0418DE70020D6E7C012002080
:1021D0002DE9F04704464FF000094FF0FF37C5687E
:1021E000D4E90486A80707D0204600F0D7F8304687
:1021F00004F062FD002802DA3846BDE8F0872805C1
:1022000002D5404605F03BFC4C212046FEF719FB69
:10221000206D20F0010020654846EEE710B5044629
:10222000AFF300802046BDE81040FEF722B810B59D
:1022300000F0FEF8BDE8104000F0F4B82DE9F041E0
:10224000044616460D464769007B80072ED0384667
:1022500004F039FD50BB3EB3012E02D0022E25D131
:1022600004E0204600F028FB05441DE0384604F059
:1022700028FDE168002841F01001E16005DA204600
:1022800000F058F80120BDE8F081C9030BD5626861
:10229000E16A914200D81146A26911442269891A63
:1022A000814200DD08460544002D01DA0220EAE7FC
:1022B000E16A6068E268814206D29103E06203D578
:1022C00022F4003141F01002A6690027AE4213DC6F
:1022D000E16A814201D90B4600E0034603EB060C9C
:1022E0002369ACEB030CAC4506DD814201D98C4679
:1022F00000E084469C4505D1A760276042F020009D
:10230000A5620DE0AD1BE669AE1B8142A66000D957
:102310000846C01A281A20605819606022F0200070
:1023200003490840E060002084F84870ABE70000F3
:10233000BFCFD7FFC16821F4001141F08001C16017
:1023400000218160016070472DE9F0478146144605
:102350000E464FF0FF383248D5685769054209D01C
:102360003846A16904F0D2FC002811DB2C48C04398
:102370000540E5602B4632464946384604F0C8FC25
:10238000A16920F00042B21A11440028A16103D0D3
:102390002046FFF7CFFF4046BDE8F08770B5044602
:1023A0000569C06A6168884200D80846E16821F47E
:1023B0002011E160C90312D5A84208D02246411B72
:1023C0002846FFF7C1FF10B14FF0FF3070BD00206D
:1023D000E562C4E90150E06820F48030E06000204C
:1023E00070BD10B50446C06820F02000E060A16A0E
:1023F000A06988420DD02046FFF7D0FFE06820F4A6
:10240000405040F01000E060A06AA0612069E062E6
:10241000606044F24001E0688843E06010BD000065
:1024200010000200002801D004F048BC70470000F2
:1024300010B5014602A000F060FA012010BD0000B6
:1024400053494752545245443A2052656469726573
:1024500063743A2063616E2774206F70656E3A2052
:10246000000000002DE9FF4F1F464FF03C0987B0E8
:102470004FF00042DDE9141001F10108DDF858A029
:1024800002EA40500390002005908346054604462A
:102490000490B969461E08988847AAF1010A02907B
:1024A000BAF1000F3BDD02982E2815D0102100F064
:1024B00050FA00282EDB4FF0010B0599014317D08D
:1024C000B9F1000F0BDB4A46C11700F02FFA0543A4
:1024D0000C43A9F1040905E0012004900BE008B1C8
:1024E00045F0010501200590049820B9361D02E051
:1024F000049800B1361FB969089808F101088847A7
:10250000BBF1000FAAF1010A0290C9D00999C1F8E4
:102510000080C5E70298702808D0502806D0F969D5
:1025200008988847BBF1000F14D04FE000200290BC
:102530000120BBF1000F049009D0B969089808F197
:1025400001088847AAF10109B9F1000F07DCF96910
:10255000089888476FF001000BB0BDE8F08F2B287A
:1025600004D02D280CD14FF0FF300490B9690898A1
:1025700008F101088847A9F10109B9F1000FE6DD6A
:10258000411CE4D00A2100F0E4F90028DFDB0299C5
:1025900008F1010801EB810100EB41000290B969EB
:1025A000089888470A2100F0D4F9099AA9F101098D
:1025B000B9F1000FC2F8008001DD0028E7DAF969FF
:1025C000089888470499029800FB016655EA0400C0
:1025D00004D004F04041090002D006E0039898E0DE
:1025E000A40044EA9574AD00B61E04F00041080052
:1025F00002D16D196441761E159810F0240F03D096
:102600004FF00B095C4803E04FF028096FF07D00A4
:102610008246564507DAAAEB06018944B9F1410F13
:1026200001DD4FF0410901200021A9F1010200F074
:102630007DF9024628400B462140084301D0012184
:1026400000E00021501E029143F1FF31284021405B
:10265000084301D0012000E000200299834651EA9E
:102660000B014FD0002108464FF00000039900F401
:10267000400039B100EB80004FF4400100EBD07016
:1026800001EA60008015012802DD4FF0FF3000E014
:1026900013D0401C36D0029860B3BBF1000F0CD1B0
:1026A0004A460120002100F041F92840214008431A
:1026B00001D0012000E00020E0B101204A460021C5
:1026C00000F034F9034640190A4661412D1A8C4145
:1026D00011D3B9F1400F09DD159810F0240F02D085
:1026E000AAF1340603E0AAF1170600E0761C0025E3
:1026F0004FF0004406E05B1E42F1FF3220EA030582
:1027000021EA0204CAF10100B04206DA1B4903982B
:1027100008430190002000900EE0039AC4F3D321F7
:10272000E80A0A43164940EA44500A433146CDE9D3
:102730000002684603F0AAFC159810F0240F0BD095
:102740001598C00715D13868DDE90012031D3B60FC
:102750000068C0E900120CE002A8694603F03EFCE4
:102760001598C00705D13868029A011D39600068C4
:1027700002604046F0E6000002FCFFFF0000F07F30
:102780000000F03F2DE9FF4F92461D4685B04FF007
:102790000041DDE9124BDDE914727F1E01EA4B5066
:1027A000414940F0FF4940EA0108002122F02000A1
:1027B0004928049102D04E2828D04CE03BA00126A5
:1027C00007C88DE80700A9690698641C88477F1E22
:1027D000014606D41DF8060018B121F020018142FF
:1027E0000BD0E96906988847032E34D0082E32D0E2
:1027F0006FF0010009B0BDE8F08F761C032E01D008
:10280000082EE0D1601CCAF80000DCE7A969069830
:10281000641C88477F1E2AD420F02000412826D13E
:10282000A9690698641C88477F1E20D420F02000E8
:102830004E281CD1A9690698641C88477F1E48F45D
:10284000002849F48009CAF8004001D4282806D09D
:10285000E969069888475FEACB7012D022E0A9693F
:102860000698641C88477F1E01D4002803DAE969B2
:1028700006988847BCE72928F1D1641CCAF80040B3
:10288000E9E71BF0240F07D028680499031D2B608B
:102890000068C0E9001805E02868021D2A60006889
:1028A000C0F800902046A5E70000F07F494E464959
:1028B0004E4954590000000010B50146C268900707
:1028C00003D0900607D5886A0AE0FEF79DFC012137
:1028D0000160881E10BD8B69486818440B69C01AD6
:1028E00091F848301BB191F84910401A10BD1103FE
:1028F000FCD50028FADD401E10BD70B505460C461B
:102900000A2000E06D1C04F0B1FA35B128780028E7
:10291000F8D102E0641C04F0A9FA14B12078002870
:10292000F8D1BDE870400A2004F0A0BAB2F120034B
:102930000AD5C2F1200301FA02F120FA03F300FAEA
:1029400002F041EA0301704700FA03F14FF0000082
:1029500070473A2800D2303820F02002412A01D3B3
:10296000A2F13700884201D34FF0FF3070475FEA91
:10297000400C08BF91F0000F4FEA8C234FEAC122B0
:1029800043EA51514FEA1C5018BF00F5F0404FEA9E
:10299000300018BF41F000415FEA6C5C00F0298014
:1029A000BCF1FF3F08BF40F080407047130C06BFEA
:1029B00012044FF0100C4FF0000C130E04BF120263
:1029C0000CF1080C130F04BF12010CF1040C930F4F
:1029D00004BF92000CF1020CD30F04BF52000CF1A3
:1029E000010C11464FF00002A0F11F00A0EB0C00FB
:1029F000704711F0004F08BF704731F000413FF4BD
:102A0000D5AF0B0C06BF09044FF0100C4FF0000CB3
:102A10000B0E04BF09020CF1080C0B0F04BF0901D7
:102A20000CF1040C8B0F04BF89000CF1020CCB0FCE
:102A300004BF49000CF1010CCCF12003A0EB0C0009
:102A400022FA03F302FA0CF241EA030100F1010059
:102A5000704720F07F4C80EA030023F07F47ACEB07
:102A6000070303F57C5300F0004003F1FF032DE959
:102A700080494FEA154B09B44FEA144325EA0B4E3F
:102A800024EA03480FF2042606EB132749083E7890
:102A90005FEA320203FB0667C7F5000707FB06F68D
:102AA0004FEA54374FEAD64606F1020607FB066C9A
:102AB000CCF1005C4FEA1C472CEA074C07FB06F4FC
:102AC0000CFB06F504EB15464FEA961634BF0020C2
:102AD0004FF000404FEAD13706FB07FC4FEA1C4C91
:102AE0000CFB0BF7D21B03FB0CF761EB07010CFB94
:102AF0000EF7B0EB074072EB17420CFB08F734BF40
:102B0000A2EB0742B2EB074261EB17414FEA0C44DC
:102B10004FEA910706FB07FC4FEA1C4C0CFB0BF736
:102B2000B0EBC74072EB573203FB0CF734BFA2EB9C
:102B3000C742B2EBC74261EB57310CFB0EF7B0EB6B
:102B4000C70072EB57720CFB08F734BFA2EBC70249
:102B5000B2EBC70261EB5771039F4FEA816141EA13
:102B6000921104EBCC044FEAD1374FEA826206FBA4
:102B700007FC42EA90124FEA80604FEA1C4C0CFBC3
:102B80000BF7D21B03FB0CF761EB07010CFB0EF7F5
:102B9000B0EB074072EB17420CFB08F734BFA2EB17
:102BA0000742B2EB074261EB17414FEA8C554FEAFF
:102BB000910704EB9C2406FB07FC4FEA1C4C0CFB22
:102BC0000BF7B0EBC74072EB573203FB0CF734BF87
:102BD000A2EBC742B2EBC74261EB57310CFB0EF7D9
:102BE000B0EBC70072EB57720CFB08F734BFA2EBD7
:102BF000C702B2EBC70261EB577115EB4C254FEAE8
:102C0000816141EA92114FEA82624FEAD13742EA8A
:102C1000901206FB07FC44F100044FEA80604FEA83
:102C20001C4C0CFB0BF7D21B03FB0CF761EB0701F1
:102C30000CFB0EF7B0EB074072EB17420CFB08F7EA
:102C400034BFA2EB0742B2EB074261EB174115EB31
:102C50001C154FEA813141EA92414FEA823242EA41
:102C600090424FEA80304FEA0C7644F1000448EA83
:102C700003434EEA0B484FF0000EB2EB080C71EB29
:102C8000030724BF624639464EEB0E0E4FF0000B91
:102C90000018524149414BEB0B0BB2EB080C71EBA6
:102CA00003077BF1000B24BF624639464EEB0E0E44
:102CB0004FF0000B0018524149414BEB0B0BB2EBAC
:102CC000080C71EB03077BF1000B24BF6246394609
:102CD0004EEB0E0E51EA020718BF46F0010616EB46
:102CE0000E7655F1000254F1000103D5BDE88901CB
:102CF000BDE80088BDE88901BDE80048B619524129
:102D000041EB0101A3F10103704780807F7E7D7C50
:102D10007B7A7978777676757473727171706F6E6D
:102D20006E6D6C6C6B6A6A69686867666665646418
:102D3000636362616160605F5F5E5E5D5D5C5C5BA2
:102D40005B5A5A5959585857575656555555545411
:102D5000535352525251515050504F4F4F4E4E4D6F
:102D60004D4D4C4C4C4B4B4B4A4A4A4949494848BB
:102D700048474747474646464545454444444443FB
:102D800043434342424242414141000046EA064633
:102D9000A3F570534FEA164646EA42564FEAD2224E
:102DA00042EA415210B54FEAD121A3F1010300F0EC
:102DB00017F820F0004000F1010C00F0004701EB93
:102DC00000501146BCF5006F40EA070000D210BD6C
:102DD00002484FF0000140EA070010BD0000F07FFC
:102DE000002B26D4770021D01CB54FEA370703B457
:102DF0004FF010004FF010014FF000000FBCBDE885
:102E000010400BF1010BBBF1010F08BF5FEA170780
:102E100022BF12F1010211F101014FF0004143F113
:102E2000000300F0004043EA00007047F9D3570860
:102E3000DAE746EA064613F1400F4FEA16461FDD71
:102E400013F1200FDFBF16430A46002120335B42F7
:102E5000C8D0C3F1200746EA064602FA07F74FEA50
:102E6000164646EA0706C3F1200722FA03F201FAE2
:102E700007F721FA03F14FF0000342EA0702B1E736
:102E800046EA020646EA06464FEA164646EA0106C2
:102E9000BCBF46EA0646360C4FF000034FF0000276
:102EA0004FF000019EE72DE9C048934630B491E809
:102EB000380007C831EA400C48BF34EA430C03D558
:102EC000FFF7C7FDFFF78CFFF0BCBDE800882DE9D8
:102ED000C048934630B491E8380007C831EA400C46
:102EE00048BF34EA430C03D5FFF7B3FDFFF74EFFAD
:102EF000F0BCBDE800882DE9C048934630B491E8A5
:102F0000380007C810F0804F08BF13F0804F03D17E
:102F100000F019F8FFF764FFF0BCBDE800882DE968
:102F2000C048934630B491E8380007C810F0804F8D
:102F300008BF13F0804F03D100F005F8FFF726FF1C
:102F4000F0BCBDE8008820F07F4780EA030023F052
:102F50007F4C07EB0C03A3F57C5300F00040A3F17A
:102F6000FE0392F0000F00F0B38095F0000F00F028
:102F700077802DE901494FEA11404FEA144621EAD2
:102F8000004800FB06FC24EA064708FB06F607FBA0
:102F900008F800FB07F718EB06484CEB164C4FEA15
:102FA000124B18EB07484FEA15464CEB174022EA44
:102FB0000B4E0BFB06FC25EA06470EFB06F607FB4D
:102FC0000EFE0BFB07F71EEB064E4CEB164C4FF0BC
:102FD00000061EEB074E4CEB174B18EB0B0840F1AD
:102FE000000018EB0E0B58EB000840F100008F1AA0
:102FF0004FF000013CBFC943661B14BFB5EB040C86
:1030000000213CBFC943F61B4FEA17444EEA8E0E1F
:1030100027EA04454FEA1C4704FB07622CEA074CE9
:1030200005FB07F70CFB05F604FB0CFC16EB07464B
:1030300042EB174216EB0C4642EB1C421BEB06061A
:1030400058EB0202414146EA9E0601D5BDE80189DE
:10305000B619524141EB0101A3F10103BDE8018919
:103060004FEA14454FEA114724EA054621EA074C86
:1030700005FB07F406FB07F70CFB06F105FB0CFC50
:1030800011EB074144EB17444FEA124711EB0C4197
:1030900044EB1C4422EA074C05FB07F206FB07F74A
:1030A0000CFB06F605FB0CFC16EB074642EB174241
:1030B00016EB0C4642EB1C456A1854F1000148BF60
:1030C0007047B619524141EB0101A3F1010370476A
:1030D00095F0000F37D04FEA11424FEA144721EA2A
:1030E000024624EA074C02FB07F106FB07F70CFB3C
:1030F00006F402FB0CFC14EB074441EB17414FEACA
:10310000154714EB0C4441EB1C4125EA074C02FB2C
:1031100007F506FB07F70CFB06F602FB0CFC16EBAB
:10312000074645EB174516EB0C4645EB1C421219BA
:1031300051F1000148BF7047B619524141EB0101FE
:10314000A3F1010370474FEA14454FEA114724EAFF
:10315000054621EA074C05FB07F106FB07F70CFBC8
:1031600006F24FF0000605FB0CFC12EB074241EBA8
:10317000174112EB0C4251EB1C4148BF70479218AB
:1031800041EB0101A3F10103704710B508F0E0FE27
:10319000002010BD70B5044600688168C943C907A6
:1031A00016D1816821F00101816001F0FFF8054628
:1031B00009E001F0FBF8401B022804D92068806870
:1031C000C043C00706D020688068C043C007F0D065
:1031D000002070BDA06A40F01000A062E06A40F0DC
:1031E0000100E062012070BDF8B50026044600969B
:1031F00000688168C943C9072CD0816841F001018A
:103200008160154815490068B0FBF1F000E0401EF0
:1032100000900028FBD101F0C9F8054615E001F047
:10322000C5F8401B022810D920688068C043C00739
:103230000BD0A06A40F01000A062E06A40F00100EC
:10324000E06284F824600120F8BD20688068C043F3
:10325000C007E4D10020F8BD6805002040420F00FF
:1032600010B507F099F80121034803F091FABDE881
:10327000104007F0AFB80000D000002070B5314D0D
:103280002E1D6868846907F087F8304600F015FC49
:10329000C4F3021007283ED2DFE800F03D040A1014
:1032A00032323800D5F8D000401CC5F8D00032E0EA
:1032B000D5F8D400401CC5F8D4002CE0D5F8D800CF
:1032C000401CC5F8D80069688A6840F20150024283
:1032D0001C4800F1540001D103210EE08A6840F23D
:1032E00009531A4202D140F2031106E0896840F204
:1032F000115211420FD140F2032106F0ADFB0AE05A
:10330000D5F8DC00401CC5F8DC0004E0D5F8E0008E
:10331000401CC5F8E00004F07000C5F8EC00200E79
:1033200045F8B40FC4F30740686004F00700A860D4
:103330003068416841F004014160BDE8704007F029
:1033400049B800007C00002030B590F840500124BE
:10335000AC40C56B6C60046863604368102B036805
:1033600003D099600068C26030BD9A600068C16097
:1033700030BD10B507F010F8012000F01BFFBDE8CC
:10338000104007F027B810B507F006F84FF480603A
:1033900000F010FF4FF4006000F00CFF4FF480507D
:1033A00000F008FF4FF4005000F004FF4FF480409D
:1033B00000F000FF4FF4004000F0FCFEBDE81040BC
:1033C00007F008B810B506F0E7FF022000F0F2FEA3
:1033D000BDE8104006F0FEBF10B506F0DDFF04208A
:1033E00000F0E8FEBDE8104006F0F4BF10B506F0AE
:1033F000D3FF082000F0DEFEBDE8104006F0EABF73
:1034000010B506F0C9FF102000F0D4FEBDE8104052
:1034100006F0E0BF10B506F0BFFF202000F0CAFEA6
:10342000402000F0C7FE802000F0C4FE4FF4807002
:1034300000F0C0FE4FF4007000F0BCFEBDE810408C
:1034400006F0C8BFF8B50023009390F824201C466E
:10345000012A12D0012280F824204A681F26072A58
:103460000DD205686F6B521E02EB82029640B74385
:103470000E68964037436F6319E00220F8BD056877
:103480000D2A0AD22F6BD21F02EB82029640B7435D
:103490000E68964037432F6309E0EF6A0D3A02EB5E
:1034A00082029640B7430E6896403743EF620A683F
:1034B000072605680A2A0AD3EF680A3A02EB420295
:1034C0009640B7438E6896403743EF6008E02F6917
:1034D00002EB42029640B7438E68964037432F6115
:1034E0000A68102A01D0112A20D1124D0268AA427E
:1034F00017D195682D0219D4956845F4000595609B
:103500000968102912D10C490C4A0968B1FBF2F183
:1035100001EB8101490000E0491E00910029FBD127
:1035200004E0816A41F020018162012380F8244097
:103530001846F8BD002401406805002040420F00F5
:103540000068C06C704700002DE9F0414FF00006A4
:10355000040035467DD0A06A002728B9E76284F8C8
:103560002470204600F07EF82046FFF713FEA16A83
:10357000C90600D420B1A06A40F01000A06268E043
:10358000A16A21F4885141F00201A1626268E169F7
:10359000237B0A4346EA43010A43A1684FF480763D
:1035A000B14208D0012906D0002194F814C0BCF122
:1035B000010F02D00AE03146F7E7F3B1A36A43F006
:1035C0002003A362E36A43F00103E3622368D3F8B4
:1035D00004C02CF4694C4CEA010CC3F804C0216807
:1035E0008B68DFF874C003EA0C0313438B60A16897
:1035F000B1420BD0012909D00CE0DFF860C0A3690B
:103600000CEB43330B4343F40061DFE7218A0D05E4
:10361000A5F580152168CB6A23F470032B43CB6298
:10362000216889680E4B1940914208D1E762A16A6E
:1036300021F0020141F00101A162BDE8F081A06A20
:1036400020F0020040F01000A062E06A40F00100AB
:10365000E0620120F1E70000FDF7E1FF00E0FFFF7D
:10366000FE0E1FFF00B585B000210091019102916F
:10367000039100680E49884218D10E48816941F4CF
:1036800000718161816901F400710491816941F0E7
:10369000040181618069694600F0040004903820CB
:1036A000009003200190044800F090FD05B000BD9B
:1036B0000024014000100240000801402DE9F843B9
:1036C0004FF000080D460446CDF8008000F06EFE75
:1036D000074620688168C90508D5A06A40F0200027
:1036E000A06284F824800120BDE8F8834168C90500
:1036F00003D4C06A10F4700F29D0022000F034FF08
:103700003A490968B1FBF0F620680169384A11426C
:103710004FEA62024FEAA2131ED1C1684FEA621C4F
:1037200011EA0C0F18D10169114224D1C068184266
:1037300021D1142022E0681C09D025B100F036FE0A
:10374000C01BA84203D920680068800724D52068E0
:1037500000688007EFD52CE00169114202D1C168F1
:10376000194206D0026923490A4206D1C0680842BC
:1037700003D1542002E0292000E0FC2046430098B9
:1037800015E0681C10D025B100F010FEC01BA84247
:103790000AD90098B04207D2A06A40F00400A062A3
:1037A00084F8248003209FE70098401C0090B042DA
:1037B000E7D321686FF012000860A06A40F400703F
:1037C000A06220688068C0F3424007280CD1207BAB
:1037D00050B9A06A20F48070A062A06AC00403D42B
:1037E000A06A40F00100A06200207DE7680500208B
:1037F000244992244992240070B5044690F824008C
:1038000001280DD0012084F824002046FFF7ECFCAD
:1038100001004FF0000205D084F82420084670BD56
:10382000022070BDA06A40F20123984340F48070EA
:10383000A0621F4D20681F4BA84218D11E6816F4C5
:10384000702F14D0A66A46F48016A6621E6876050C
:1038500005D5A66A26F4005646F48056A662A66AE6
:10386000F6040AD5E66A26F00606E66206E0A66ACF
:1038700026F48016A6624668E9E7E26284F824200E
:103880006FF00202026020688268C2F34242072A97
:1038900005D1A84208D11A6812F4702F04D08268AA
:1038A00042F480128260B9E7826842F4A002F9E72C
:1038B000002801400424014010B590F8203002682F
:1038C000012B07D0022B05D0416A41F480214162CF
:1038D000012010BDD2F8000240F00100C2F8000241
:1038E000087D00F01F0301209840D2F81C3283436A
:1038F000C2F81C32CB69B3B9D2F80C328343C2F898
:103900000C328C894B6864F31F434C6902EBC4048E
:10391000C4F840320C890B6864F31F434C6902EB16
:10392000C404C4F84432CB69012B16D1D2F80C324E
:103930000343C2F80C320C884B6864F31F434C6994
:1039400002EBC404C4F840320C89CB6864F31F4313
:103950004C6902EBC404C4F844328B69002BD2F8E2
:1039600004320ED00343C2F804320B69002BD2F8A4
:10397000143208D00343C2F81432096A012904D072
:1039800008E08343EFE78343F5E7D2F81C120143D5
:10399000C2F81C12D2F8000220F00100C2F80002A6
:1039A000002010BD0068416948F67F7211434161F3
:1039B00070470246002092F82030012B01D0022BE4
:1039C00004D1106819B1006900F003007047C068A5
:1039D000FAE730B590F82040012C05D0022C03D036
:1039E000416A41F480215DE00468002955D02469D2
:1039F000A40754D04FF4D874056804EB01142D5972
:103A000015F00405956005682D594ED0ED085560F8
:103A100005682C5904F00204D4604FF4DA74056888
:103A200004EB01142D5905F00F05156105682D599A
:103A3000C5F30725956105682C59240C54614FF492
:103A4000DC72046802EB0112A4581C700468A458CC
:103A5000240A5C700468A458240C9C700468A25862
:103A6000120EDA704FF4DE72046802EB0112A458F1
:103A70001C710468A458240A5C710468A458240CBE
:103A80009C710468A258120EDA71006881B1016954
:103A900041F020010161002030BDE468A8E7416ADF
:103AA00041F400114162012030BD6D0D1560AFE79A
:103AB000C16841F02001C160EDE72DE9F05F0546E6
:103AC000006800244669D0F804908768D0F80CB0EC
:103AD000D0F810A0D0F81880F10748D0F90714D01A
:103AE00001218160B80703D5284600F0D8F90CE021
:103AF000780702D54FF4006407E0380702D54FF489
:103B0000805402E0284600F0C9F9F80516D5296866
:103B10004FF480708860B80503D5284600F0C1F9DD
:103B20000CE0780502D544F4005407E0380502D5CE
:103B300044F4804402E0284600F0B2F9F80316D5B8
:103B400029684FF480308860B80303D5284600F018
:103B5000AAF90CE0780302D544F4004407E03803E6
:103B600002D544F4803402E0284600F09BF9300787
:103B700007D55FEACB6004D52968102044F40074AF
:103B8000C86070074FF0080707D55FEA0B7004D5CF
:103B90002868C760284600F051F9B00706D52868A4
:103BA000C068800702D0284600F049F9700607D5A2
:103BB0005FEACA6004D52968102044F48064086173
:103BC000B00607D55FEA0A7004D528680761284661
:103BD00000F036F9F00606D528680069800702D0A3
:103BE000284600F02EF9B00308D55FEAC96005D574
:103BF000296810204860284600F024F9F00307D512
:103C00005FEA097004D528684760284600F04CF93F
:103C1000300446D55FEA497040D5F00504D55FEA27
:103C2000C87001D044F00104B00504D55FEA887083
:103C300001D544F00204700504D55FEA487001D54F
:103C400044F00404300529D518F0700F26D008F090
:103C50007000402815D006DC102809D020280AD092
:103C6000302816D10AE050280ED0602811D10EE07D
:103C700044F008040DE044F010040AE044F020048D
:103C800007E044F0400404E044F0800401E044F420
:103C900080742868816921F070018161296804209D
:103CA0004860002C05D0686A204368622846FFF708
:103CB00079FEBDE8F09F70B5040003D094F82000B1
:103CC00010B104E0012070BD204600F081F82068AA
:103CD000016841F00101016000F068FB054605261E
:103CE00004E000F063FB401B0A2811D820684068FC
:103CF000C007F6D02068016821F00201016000F0E1
:103D000055FB05460BE000F051FB401B0A2806D985
:103D1000606A40F40030606284F82060D2E7206876
:103D200040688007EFD4207E0128206801683DD0DC
:103D300021F080010160607E01282068016838D090
:103D400021F040010160A07E01282068016833D085
:103D500021F020010160E07E0128206801682ED05A
:103D600041F010010160207F01282068016829D0FE
:103D700021F008010160607F01282068016824D0DB
:103D800021F004010160D4E902010843D4E90412DE
:103D9000114308436168491E08432168C861002037
:103DA0006062012084F82000002070BD41F0800195
:103DB000C0E741F04001C5E741F02001CAE721F02A
:103DC0001001CFE741F00801D4E741F00401D9E741
:103DD00010B586B000210091019102910391006815
:103DE0001349884222D11348C16941F00071C16171
:103DF000C16901F000710491816941F004018161A0
:103E000080690D4C00F0040004904FF400600090B5
:103E10006946204600F0DAF9A114009102210191CF
:103E2000032103916946204600F0D0F906B010BD89
:103E300000640040001002400008014070477047D5
:103E400070477047704770B5044690F8200001280D
:103E500004D0606A40F40020606217E0022084F819
:103E600020002068016821F00101016000F09EFA45
:103E700005460DE000F09AFA401B0A2808D9606A4E
:103E800040F400306062052084F82000012070BDFD
:103E900020684068C007EDD1606270BD7047704710
:103EA0007047704770477047704710B590F8211001
:103EB0000022022905D00421816380F820200120FE
:103EC00010BD01680B6823F00E030B6001680B68DE
:103ED00023F001030B6090F84030012404FA03F151
:103EE000C36B596080F8214080F82020104610BD37
:103EF00010B590F821100024022903D00421816319
:103F000001243DE001680A6822F00E020A6001689F
:103F10000A6822F001020A601A4A0168914201D13E
:103F2000012121E0174A1432914201D110211BE0F6
:103F3000144A2832914201D1891515E0114A3C32C8
:103F4000914201D189140FE00E4A5032914202D1C0
:103F50004FF4803108E00B4A6432914202D14FF4B1
:103F6000801101E04FF08071064A083A516001214A
:103F700080F82110002180F82010416B01B18847A2
:103F8000204610BD0800024010B528B301680A6839
:103F900022F001020A60026800211160026851608B
:103FA000026891600268D1600C4B026801241A44D7
:103FB0001423B2FBF3F29200094BC0E90F32944094
:103FC0005C608162C16201634163816380F821109A
:103FD00080F82010002010BD012010BDF8FFFDBFAB
:103FE0000000024030B528B302C8134A14230A4423
:103FF000B2FBF3F29200C263104A8263022242775C
:104000000B6843F6F0729343D0E900242243D0E9D1
:1040100002452C43224304692243446922438469B4
:1040200022431A430A60002141630122427701774B
:10403000084630BD012030BDF8FFFDBF0000024042
:1040400070B5044690F82000002501280CD001200E
:1040500084F8200094F821600020012E06D084F816
:1040600020000225284670BD022070BD022684F87B
:104070002160A0632068066826F0010606602046DD
:10408000FFF762F9E06A00282068016802D041F079
:104090000E0106E021F0040101602068016841F092
:1040A0000A0101602068016841F001010160D9E75F
:1040B0002DE9F0430022DFF8C0904FF00F0C55E0DF
:1040C000012393400B404FD022F003054D44AC68D0
:1040D0009607370F0CFA07F606EA0408274CA042A9
:1040E00001D100240FE0264CA04201D101240AE0B6
:1040F000244CA04201D1022405E0234CA04201D16E
:10410000032400E00424BC40444512D1AC68B4430D
:10411000AC601E4C25689D432560241D25689D4389
:104120002560241D25689D432560241D25689D4329
:104130002560FF2B01D8044601E000F104044FEA9A
:10414000820501D9A5F1200526680CFA05F726EAB3
:1041500007064FF0040707FA05F746EA0706266048
:10416000C46824EA0304C46002F1010231FA02F3D4
:10417000A6D1BDE8F0830000000001400008014026
:10418000000C0140001001400014014000040140F7
:1041900010B502F086FE00EB4001054800EB8100FF
:1041A0004168002903D08068BDE81040084710BD71
:1041B000E8010020044910B50A68024202D00860F4
:1041C000FFF7E6FF10BD0000140401402DE9F84F91
:1041D000DFF8A491002409F1040A0AF1040B234634
:1041E0004FF00F080BF1040EBEE00127A7403A4044
:1041F000BA4272D1DFF884C14D68A5EB0C06654563
:104200002BD00DDC032D34D005DC35B3012D19D0B6
:10421000022D2FD11BE0112D16D0122D2AD119E01D
:10422000B6F5881F19D006DCB6F5803F15D0B6F577
:10423000801F1FD111E0B6F5001F0ED0B6F5041F88
:1042400018D10AE0CB6815E0CB681B1D12E0CB68E3
:1042500008330FE0CB680C330CE08B682BB1012BDB
:104260004FF0080303D0476104E0042302E0076134
:1042700000E00023FF2A01D8064601E000F1040611
:104280004FEA840501D9A5F12005376808FA05FC35
:1042900027EA0C0703FA05F547EA050737604D687A
:1042A000ED0060D5364DAE6946F00106AE61AD69F0
:1042B00024F0030605F001050095324D7719BE681C
:1042C000A5072D0F08FA05FC26EA0C06DFF8B8C092
:1042D000604503D14FF0000C17E044E0DFF8ACC0BC
:1042E000604502D14FF0010C0FE0DFF8A4C060453B
:1042F00002D14FF0020C08E0DFF898C0604502D10F
:104300004FF0030C01E04FF0040C0CFA05FC4CEAF2
:10431000060CC7F808C04D68D9F80060ED034D469B
:1043200001D5164300E096432E604D68DAF8006030
:10433000AD03554601D5164300E096432E604D6807
:10434000DBF80060ED025D4601D5164300E09643C0
:104350002E604D68DEF80060AD02754601D516434B
:1043600000E096432E60641C0A6832FA04F57FF47C
:104370003CAFBDE8F88F00000004014000001110C0
:10438000001002400000014000080140000C014004
:1043900000100140001401408068084000D0012056
:1043A00070470AB1016170470904FBE700B54FF09F
:1043B000E0200069C00301D500F044F8014800681E
:1043C00000BD00007405002001480068704700002F
:1043D000E8F7FF1F0148006870470000ECF7FF1F77
:1043E00070B5040011D021684CF6CC4008602168FB
:1043F00045F255500860D4E9000141602168A06889
:104400008860FFF7D3FF05460CE0012070BDFFF781
:10441000CDFF401B272805D92068C068800701D040
:10442000032070BD2068C0688007F0D121684AF67B
:10443000AA200860002070BD00684AF6AA21016029
:104440000020704703480168034A12681144016064
:104450007047000074050020E0010020074810B5F7
:10446000016841F010010160032000F06BF80020AA
:1044700000F006F800F00AF8002010BD002002400D
:1044800010B505F0EFFD002010BD00000C4808B588
:10449000816941F001018161816901F001010091AF
:1044A000C16941F08051C161C069064900F0805086
:1044B0000090486820F0E06040F00070486008BD5F
:1044C000001002400000014000280DDB00F01F0238
:1044D000012191404009800000F1E020C0F88011E6
:1044E000BFF34F8FBFF36F8F7047002809DB00F0D9
:1044F0001F02012191404009800000F1E020C0F836
:1045000000117047F0B40E4B1B68C3F30223C3F1D4
:104510000704042C00D904241D1D072D01D20023FB
:1045200000E0DB1E012606FA04F56D1E0D409D40DD
:104530009E40761E164045EA0601F0BC01F02FBDF4
:104540000CED00E0064A00F0070110684FF6FF038B
:10455000184040EA012003490843106070470000FA
:104560000CED00E00000FA0510B5014627A086B06A
:104570001DC88DE81D0029A0294C0068049000206A
:10458000012922D0022938D010291CD16168226863
:10459000D20118D5C1F38342C9031DF8020009D521
:1045A000616804AAC1F34041515C1E4AB2FBF1F1BB
:1045B000484301E01C4948436168490203D4400074
:1045C0000321B0FBF1F006B010BD216AC1F3012256
:1045D000012A03D1890701D5D003F4E7022A05D1C6
:1045E000616A890702D549F64040ECE7032AEAD11F
:1045F00021688903E7D50D48E5E700F059F96168BE
:10460000C1F38131491C4900DBE7000002030405C6
:10461000060708090A0B0C0D0E0F1010010200000E
:1046200000100240001BB70000093D00366E01007B
:104630002DE9F84304460078344FC00752D0F8699A
:104640000025C00008D4F86940F08050F861F8698E
:10465000012500F0805000902D480168C90511D453
:104660000168804641F480710160FFF79FFE0646B5
:1046700004E0FFF79BFE801B642822D8D8F80000D6
:10468000C005F6D5386A10F4407020D0A18801F436
:10469000407181421BD0386A1E49012220F44070CB
:1046A0000A6000220A603862C00710D0FFF77EFE61
:1046B000064641F2883807E0FFF778FE811B414546
:1046C00002D90320BDE8F883386A8007F4D5386A38
:1046D000616820F44070084338621DB1F86920F029
:1046E0008050F8612078800705D57868A16820F4AB
:1046F0004040084378602078C00605D57868E168B6
:1047000020F48000084378600020DBE700100240BE
:1047100000700040400442422DE9F0470D4604007D
:1047200067D0DFF81881D8F8000000F00700A84231
:104730000CD2D8F8001021F007012943C8F8001066
:10474000D8F8000000F00700A84252D120683C4E83
:10475000810712D5400703D5706840F4E0607060AF
:104760002078000703D5706840F46050706070686E
:10477000A16820F0F000084370602078C00727D0BF
:104780006068012810D03168022810D089070029FC
:104790002FDA716821F0030101437160FFF706FE13
:1047A000074641F288390CE031688903EFE7890157
:1047B000EDE7FFF7FBFDC11B494502D90320BDE82A
:1047C000F0877068616800F00C00B0EB810FF0D1E9
:1047D000D8F80010404601F00701A9420BD9016842
:1047E00021F0070129430160006800F00700A8429A
:1047F00001D00120E3E72078400705D57068E16823
:1048000020F4E060084370602078000706D57068E7
:10481000216920F4605040EAC100706000F058F84F
:104820007168084AC1F30311515CC8400649086029
:1048300006480068FFF724FE0020C0E70020024081
:1048400000100240FEE3000868050020700500200B
:104850000F2202600C4A536803F00303436053685D
:1048600003F0F0038360536803F4E063C3605268AD
:104870004FF4E06303EAD20202610448006800F0EA
:10488000070008607047000000100240002002404E
:104890000448054900684968044AC1F30221515C93
:1048A000C840704768050020001002400EE4000870
:1048B0000448054900684968044AC1F3C221515CB3
:1048C000C840704768050020001002400EE4000850
:1048D00013A085B00FC88DE80F0015A0154A006819
:1048E0000490516801F00C00042804D0082804D07A
:1048F000114805B070471148FBE7C1F38343C90372
:104900001DF8030009D5516804AAC1F34041515C68
:104910000A4A5043B0FBF1F0EBE709494843E8E7A6
:1049200002030405060708090A0B0C0D0E0F1010F0
:10493000010200000010024000127A00001BB700C4
:1049400000093D002DE9F84F04006FD02078BE4DDE
:10495000C00747D06868C0F38100012807D06868A5
:10496000C0F38100022809D16868C00306D5286811
:10497000800337D560680028E7D033E06068B0F581
:10498000803F0BD010B1B0F5A02F11D0286820F4D3
:1049900080302860286820F4802002E0286840F4F5
:1049A00080302860606888B1FFF700FD064609E0A6
:1049B000286840F480202860F0E7FFF7F7FC801BB0
:1049C000642873D828688003F7D50BE0FFF7EEFC66
:1049D000064604E0FFF7EAFC801B6428F1D828684B
:1049E0008003F7D42078DFF8648280074FF0010A53
:1049F0004FF0000939D5686810F00C0F07D06868CF
:104A0000C0F38100022809D16868C00306D4286871
:104A1000800714D52069012808D110E02069B0B1C1
:104A2000C8F800A0FFF7C2FC064605E007E1FFF763
:104A3000BDFC801B0228C4D828688007F7D52868E9
:104A4000616920F0F80040EAC10028600DE0C8F874
:104A50000090FFF7ABFC064604E0FFF7A7FC801BC5
:104A6000022823D828688007F7D4207800072CD59F
:104A70007748A169D9B1C0F800A0FFF797FC0646B6
:104A800004E0FFF793FC801B02280FD8686A8007B8
:104A9000F7D570484FF4FA510068B0FBF1F0009080
:104AA00000BF0098411E0091FAD20EE07CE0C0F8F1
:104AB0000090FFF77BFC064604E0FFF777FC801BC5
:104AC000022871D8686A8007F7D4207840075BD540
:104AD000E8690027C00008D4E86940F08050E86128
:104AE000E869012700F0805000905B480168C90523
:104AF00011D40168834641F480710160FFF756FCD0
:104B0000064604E0FFF752FC801B64284CD8DBF813
:104B10000000C005F6D5E06801280AD008B10528D4
:104B200013D0286A20F001002862286A20F00400CF
:104B300002E0286A40F001002862E06841F2883B08
:104B400088B1FFF733FC064609E0286A40F004000C
:104B50002862EEE7FFF72AFC811B59455BD8286ADB
:104B60008007F7D50BE0FFF721FC064604E0FFF7CE
:104B70001DFC811B59454ED8286A8007F7D41FB108
:104B8000E86920F08050E861E069A8B36968C1F382
:104B90008101022946D00228484606D0C8F86000A4
:104BA000FFF704FC044639E035E04746C8F86000EA
:104BB000FFF7FCFB064604E0FFF7F8FB801B02282A
:104BC00029D828688001F7D4206AB0F5803F05D144
:104BD0006868A16820F4003008436860D4E90801DF
:104BE0000843696821F4741108436860C7F860A03D
:104BF000FFF7DCFB044605E023E0FFF7D7FB001BD3
:104C0000022808D828688001F7D51AE0FFF7CEFB04
:104C1000001B022802D90320BDE8F88F2868800114
:104C2000F4D40EE00128F7D06868226A00F48031DD
:104C3000914204D1616A00F47010884201D00120D1
:104C4000EAE70020E8E700000010024000004242CE
:104C500080044242680500200070004010B5401EEC
:104C6000B0F1807F01D3012010BD4FF0E0246061DE
:104C70000F21601701F093F90020A0610720206147
:104C8000002010BD7047704770B590F83C20012A95
:104C900026D0012580F83C50022280F83D20026891
:104CA0005368946823F070060B68334353600D4BD0
:104CB00002689A4208D0B2F1804F05D00A4B9A425E
:104CC00002D00A4B9A4204D1496824F08003194368
:104CD000916080F83D50002180F83C10084670BD7E
:104CE000022070BD002C014000040040000800407C
:104CF00010B5044649B104290AD008290BD094F80C
:104D0000450001280AD0012010BD94F84200F8E7C0
:104D100094F84300F5E794F84400F2E7022031B339
:104D2000042927D0082928D084F8450004222068C7
:104D300000F039FE2068416C41F4004141641049A3
:104D40002068884208D0B0F1804F05D00D498842D4
:104D500002D00D49884204D1816801F0070106297B
:104D600003D0016841F001010160002010BD84F80A
:104D70004200DBE784F84300D8E784F84400D5E735
:104D8000002C0140000400400008004070B50446BB
:104D90000D460068002200F006FE2068026A41F21B
:104DA00011131A4240F2444106D1026A0A4203D169
:104DB000426C22F4004242642068026A1A4206D120
:104DC000026A0A4203D1016821F001010160012059
:104DD0003DB1042D08D0082D09D084F845000020ED
:104DE00070BD84F84200FAE784F84300F7E784F8DE
:104DF0004400F4E710B5040003D094F83D0010B16E
:104E000007E0012010BD002084F83C00204600F09F
:104E10001FF8022084F83D00211D206800F080FD6D
:104E2000012084F8460084F83E0084F83F0084F8AE
:104E3000400084F8410084F8420084F8430084F87C
:104E4000440084F8450084F83D00002010BD0000B7
:104E500008B500680B4A0C49904207D1C86940F078
:104E60000200C861C86900F0020009E0074A9042E8
:104E700007D1C86940F00400C861C86900F00400A7
:104E8000009008BD000400400010024000080040EF
:104E900090F83D10012901D001207047022180F8CF
:104EA0003D100168CA6842F00102CA6000680B49FF
:104EB000884208D0B0F1804F05D00949884202D01D
:104EC0000849884204D1816801F00701062903D00E
:104ED000016841F00101016000207047002C014091
:104EE00000040040000800400168CA6822F0010286
:104EF000CA6001680A6A41F211131A4207D10A6AAC
:104F00009B101A4203D10A6822F001020A600121B3
:104F100080F83D100020704770B5044690F83C00C2
:104F2000012817D0012584F83C50022084F83D0068
:104F30002068826822F0770222F47F42826008684B
:104F4000502830D00DDC20284DD005DC98B3102837
:104F50003BD148E0022070BD302844D0402834D1F5
:104F600039E0602828D0702806D0B0F5805F2CD0BA
:104F7000B0F5005F29D10AE0CB68D1E901212068B2
:104F800000F01EFD2068816841F0770109E0CB68E0
:104F9000D1E90121206800F013FD2068816841F407
:104FA0008041816011E0CA684968206800F0C2FD54
:104FB0005021206807E016E0CA684968206800F0C0
:104FC000CAFD6021206800F005FD84F83D500020F6
:104FD00084F83C0070BDCA684968206800F0AAFDEA
:104FE00040212068EFE7226801461046EBE7704752
:104FF00070B50446006801694FF00005C943890790
:1050000015D4C168C943890711D4E91E0161012083
:105010002077206880698007204602D0FFF7E7FFED
:1050200004E000F0D1F8204600F060F92577206810
:105030000169C943490717D4C168C943490713D453
:105040006FF004010161022020772068806910F46C
:10505000407F204602D0FFF7CAFF04E000F0B4F81A
:10506000204600F043F9257720680169C943090704
:1050700016D4C168C943090712D46FF00801016151
:10508000042020772068C0698007204602D0FFF7FF
:10509000AEFF04E000F098F8204600F027F92577ED
:1050A00020680169C943C90617D4C168C943C90644
:1050B00013D46FF010010161082020772068C069C7
:1050C00010F4407F204602D0FFF791FF04E000F08B
:1050D0007BF8204600F00AF9257720680169C9436A
:1050E000C90708D1C168C943C90704D1891E016134
:1050F000204600F085F920680169C943090609D4F2
:10510000C168C943090605D46FF0800101612046DA
:10511000FFF7B8FD20680169C943490609D4C16891
:10512000C943490605D46FF040010161204600F0F3
:1051300073F920680169C94389060BD4C168C94362
:10514000890607D46FF0200101612046BDE8704058
:10515000FFF799BD70BD000010B586B00021009129
:1051600001910291039100681349884221D11348AB
:10517000816941F004018161816901F004010491B8
:10518000816941F0080181618069022400F0080012
:105190000490C020CDE90004694609480394FFF754
:1051A00015F80320CDE90004694606480394FFF78B
:1051B0000DF806B010BD00000004004000100240D1
:1051C00000080140000C0140704770B5044690F89B
:1051D0003C000D4601280AD0012084F83C0042B171
:1051E000042A18D0082A2AD00C2A4DD139E00220EE
:1051F00070BD206800F0F6FB2068816941F008016D
:1052000081612068816921F00401816120688169E0
:105210002A69114311E0206800F010FC20688169C0
:1052200041F4006181612068816921F480618161BC
:10523000206881692A6941EA0221816124E02068AD
:1052400000F02AFC2068C16941F00801C1612068B2
:10525000C16921F00401C1612068C1692A69114353
:1052600011E0206800F044FC2068C16941F400614D
:10527000C1612068C16921F48061C1612068C16990
:105280002A6941EA0221C161002084F83C0070BD16
:1052900010B5040003D094F83D0010B107E00120E0
:1052A00010BD002084F83C00204600F01EF80220CB
:1052B00084F83D00211D206800F032FB012084F8B5
:1052C000460084F83E0084F83F0084F8400084F8EB
:1052D000410084F8420084F8430084F8440084F8D4
:1052E000450084F83D00002010BD70477047000065
:1052F00010B5044649B104290AD008290BD094F806
:10530000410001280AD0012010BD94F83E00F8E7C2
:1053100094F83F00F5E794F84000F2E7022041B32B
:10532000042929D008292AD084F8410001222068C4
:1053300000F02CFB13492068884203D1426C42F4F0
:10534000004242642068884208D0B0F1804F05D006
:105350000D49884202D00D49884204D1816801F08C
:105360000701062903D0016841F001010160002016
:1053700010BD84F83E00D9E784F83F00D6E784F8F2
:105380004000D3E7002C014000040040000800402A
:1053900030B504460D460068002200F0F7FA174ABF
:1053A00041F2111120688B10904209D1026A0A4221
:1053B00006D1026A1A4203D1426C22F400424264CE
:1053C0002068026A0A4206D1016A194203D10168C3
:1053D00021F00101016001203DB1042D08D0082D0C
:1053E00009D084F84100002030BD84F83E00FAE77F
:1053F00084F83F00F7E784F84000F4E7002C014010
:1054000000680349884202D1024804F017B9704786
:1054100000080040A80200207047704710B5040043
:1054200014D0242084F83D002068C16821F4005184
:10543000C160204600F046F90020206484F83D0059
:1054400084F83E0044F8300F207310BD012010BDD9
:1054500070470000F8B5026804461068D1685369C7
:1054600010F00F0F4FF0000553D003F0010601F4C8
:10547000907737435FD0C20705D0CA0503D5226CA9
:1054800042F001022264420705D5DA0703D0226CFC
:1054900042F002022264820705D5DA0703D0226CAB
:1054A00042F004022264020707D501F020023243D1
:1054B00003D0226C42F008022264226C002A34D00D
:1054C000800604D5880602D5204600F0FAFB206845
:1054D0004069216CC0F38010090700D430B3204626
:1054E00000F0CEFB2068416949061BD5416921F0D7
:1054F00040014161A06BA8B158494163A06BFEF720
:10550000F7FC002811D0A06B416B01B0BDE8F04062
:10551000084783060FD58B060DD52046BDE8F84019
:1055200000F0CFBB2046FFF793FFF8BD2046FFF702
:105530008FFF2564F8BD266B2023012E52D1C606AD
:1055400050D5CE064ED51068506800905069400680
:105550002AD5A16B086840680004000CEAD0A68D2B
:105560008642E7D9E0858869202818D0D06820F4E1
:105570008070D0602068416921F00101416120689C
:10558000416921F04001416184F83E302563206883
:10559000C16821F01001C160A06BFEF786FCA08DF0
:1055A000E18D401A81B219E0A08DE18D401A81B2DF
:1055B000E08D0028BED00029BCD0D06820F49070C7
:1055C000D0602068426922F00102426184F83E30D6
:1055D00025632068C26822F01002C2602046FFF7EF
:1055E0001CFFF8BD05062BD50D0629D594F83D0006
:1055F0002128F6D1A068B0F5805F01D12069B0B153
:10560000206A411C2162216800784860E08C401EBD
:105610000004000CE084E4D12068C16821F080011E
:10562000C1602068C16841F04001C160F8BD206AD6
:105630000088C0F308005060206A801C2062E5E703
:105640004006F3D54806F1D5D168204621F0400147
:10565000D16084F83D3000F0DFF8F8BD7B5B0008D6
:1056600070B5040004D094F83D00002510B106E0A8
:10567000012070BD84F83C50204600F039F8242009
:1056800084F83D002068C16821F40051C1602046C3
:1056900000F072FB2068016921F4904101612068EB
:1056A000416921F02A0141612068C16841F400513B
:1056B000C1602564202084F83D0084F83E0000206D
:1056C00070BD000000680749884209D10648816919
:1056D00021F4804181614FF4C0610448FEF7E8BCC9
:1056E00070470000003801400010024000080140EF
:1056F00030B585B0002400940194029403940068AE
:105700001449884224D11448816941F4804181615F
:10571000816901F480410491816941F00401816152
:1057200080690E4D00F0040004904FF4007000906A
:10573000022001900320039069462846FEF746FDAB
:105740002815CDE90004694628460294FEF73EFD7F
:1057500005B030BD00380140001002400008014093
:1057600090F83E30202B0ED159B152B190F83C3018
:10577000012B08D0012380F83C300023036300F0A4
:1057800057BB0120704702207047D83001F0D4BFCA
:10579000D83001F0D1BF0000F7B5044690F83D00C5
:1057A000202831D1019969B362B394F83C000128F3
:1057B0002AD0012084F83C002162A284E2840025E2
:1057C0002564212084F83D00636B10489862636B68
:1057D0000F48D862636B0F481863606B13464563CC
:1057E0002668606B321DFEF72BFC21686FF04000CD
:1057F000086084F83C502068416941F080014161B3
:105800000020FEBD0120FEBD0220FEBD495C000857
:10581000775C00088B5B000870B500F1D805044682
:10582000FAF736FD0146D4F8900044680846FAF7C6
:1058300033FD002C05D12846BDE87040042104F05A
:1058400031BB70BD704710B504F0A6FD4FF0E020ED
:105850000069C00301D5FEF7F5FD06F0A5F8BDE827
:10586000104004F0B7BD000030B593B02821684661
:10587000FAF7E7FF14210AA8FAF7E3FF00240F94D0
:105880000920012110940090119412944FF480305B
:1058900004910691CDE901040225CDE907500001EC
:1058A00009906846FFF74EF818B1262111A000F0C4
:1058B00061FB0F20CDE90A054FF48060CDE90C4073
:1058C00002210AA80E94FEF727FF18B1342109A07F
:1058D00000F050FB4FF4004011900F950FA8FEF719
:1058E000A7FE002803D03A2102A000F043FB13B02A
:1058F00030BD0000626F6172645C626F6172642E21
:10590000630000007047000010B504F045FD034837
:10591000FFF76EFBBDE8104004F05CBD10030020F3
:10592000F0B50268164C174D174E4FF08047A04255
:1059300005D0B84203D0A84201D0B04203D122F032
:1059400070034A681A43A04205D0B84203D0A84267
:1059500001D0B04203D122F44073CA681A434B69A4
:1059600022F080021A4302608A68C2620A68826278
:10597000A04201D10969016301214161F0BD00002C
:10598000002C0140000400400008004010B501F068
:105990001F010123046A8B409C430462036A8A400E
:1059A0001343036210BD10B501F01F010423046A04
:1059B0008B409C430462036A8A401343036210BD18
:1059C00010B5846842EA032224F47F440A43224348
:1059D000826010BD826822F070020A4342F0070123
:1059E0008160704730B5026A22F001020262036AE8
:1059F0004268846924F073050C682C4323F0020587
:105A00008B682B430C4DA84206D123F00805CB68C8
:105A100043EA050323F0040307D14D6922F44072E1
:105A200045EA02058A6942EA0502426084614968E2
:105A30004163036230BD0000002C014030B5026AB2
:105A400022F010020262026A436884690D6824F43D
:105A5000E64444EA05248D6822F0200242EA051259
:105A60000C4DA84206D1CD6822F0800242EA051210
:105A700022F0400207D14D6923F4406343EA8503D5
:105A80008D6943EA850343608461496881630262EA
:105A900030BD0000002C014030B5026A22F4807253
:105AA0000262036A4268C46923F4007324F0730538
:105AB0000C682C438D6843EA05230C4DA84206D19F
:105AC000CD6823F4006343EA052323F4806307D100
:105AD0004D6922F4405242EA05128D6942EA0512EC
:105AE0004260C4614968C163036230BD002C01405B
:105AF00030B5026A22F480520262036A4268C469C5
:105B00000D6824F4E64444EA05248D6823F4005328
:105B100043EA0533064DA84204D14D6922F4804280
:105B200042EA85124260C46149680164036230BD83
:105B3000002C014010B5046A036A23F001030362DC
:105B4000836923F0F00343EA021324F00A020A43B4
:105B50008361026210BD10B5036A23F01003036273
:105B60008469036A24F4704444EA023223F0A003F7
:105B700043EA01118261016210BD10B5406A002143
:105B8000C185C184FFF764FC10BD70B5446A20680C
:105B9000406994F83D10C0F3C0100025212904D1BC
:105BA00018B1E584204600F083F82068406994F835
:105BB0003E10C0F38010222904D118B1E58520469B
:105BC00000F05EF8206C40F0100020642046FFF7E3
:105BD0003FFC70BD10B50146406A09680968890636
:105BE0001BD40021C1850168CA6822F48072CA6092
:105BF00001684A6922F001024A6101684A6922F09B
:105C000040024A61202180F83E10016B012904D135
:105C10000168CA6822F01002CA60016B012902D033
:105C2000FFF7B3FD10BD818DFFF7F7FB10BD10B579
:105C3000406A016B012902D0FFF7AAFD10BD818DDA
:105C40004908FFF7EAFB10BD10B50146406A096834
:105C5000096889060CD40021C18401684A6922F0D0
:105C600080024A610068C16841F04001C16010BD16
:105C7000FFF7D2FD10BD10B5406AFFF7E3FD10BD80
:105C80000168CA6822F49072CA6001684A6922F009
:105C900001024A61016B012904D10168CA6822F03E
:105CA0001002CA60202180F83E1000210163704775
:105CB0000168CA6822F0C002CA60202180F83D1045
:105CC000704708B590F83E10222901D0022008BD87
:105CD00081684FF48053994201D1026922B1826AEE
:105CE00099421BD049B10AE00268816A5268C2F346
:105CF00008020A80816A891C08E0016971B10168A3
:105D0000496801F07F011170816A491C8162C18D6F
:105D1000491E0904090CC18503D019E001684968CE
:105D2000F1E70168CA6822F02002CA600168CA6807
:105D300022F48072CA6001684A6922F001024A6155
:105D4000202180F83E10016B012903D0FFF71DFDD3
:105D5000002008BD002101630168CA6822F010021A
:105D6000CA6001680A68D20602D50A6849680091CB
:105D7000818DFFF752FBEBE770B5044600680169BF
:105D8000E26821F4405111430161A1682069014397
:105D9000606901432068C26841F20C639A430A4378
:105DA000C26020684169A26921F4407111434161D8
:105DB0001E492068884202D1FEF77AFD01E0FEF715
:105DC00067FD00EBC00101EB0011606864228000F8
:105DD000B1FBF0F3B3FBF2F36FF018067343B1FBC2
:105DE000F0F5B1FBF0F605EB8305322303EB051567
:105DF000B5FBF2F5B6FBF2F605F0F00505EB06157E
:105E0000B1FBF0F6B1FBF0F0B0FBF2F06FF018016F
:105E1000484306EB800003EB0010B0FBF2F0216872
:105E200000F00F002844886070BD00000038014079
:105E300037B582B01346039A8262838500250446F3
:105E40000564222084F83E00A16B13488862A16B90
:105E50001248C862A16B12480863A06B45632168B1
:105E6000A06B091DFEF7ECF82068016841680091FD
:105E700084F83C50C16841F48071C1602068416978
:105E800041F0010141612068416941F040014161F7
:105E900005B0002030BD0000D55B00082F5C000875
:105EA0008B5B000810B504F077FA034807F052F84E
:105EB000BDE8104004F08EBA180A002010B504F0B6
:105EC0006BFA244C54F8041F8868C043C207214869
:105ED00000F154000AD08A68D243D2051DD48968E3
:105EE000C943890510D44FF481710FE08968C94313
:105EF000890701D4022100E0032103F0ADFD2068F1
:105F0000816841F001011BE040F2031103F0A4FDA0
:105F10002068816841F4807112E08A68D243D2031C
:105F200010D48968C943890302D440F2022101E0F8
:105F300040F2032103F090FD2068816841F4803134
:105F4000816002E0032103F087FDBDE8104004F00A
:105F500041BA00007C00002010B504F01DFA0021B9
:105F6000034800F015FCBDE8104004F033BA00000F
:105F7000D0000020FEE7490050EAC12018BF0420ED
:105F80004A0D18BF40F0010040F2FF72B2EB515FC2
:105F900008BF40F00200012808BF0520704709072C
:105FA000090E002804DB00F1E02080F8001470479F
:105FB00000F00F0000F1E02080F8141D704740F25F
:105FC000013200204FF0E04108F0DDB8024A002025
:105FD000110708F0D8B8000001FDFFFF10B5044616
:105FE000D1E9000100F002F8206010BDF8B50446C8
:105FF0000D466A4601F088FD00987E30009000282A
:106000001FDC002213462046294607F067FA18D005
:10601000002140F608004FF00000064620462946C1
:1060200007F06EF9044640F6080006EA00014FF05A
:10603000000034F0004004BF0220FAF77AFC20464A
:10604000F8BD0098FF280DDB0220FAF772FC002251
:1060500013462046294607F0F7FB8CBF04484FF053
:10606000FF40F8BD20462946BDE8F84007F048B992
:10607000000080FF10B505F02BFC002805D00022A1
:10608000BDE81040012105F0AABA10BD10B50446C4
:106090000A46D4E90003194601F0FEFDC4E90001F7
:1060A00010BD70B5154641F601226FF0090491420A
:1060B00004D1826C13680BB1012207E0A1F5D05224
:1060C000023A07D1826C136823B10022294698470F
:1060D000044617E0A1F5D052033A07D1826C9268CA
:1060E00022B11DB1904768B128700AE0A1F5D052E5
:1060F000043A07D1816CC96821B11DB1884708B144
:1061000028800024204670BD2DE9F0411F46154629
:106110008846064600240CE0B06C08EB04012A46D1
:1061200043683046984710B10020BDE8F081241D37
:106130002D1DBC42F0D32046F7E7000070B5446C3B
:106140000025012025776077A577E07784F8205037
:1061500084F82100087B10F0FF0006D0012806D04B
:10616000022807D0032808D12CE0E56005E04FF0B5
:10617000004001E04FF08040E0600A6809231849C0
:10618000002051F83060964203D0401C9842F8D36A
:10619000284601EBC000416801F04071216141686F
:1061A00001F470216161416801F4E001A16180881E
:1061B000C0F30900A060201DFDF77DFD28B14FF060
:1061C000FF3070BD4FF04040D6E704F12C01201D98
:1061D000FDF772FB201DFDF736FE002070BD0000AC
:1061E000C4E200082DE9F047446CD9481346A1F1F8
:1061F0001002061587144FF480754FF0FF31082AFE
:1062000063D2DFE802F0630462CDF9F8F7F6AB423F
:1062100026D16168814205D11420FEF755F9152079
:10622000FEF752F96068416921F00201416160683E
:10623000416921F0040141616068416921F0080170
:1062400041616068416921F0100141616068416904
:1062500021F0200141616068416921F0400133E093
:10626000B3420AD16168814202D11320FEF72CF9B2
:106270006068416921F0010126E0BB4225D16168D7
:10628000814209D14FF0E0214FF48000C1F8800134
:10629000BFF34F8FBFF36F8F6068416921F4807146
:1062A00041616068416921F4007141616068416940
:1062B00021F4806141616068416921F400614161BC
:1062C0006068416921F4004141613FE1AB422FD157
:1062D00061684A6942F002024A6161684A6942F0B3
:1062E00004024A6161684A6942F008024A616168D1
:1062F0004A6942F010024A6161684A6942F020022C
:106300004A6161684A6942F040024A6161688142BB
:10631000DBD1002201211420FEF7F4F81420FEF74F
:10632000E4F8002201211520FEF7ECF8152034E0F6
:10633000B3420ED161684A6942F001024A61616864
:106340008142C2D1002201211320FEF7DBF8132085
:1063500023E0BB42B9D161684A6942F480724A6164
:1063600061684A6942F400724A6161684A6942F4AC
:1063700080624A6161684A6942F400624A61616808
:106380004A6942F400424A616168814207D10022B1
:1063900001211620FEF7B6F81620FEF7A6F8D5E084
:1063A00033B11E4600254FF0080A4FF0040969E09A
:1063B00004F12C01201DFDF77FFAC7E005EB450134
:1063C000B2680AEB81001058421C0AD1206861A211
:1063D000904201D1256405E060A2904202D105F10E
:1063E0000E002064B36853F82100002805DB062264
:1063F0000AE094E07DE049E056E0C0F3407292008C
:10640000C0F3807742EA4702870016D447054FEA77
:10641000804CC0F340784CEA880CC0F380704CEAA2
:10642000400009EB810C33F80CC03F0C4FEA4C5391
:1064300080B21B0C42EA4C5214E04FEAC00CC0F38D
:106440004078C0F34F374CEA880CC0F380704CEAB8
:10645000400009EB810C80B253F80CC0CCF34F33F1
:1064600042EACC0292B2E762A263C4E90C03B068CC
:1064700050F8210004F12C01C00F6064201DFDF7CD
:106480001BFA6D1C3068A84298D85FE02BB1012B35
:1064900003D0022B01D0032B2ED194F8AC009842EC
:1064A00054D084F8AC3032E02E4883421AD02E48C3
:1064B000834217D02D48834214D0B3EB600011D033
:1064C000A3F5F43048380DD0294883420AD0B3EB05
:1064D000600007D0A3F59C40203803D0A3F51C50E2
:1064E000103809D1D4F8A00098422FD0C4F8A030B9
:1064F0000DE0012B03D013B10846BDE8F087B4F8D6
:10650000AC00C0F30720984220D084F8AD3004F1ED
:10651000A00104F15400BDE8F047FFF70FBE60682A
:1065200080693C22010EC4F8B410C0F30741C4F8DE
:10653000B81000F07001C4F8EC1000F00700C4F8C7
:10654000BC0004F1B401184603F0F4FF0020D4E7C6
:106550000064004063616E310000000063616E32D0
:106560000000000040420F0000350C0020A1070091
:10657000A08601002DE9FC5FD0F80C418846054655
:106580001600924654D004F12C004FF0020B0090FC
:106590004FF0FF31201D04F03FFCF9F779FEE76A68
:1065A0008146384603F087FF4846F9F775FE2068B4
:1065B000C7F814B0391A1820B1FBF0F2A86C4146A4
:1065C00083682846984780B1F9F762FE80463946CD
:1065D000009803F03FFF4046F9F75EFE201D04F0EF
:1065E000EBFB012005F080F81BE00120C5F89400CA
:1065F000F9F74EFE01903846D7F8149003F03FFFAC
:1066000010B9384603F057FF3946009803F022FFCF
:106610000198F9F741FE201D04F0CEFBB9F1000FFF
:106620000AD0F9F735FEA96F491CA967F9F734FEBE
:10663000AAEB0600BDE8FC9FF9F72AFE696F491C2A
:106640006967F9F729FE08F11008103EA0D1EFE7BD
:106650002DE9F84F15460092884604464FF0080B86
:10666000D0F80C612DE0B8F80400C0F30727606D86
:10667000B84228D9F9F70CFE024607EB470A142363
:10668000306803EBCA0950F8091069B11046F9F7F0
:1066900003FE07EB470231680BEBC20008444FF0E2
:1066A000FF3102F074FD0CE0022340F8093010467F
:1066B000F9F7F2FDA06C3A464146836820469847B8
:1066C00028B1002DCFD10098401BBDE8F88F0120E4
:1066D000C4F8940032680BEBCA0010444FF0FF314D
:1066E00002F055FD316851F8090038B1F9F7D0FDD5
:1066F000A16F491CA167F9F7CFFDE4E7F9F7C8FDE1
:10670000616F491C6167F9F7C7FD08F11008103D7A
:10671000A9D1D8E770B588B00C46054616461C21AD
:106720006846FAF78EF86D6C04F108032D1D6A4671
:1067300031462846FDF74DF918B14FF0FF3008B04B
:1067400070BD02980028206817D040F000512160E9
:10675000019860F31C012160039898B141F08040DA
:1067600020600498207109492868884203D106985E
:10677000401C4008A0710020E1E720F0005121609A
:106780000098E6E721F08040EAE70000006400405E
:106790002DE9F047446C01270825102681464FF06B
:1067A0000608241D39B3012946D12046FDF701F919
:1067B00040B120684069C00604D540F20111484646
:1067C00003F04AF920680169C943090703D4416904
:1067D000890600D5056120680169C943C9062BD423
:1067E0004169490628D506614FF483714846BDE8E2
:1067F000F04703F031B900212046FDF7DAF838B14F
:1068000020684069800703D53946484603F024F9DB
:106810002068C168C943090703D44169490700D505
:10682000C5602068C168C943C90605D44169090724
:1068300002D5C6604146D9E7BDE8F087F0B5446CA3
:1068400087B00D46164618216846241DF9F7F9FF52
:1068500094F820104FF0FF30012907D0022905D00D
:10686000616A41F48021616207B0F0BD0121B1404D
:10687000012904D0022906D004290DD107E021689E
:106880008968490106E021688968090102E02168F8
:106890008968C9000029E7DA286881004FF0000004
:1068A00005D40290296821F06041009105E004219F
:1068B0000291296821F0604101912968490000D5C1
:1068C000022003904FF4C070216800EB06100A58B4
:1068D00002F001020A502968890021680A5805D48B
:1068E000039B1A43009B42EA435206E0029B019F2E
:1068F0001A43039B43EAC7031A430A5029794FF40A
:10690000C273226803EB061301F00F01D150297BFB
:10691000D5F80D204FF4C67341EA0221226803EB3B
:106920000613D150297AD5F809204FF4C47341EAEF
:106930000221226803EB0613D15021680A5842F065
:1069400001020A5000208FE74FF0FF3070474FF0F0
:10695000FF307047806802F0FBBF704710B504F04D
:10696000B7FF002806D0BDE810404FF0FF310248C5
:1069700003F0D2BE10BD0000F00C002010B504F0F2
:10698000A7FF002804D0BDE81040024803F060BE15
:1069900010BD0000F00C002010B500681C3804F099
:1069A00071FF002010BD70B505464FF0FF360AE0BC
:1069B000F9F76EFC04462868C6611C3804F062FFD3
:1069C0002046F9F769FC284603F067FD0028EFD060
:1069D000002070BD2DE9F041054614460E460846DC
:1069E00004F0B2FF06F11C07ACB1012C17D12C68E2
:1069F0000DE096F83D1094F82120A4F11C0091427E
:106A000004D239461C3003F033FD02E02468AC4266
:106A1000EFD1AC4203D13946284603F029FD0020CE
:106A2000BDE8F08130380A2801D2012070470020EB
:106A3000704710B53AB154881188826C13682246A9
:106A40009847002010BD4FF0FF3010BD70B51D46B7
:106A5000140001D0042D01D0002070BD826C21886B
:106A6000926890476080284670BD70B51C460AB198
:106A7000042C01D0002070BD55881188826C5368A9
:106A80002A469847204670BD10B5846C00232468C0
:106A90000CB1A0470346184610BD7FB50446002040
:106AA0001E4615460090019002900390002900DCDC
:106AB00049420091A06C036853B16A4641F6035104
:106AC0002046984710B1002004B070BD029828609D
:106AD0003046F9E77FB5044600201E461546009073
:106AE000019002900390002900DC49420091A06CC3
:106AF000036893B16A4641F603512046984748B966
:106B000028680290A06C6A4641F60251036820464C
:106B1000984710B1002004B070BD3046FBE700007C
:106B200010B5044605488068F9F7AAFB0449401EE1
:106B300051F830102060A1F11C0010BD3405002078
:106B40001C0D002010B5016B0A78232A06D1426A79
:106B50008A4203D9436B0B44934208D2014608A0F2
:106B600003F04AFCF9F794FB0028FDD110BD203159
:106B70008A42FBD80146BDE8104008A003F03CBCA7
:106B80007468726561643A257320737461636B2065
:106B90006F766572666C6F770A0000007761726EBF
:106BA000696E673A20257320737461636B20697383
:106BB00020636C6F736520746F20656E64206F6650
:106BC00020737461636B20616464726573732E0A51
:106BD0000000000003480168002901D10121016083
:106BE00070470000480000202DE9F04116460F468E
:106BF0000446F9F74DFB80462E49206D08420FD11F
:106C0000606D0025016801291DD001210160A06C83
:106C10000B463246D0F810C039462046E04714E013
:106C20002046656D02F021FE864200DB0646E888BC
:106C3000216D8219C1F38F218A4212D2296832460E
:106C4000014438461CE06FF006054046F9F724FB86
:106C50002DB1284604F04EFB0020BDE8F0813046FF
:106C6000FBE70A1A29680144384603F063FCE98807
:106C7000206D8A19C0F38F20121A3844401A2968EF
:106C800003F058FC606D816811B10EB10021816084
:106C9000C288911989B2C180226DC2F38F229142BC
:106CA00004D3B1FBF2F302FB1311C1804046F9F7A4
:106CB000F3FAD4E700FCFF0300207047FFF7DAF98E
:106CC000FEE700207047022801D80120704700200D
:106CD0007047000010B504460B49F9F7D9FD0028AC
:106CE0000DD009492046891DF9F7D2FD40B106496A
:106CF00020460D31F9F7CCFD20B14FF0FF3010BD2B
:106D0000012010BD022010BDA0E200080020704745
:106D100070B515460E464FF0FF34012803D0022807
:106D200001D050B107E002F08BFA20B12B46324679
:106D3000214602F087FD002070BD204670BD000096
:106D400070B50C480468F9F7A3FA0546204603F02D
:106D5000F1FF04F1540004F0C9FE042084F83C0063
:106D6000204604F0B5FC2846F9F796FABDE87040D5
:106D700003F038BF380500202DE9FC4119461746BD
:106D80000446DDE90832DDE90A651C304060006038
:106D9000A7626263C4E90B1323211846243403F06D
:106DA00009FCD4E903014218D4E90101114B121F77
:106DB00003F03AF9206066760020E061206284F8F2
:106DC0002400A562E562606120766066A066243CCE
:106DD000009023460190084A194604F1540004F03B
:106DE00099FE0648816809B1204688470020BDE821
:106DF000FC810000416D0008016E0008480500207C
:106E000070B50446F9F744FA05466FF00100A06337
:106E100004F11C0003F061FB204603F051FF2846FB
:106E2000F9F73AFABDE8704003F0DCBE10B5029CF9
:106E300024F001044474C0E909120021C0E90B31B7
:106E400000EBC1021C32491C526012600129F7DBC1
:106E500010BD70B50546002405EBC4001C3003F0DE
:106E600045FB641C012CF7DB70BD0000C1B201A022
:106E700003F0C2BA2563000030B583B00446F9F7C9
:106E800053FD05460020CDE9000002462146684634
:106E9000FAF782F92846F9F74CFDDDE9000103B065
:106EA00030BD02460020012303FA00F1914204D0D4
:106EB000401C2028F8DB4FF0FF30704730B58FB012
:106EC0000C46022849DB606802F0B5FB61680500EA
:106ED00025D027A000F006FA6A461721284602F0BE
:106EE000A4FBDDE90012294800F0FCF9DDE90712F6
:106EF000274800F0F7F9DDE90912264800F0F2F919
:106F000025A0029A0B9900F0EDF902993048082962
:106F100012D2DFE801F00B0D1E1E202020202DA034
:106F200000F0E0F94FF0FF300FB030BD016800E035
:106F300041682FA000F0D6F9DDE903122D4800F0DA
:106F4000D1F9DDE9050101442B48069A00F0CAF9A0
:106F50000BE08168EDE7C168EBE728A0216800F04D
:106F6000C1F92B48216800F0BDF90020DCE70000E2
:106F70002046696E6465642063616E20646576698D
:106F800063653A2025732E2E2E00000080E800084D
:106F9000C4E800083CE800080A204352432E2E2E85
:106FA0002E2E2E2E6572726F722E2E636F756E747A
:106FB0003A20253031306C642E204572726F722E6B
:106FC000636F64652E5B253031306C645D3A200060
:106FD000380000202043616E27742066696E6420AB
:106FE00063616E206465766963652025730A00001D
:106FF00025732E00F8E7000830E7000820496E7678
:10700000616C69642043616C6C2025730A00000088
:1070100074E7000810B5044600F16002172102F081
:1070200004FBD4F8D4201AB12046D4F8D8109047E5
:10703000D4F89C00012802D1FF20C4F89C0010BDA8
:1070400010B50C46022804DA12A000F04BF900201B
:1070500010BD1CD14FF0050217A16068F9F72FFB96
:1070600030B1042216A16068F9F729FB60B10EE087
:1070700015A005F035FE08B114A002E000F014FAE6
:1070800019A000F02FF902E01C490120087001202E
:1070900010BD00000D0A5B636C695D20757361674C
:1070A000653A20636C69207B73746172747C7374BD
:1070B0006F707D0D0A00000073746172740000002F
:1070C00073746F7000000000636C6900636C69206A
:1070D00074687265616420616C72656164792065B1
:1070E000786974730D0A0000636C692074687265B6
:1070F00061642073746172740D0A00001400002032
:1071000070B50C4C0D460026216801B92060142092
:1071100001F09FF860B10022026042608260C260AC
:1071200002612ECD80E82E002168012608612060D2
:10713000304670BD080000202DE9F04F95B00E4696
:1071400082460569002750216846F9F77AFB14E06A
:107150002846F9F795FA0446092803DD384615B0A4
:10716000BDE8F08F024629463046F9F7A8FA18B96B
:10717000305D28B1202803D02D69002DE8D144E0EE
:107180000124E5B354B10024E846A1462746304621
:10719000F9F776FA0100A3461BD005E01DA000F028
:1071A000A1F82046DBE7641C305D2028FBD00A28CC
:1071B000F9D00D28F7D0331948F8293009F101002A
:1071C0005A4611E0335D202B05D067B10027142803
:1071D00004D358460AE03255012704E006EB040CBC
:1071E00048F820C0401C641C8C42EBDB01228AF86A
:1071F0001420EA686946904728B1002000E004E0C6
:107200008AF814B0ABE70120F8E70BA000F06AF8A9
:107210000020A4E70A0D496E636F727265637420E3
:10722000636F6D6D616E6420706172616D65746510
:10723000722873292E0000000A0D436F6D6D616E78
:1072400064206E6F74207265636F676E6973656426
:107250002E0000007FB50546144E1348114CC6E9B8
:10726000014019E0002000900190029003902068F6
:10727000F9F706FA0A280DD22068F9F701FA024652
:1072800068462168F9F766FAA06803902A6A694699
:1072900028469047B0680C348442E3D304B0012000
:1072A00070BD0000F4EA000860EB00080800002050
:1072B0000021016041608160C16001610175044984
:1072C00081610449C1610449016204494162704716
:1072D000E172000855720008017100083971000858
:1072E000704700000FB44FF4807130B5C1B06846EC
:1072F000F9F7A7FA45AA68464499F9F7DFF8411C5F
:107300000A46FF2915D81DF800100C4C6B460A29B7
:107310000AD1191811F8015C0D2D05D00D251D5449
:107320000A20487092B200E082B21946606803F009
:1073300010FC41B030BC5DF814FB000014000020CC
:107340002DE9F047ADF5966D01F008FC00214948A4
:10735000FFF7AEFFDFF81C814046D8F81C108847C5
:107360000020CDF8A8048146CDF8AC048DF80400C7
:1073700090210DF58360F9F764FA4FF4826102A859
:10738000F9F75FFA4FF4806A504603F068FB3A4F12
:10739000786048B1394805F069FE394805F0ECFEDF
:1073A0000DF5956203C24EE036A0F9F799F84FF05B
:1073B000FF300DF5966DBDE8F0872E4880218038AE
:1073C00001F0FEFB401E7F2804D22A48802180382D
:1073D000F9F737FA01A800900DF5956228480CCA14
:1073E00005F058FE9DF8040098B10DF583620DF587
:1073F0009561234805F05EFE9DF89804401E7F28A5
:1074000005D2D8F824200DF583611A489047CDF8AD
:107410000890524602A9786803F051FB05000FD08E
:107420009DF89904D0B1CDF808548DF80C0405F0FE
:10743000FBFB0DF5826203C202A9104805F07CFE39
:10744000052005F049FC38780028B6D001203870B6
:1074500005F048FC05F042FC0020AAE7002402AE3B
:1074600004E0315D0FA002F0C7FF641CAC42F8D30A
:10747000E6E700002C07002014000020880600200A
:10748000700600205B6572726F725D20636C69200C
:1074900072696E6762756666657220637265617493
:1074A000650A00002563000008B500200090044B29
:1074B00040F6E3021C2103A005F0FAFB08BD000022
:1074C00041730008636C690070B5054C054D03E01D
:1074D000206820448047241DAC42F9D1002070BDB3
:1074E0000000000000000000024A1378037050788A
:1074F00008707047000000202DE9F843224D002657
:107500004FF47A786868B0B902F0F8F904F046FAF6
:107510000446474608E06868401C6860009600988A
:10752000401C00906428FAD304F038FA001BB842DB
:10753000F1D302F0F1F9002404F030FA074606E036
:10754000641C00960098401C00906428FAD304F054
:1075500025FAC01B4045F3D36868844210D2011B52
:1075600064225143B1FBF0F22A70B1FBF0F200FB50
:10757000121164225143B1FBF0F06870BDE8F8834A
:107580006C602E706E70F9E700000020014804F076
:1075900047B90000F97400081CB5022804DD09A0F1
:1075A000FFF7A0FE00201CBD694601A8FFF79CFF65
:1075B0009DF800209DF804100BA0FFF793FE01201A
:1075C0001CBD00000A5B63707575736167655D20A3
:1075D000746F6F206D616E7920617267756D656E75
:1075E00074730D0A00000000637075207573616785
:1075F000653A2025642E256425250D0A000000002B
:107600002DE9F0438FB000250FF2B009092407AF30
:107610000826204603F074F9001D02908DF81040F2
:1076200000200397CDE905604FF0100825A0FFF773
:1076300059FE4A46414624A0FFF754FE444602E064
:107640002BA0FFF74FFE641EFAD22AA0FFF74AFED6
:10765000314E02A9284600F059FB0546002424E0DB
:1076600007A850F82470143FF8F712FE397C9DF8F3
:10767000102021F08001914202D0F8F70DFE13E0B6
:10768000F8F70AFE397F3B4624A01E2903D256F89C
:10769000211001B1084693F822101022CDE9000113
:1076A000414620A0FFF71EFE641C0698A042D7DCCE
:1076B000002DCED10FB00020BDE8F083646576695F
:1076C000636500000D0A0000252D2A2E732020205E
:1076D0002020202020207479706520202020202068
:1076E00020202072656620636F756E740D0A00009D
:1076F0002D000000202D2D2D2D2D2D2D2D2D2D2D4E
:107700002D2D2D2D2D2D2D2D2D202D2D2D2D2D2DB6
:107710002D2D2D2D0D0A000020E20008556E6B6EF8
:107720006F776E00252D2A2E2A7320252D32307377
:1077300020252D38640D0A0070B5A0F1D804064646
:10774000A06C0168C943890703D50068C04340079E
:107750001ED4F8F79DFDA16C0246306D4968C0F358
:107760008F20D4F88C30411A10D0C01A451810461A
:10777000C4F88C10F8F790FD002D09D0032000EB21
:1077800005213046BDE8704002F08CBBC51AEEE71B
:1077900070BD0B46406CA3F5E8531146082B16D27A
:1077A000DFE803F0060A0D1304080F110122CA6076
:1077B000012202E00022CA60002200F00AB800F0B4
:1077C00075B800F0DBB800F009B900F019B80A206C
:1077D000704710B50B460968DB688900091F23B1A3
:1077E00052B1FDF785FA002010BD12B1FDF780FD02
:1077F000F9E7FDF7CDFDF6E7FDF7C8FAF3E700007E
:107800002DE9F047044608688846850020462D1F6C
:1078100005F06AFA26683268C2F30122012A05D00F
:107820003268C2F30122022A04D007E049084FEA75
:10783000300003E0800840EA817089081A4A00237A
:10784000F8F7C5FD0746F06A8946B16A401C491C35
:1078500048434FF47A7148433A464B460021F8F7C3
:10786000B6FDC8F80400BDB1042D18D02068082D5D
:1078700018D0006C2168896A401C491C48434FF4A9
:107880007A7148433A464B460021F8F7A0FDC8F804
:1078900008000020BDE8F0872068406BEAE7206818
:1078A000806BE7E7C06BE5E740420F002DE9F05F32
:1078B000044608688B4686002046361F05F014FAF9
:1078C0002D4A0023F8F783FDDBF804204FF0000970
:1078D000A2FB0057804609FB08708A4602FB0A019A
:1078E0004FF47A724B462846F8F771FD4FF6FF7158
:1078F000B0FBF1F2521C4B4617460021F8F767FD2A
:10790000054620687A1E8262032D00D20325216875
:10791000681EC862E060DBF808004146A0FB01C8B1
:1079200009FB018100FB0A114B463A466046F8F715
:107930004EFD4FF47A720023F8F749FD022801D278
:10794000022002E0A84200D9284656B1042E0CD0ED
:107950002168082EA0F101000BD008640020BDE8CA
:10796000F09F2168401E4863F8E72168401E886345
:10797000F4E7C863F2E7000040420F0070B50C4620
:10798000054605F0B1F9144A0023F8F720FD6268B6
:107990000026A2FB004306FB003002FB01014FF46E
:1079A0007A7233462046F8F712FD4FF6FF71B0FBAE
:1079B000F1F2521C334614460021F8F708FD2968FD
:1079C000621E8A62032800D203202968401EC86212
:1079D000E860002070BD000040420F002DE9F0413A
:1079E000044608680F4686002046361F05F07CF9DD
:1079F0001B4A0023F8F7EBFC24680246E06AA36AFE
:107A0000401C5B1C58434FF47A7358430B460021CB
:107A1000F8F7DDFC0546B968E06A2A46401CA1FB80
:107A2000000700233946F8F7D2FC022801D20220D1
:107A300002E0A84200D928464EB1042E0AD0082EF2
:107A4000A0F1010009D020640020BDE8F081401EB3
:107A50006063F9E7401EA063F6E7E063F4E7000027
:107A600040420F008A68002A01DCFAF72DBA521E44
:107A70008A604A68C0B2531C4B601070704701F0B6
:107A800067BF00003EB500210446029101910BA0A2
:107A90000091FFF727FC012C03DD09A0FFF722FC72
:107AA0000AE06A4601A902A802F06AFDDDE90121A7
:107AB0000AA0009BFFF716FC00203EBD0A00000054
:107AC0000A5B746F705D20746F6F206D616E79203A
:107AD000617267756D656E74730D0A00746F746101
:107AE0006C206D656D6F72793A2025642C2075735A
:107AF00065643A2025642C206D6178207573656477
:107B00003A2025640A00000010B5144600222260C5
:107B1000114A21F000439342A8BF10BD53EA00026E
:107B200008BF10BDB3F5801FA8BF226807DA362250
:107B300006F029FB6FF0350221F000432260DFF8E8
:107B40001CC06FF31E510CEB23531A4441F0FF513C
:107B500041F00051226010BD0000F07F02FCFFFFE9
:107B600010B50021152000F04EF800211C2000F077
:107B70004AF80021172000F046F80021162000F0F6
:107B800042F80021182000F03EF80021192000F0F2
:107B90003AF80021082000F036F800211F2000F0FC
:107BA00032F800211E2000F02EF800211D2000F0E8
:107BB0002AF80021152000F02AF800211C2000F0EE
:107BC00026F80021172000F022F80021162000F0EE
:107BD0001EF80021182000F01AF80021192000F0EA
:107BE00016F80021082000F012F800211F2000F0F4
:107BF0000EF800211E2000F00AF80021BDE8104018
:107C00001D2000F004B802F0C5BE02F0CDBE02F0A7
:107C1000D3BE000070B5022804DD0BA0FFF762FBA5
:107C2000002070BD10A0FFF75DFB1048104D0468E8
:107C300005E0D4E900120FA0FFF754FB0C342868CC
:107C40008442F6D3012070BD0D0A5B68656C705DDF
:107C500020746F6F206D616E7920617267756D653C
:107C60006E74730D0A0000000D0A00000C00002065
:107C7000100000205B25735D202D202573200D0A48
:107C8000000000000348002241F60441006801F0B2
:107C9000CCBC00001C0400202DE9F04106460C4637
:107CA00040F2FF75174635EA14502BD000221346D8
:107CB000304605F013FC25D03A463046214606F002
:107CC00062FA06460C4635EA145010D000221346DC
:107CD000304605F003FC15D10220F8F72AFEFEF726
:107CE00075F90A46214662F31E01BDE8F0810220C3
:107CF000F8F71FFEFEF763F90A46214662F31E01FC
:107D0000BDE8F08130462146BDE8F0812DE9F04123
:107D100000260D460E61C96849B1297A39B12F682C
:107D200040B10446F8F7B4FA014636B111E000203C
:107D3000BDE8F0813C460126F4E7A4F114002A7A5C
:107D4000007C20F08000904203D00846F8F7A4FAA7
:107D5000EDE7686800262468BC4201D1002404E0F5
:107D600010C0EA68761CB242F5D10846F8F794FADA
:107D700020462E61DCE72DE9F04100260D460E611C
:107D8000C96849B1297A39B12F6840B10446F8F77A
:107D90007FFA014636B111E00020BDE8F0813C4693
:107DA0000126F4E7A4F114002A7A007C20F0800078
:107DB000904203D00846F8F76FFAEDE768680026AE
:107DC0002468BC4201D1002404E010C0EA68761C9B
:107DD000B242F5D10846F8F75FFA20462E61DCE79B
:107DE0002DE9F043B3B000260FF2081901242BAFA0
:107DF0000825204602F084FD8DF8A040001D269045
:107E000000202797CDE929501024A0464A46214654
:107E10003A48FFF767FA444602E039A0FFF762FAF2
:107E2000641EFAD237A0FFF75DFA26A93046FFF7A5
:107E3000A2FF0646002554E02BA850F82540143C2C
:107E4000F8F726FA0746207C9DF8A01020F0800065
:107E5000884203D03846F8F71FFA41E090222146C5
:107E600002A802F067FB3846F8F716FA94F83D00CE
:107E7000009023461022414632A0FFF733FA94F8CF
:107E80003C0000F00700012807D0022807D040B1CD
:107E9000042808D0032808D00AE02DA006E02FA06F
:107EA00004E031A002E033A000E035A0FFF71AFAA9
:107EB000206B014600E0491C0A78232AFBD0626B44
:107EC000091A511A64235943B1FBF2F3A76B216DD0
:107ED000CDE90017616A401A81182CA0FFF702FA59
:107EE0006D1C2A98A842A7DC002E9ED133B000203A
:107EF000BDE8F0837468726561640000E8E600081C
:107F00002D000000202D2D2D20202D2D2D2D2D2D4F
:107F10002D202D2D2D2D2D2D2D2D2D2D202D2D2DAB
:107F20002D2D2D2D2D2D2D20202D2D2D2D2D2D20A8
:107F3000202D2D2D2D2D2D2D2D2D2D202D2D2D0DAB
:107F40000A000000252D2A2E2A73202533642000E4
:107F50002072656164792020000000002073757331
:107F600070656E640000000020696E697420202036
:107F70000000000020636C6F73652020000000008B
:107F80002072756E6E696E670000000020307825E3
:107F9000303878203078253038782020202025305F
:107FA000326425252020203078253038782025306F
:107FB00033640D0A00000000F0B58FB0FFF7D0FD6C
:107FC00045A004F04FFE0546032100F099FE042170
:107FD000284600F095FE0521284600F091FE404C11
:107FE0004CF250313FA0A56000F048FDE0603FA694
:107FF000032740A001F01FFB050003D131463FA03D
:1080000002F0FAF93946284601F072FB18B1314600
:1080100047A002F0F1F94C492846256101F00FFC18
:1080200042F210700D900DAA41F20121206901F079
:10803000FCFA02208DF838000EAA41F204212069D2
:1080400001F0F3FA00200B904FF4FA700C90082323
:108050000BAA0021206901F0F5FB2C223B49684660
:10806000F8F7BDFB3AA001F0E6FA04F0DDFD0546A5
:108070000E46394F25E0D4E91E0100223B4605F0AB
:10808000E3FB05D201211520FFF7C1FD012104E02A
:1080900000211520FFF7BBFD00211C20FFF7B7FDD5
:1080A0002846314604F0EAFD42F210730022181A05
:1080B0008A4103D204F0B8FD05460E46052004F0BF
:1080C0000BFE20780028D6D004F00CFE04F006FE4B
:1080D000012020700FB0F0BD61646331000000002A
:1080E0007805002070776D330000000074696D65BD
:1080F0007234000074696D657234000068777469C9
:108100006D65722073616D706C652072756E20668E
:1081100061696C6564212063616E27742066696EF5
:108120006420257320646576696365210A00000078
:108130006F70656E202573206465766963652066BF
:1081400061696C6564210A003D85000818E4000837
:1081500075617274310000000000594038B500208C
:108160000090084B4FF48062122107A004F0A0FD9C
:10817000040001D009A000E013A0F8F7B1F92046EF
:1081800038BD0000B97F00086D61676E6574696372
:108190005F6C657669746174696F6E005B6572729D
:1081A0006F725D206D61676E65746963206C6576C2
:1081B00069746174696F6E207461736B206372659A
:1081C0006174650D0A0000005B6F6B5D206D616777
:1081D0006E65746963206C657669746174696F6E2D
:1081E000207461736B206372656174650D0A000011
:1081F000002404F019FD05460E462D20002102F052
:10820000C9FB2D20002102F0D7FB2846314604F09F
:1082100035FD0B4B0022181A8A410BD204F004FDE5
:1082200005460E464FF02D0044B1012102F0C4FB7B
:10823000E043C4B2322004F04FFDE6E70021F5E749
:10824000A086010010B500F0EDFFBDE81040FFF77B
:10825000CFBF02F055B9012004F03EBD10B5044671
:10826000002105A004F0F6FC206108B1002010BD3B
:108270004FF0FF3010BD0000756F7262000000000B
:1082800010B5006918B104F0E7FC002010BD4FF0F4
:10829000FF3010BD10B500694FF0FF3418B104F085
:1082A000DDFC002800D0204610BD04F0BDBC30B578
:1082B00087B0054600200C46059014216846F8F763
:1082C000C0FA05A96846FCF7C3FA012028602060BF
:1082D0000399022001B128600499002900D0206090
:1082E00007B030BD70B506460C4663A0FEF7FAFF36
:1082F000052E01DD61A05CE0684D032E02D0042E46
:108300005AD0B6E0022266A16068F8F7D8F90028D2
:1083100058D1022263A1A068F8F7D1F9F0B1022286
:1083200061A1A068F8F7CBF9E0B102225FA1A068D3
:10833000F8F7C5F9D0B102225DA1A068F8F7BFF93E
:10834000C0B102225BA1A068F8F7B9F9B0B103226D
:1083500059A1A068F8F7B3F9B0B15FE0D5E90A23F5
:1083600056A00EE0D5E90C2357A00AE0D5E9142366
:1083700058A006E0D5E9162359A002E0D5E9182354
:108380005AA0F8F7ADF874E0D5E90A234BA0F8F746
:10839000A7F8D5E90C234CA0F8F7A2F8D5E91423E7
:1083A0004CA0F8F79DF8D5E916234DA0F8F798F8FA
:1083B000E4E7FEF797FF5CE002224FA16068F8F760
:1083C0007EF908B14DA0F4E7022236A1A068F8F7C3
:1083D00076F928B3022234A1A068F8F770F928B31F
:1083E000022232A1A068F8F76AF928B3022230A16C
:1083F000A068F8F764F928B302222EA1A068F8F764
:108400005EF928B3022244A1A068F8F758F928B30E
:10841000022242A1A068F8F752F928B340A0C8E7A9
:10842000E068FEF729FDC5E90A0122E0E068FEF7F1
:1084300023FDC5E90C011CE0E068FEF71DFDC5E960
:10844000140116E0E068FEF717FDC5E9160110E01B
:10845000E068FEF711FDC5E918010AE0E068FEF7E3
:108460000BFDC5E9060104E0E068FEF705FDC5E97E
:108470000801002070BD00000D0A0A005B706172E7
:10848000616D5D20746F6F206D616E792061726720
:10849000756D656E74730D0A00000000780500208C
:1084A0002D6700006B7000006B64000065780000B1
:1084B00065790000657A0000616C6C004B703A20B1
:1084C000256C660D0A0000004B643A20256C660D91
:1084D0000A00000065783A20252E326C660D0A00ED
:1084E00065793A20252E326C660D0A00657A3A20AD
:1084F000252E326C660D0A002D73000070617261CA
:108500006D657465723120697320696E636F727274
:108510006563740D0A000000667000006664000068
:10852000706172616D657465723220697320696E65
:10853000636F72726563740D0A0000002DE9F04FDD
:10854000DFF88C9391B0A9F180040321A06800F0BA
:10855000DFFB606005F02BF8D4E906230746884668
:1085600015461E460020DB4905F0A4F93A4643466D
:1085700005F06CF8D4E91A2380460F4628463146A8
:1085800005F064F842463B4604F0ECFEC4E91A01EB
:108590000421A06800F0BCFB606005F008F8D4E995
:1085A00006230746884615461E460020C94905F0A1
:1085B00081F93A46434605F049F8D4E91C230746B9
:1085C00088462846314605F041F843463A4604F0CD
:1085D000C9FEC4E91C010521A06800F099FB606098
:1085E00004F0E5FFD4E9062380460F4615461E46F3
:1085F0000020B84905F05EF942463B4605F026F8F2
:10860000D4E91E23074688462846314605F01EF861
:1086100043463A4604F0A6FEC4E91E014D46CDE9A4
:108620000001D5E90023C5E9062316461F46D5E912
:108630000223C5E90823CDE90E23D5E90423C5E9C2
:108640000A23CDE90223D4E91401D4E91A2305F061
:1086500031F9C5E9000180468946D4E91601D4E91B
:108660001C2305F027F9C5E90201DDE90023824654
:108670008B46D4E9180105F01DF9C5E90401CDE9DF
:10868000040132463B464046494605F013F9CDE920
:108690000001D4E9082316461F4600208D4905F045
:1086A00009F9CDE90601DDE9002304F0CFFFCDE9AA
:1086B0000001D5E90C233046394604F0C7FFDDE957
:1086C000002304F04FFEC5E90C01CDE90C01DDE902
:1086D0000E235046594605F0EDF802460B46DDE9FB
:1086E000060104F0B3FFCDE90001D5E90E233046C1
:1086F000394604F0ABFFDDE9002304F033FEC5E9A1
:108700000E01CDE90001DDE90401DDE9022305F0F8
:10871000D1F802460B46DDE9060104F097FFCDE9EA
:108720000201D5E910233046394604F08FFFDDE918
:10873000022304F017FEC5E91001DDE90C23D4E99A
:108740000C01CDE9020104F081FF06460F46D4E991
:108750000A01CDE9060181F0004142464B4604F092
:1087600075FF32463B4605F0A5F8C5E912010F46F4
:108770000646DDE90201DDE9002304F067FF8146DA
:108780008846DDE9060152465B4604F05FFF4A4633
:10879000434604F0E7FD05F1500287F0004382E80C
:1087A000430081F000416966C5E9173032463B4617
:1087B000022003F0F5FBD5E91423012003F0F0FBC0
:1087C000D5E91623032003F0EBFBD5E91823042099
:1087D00003F0E6FBD4E91E0100223F4B05F034F81C
:1087E00072D23E4ED5E900010022334604F0F2FE7B
:1087F00031D2D5E900010022394B05F025F82AD203
:10880000D5E91601D5E9122305F054F8D4E912236D
:1088100004F01CFFD4E90E2304F0A4FD0022314B28
:10882000C4E90E0105F010F802D200202D4908E03D
:10883000D4E90E0100222C4B04F0CCFE03D22A49CD
:108840000020C4E90E01D4E90E010022274B04F0F8
:1088500089FDC4E91401D5E902010022334604F080
:10886000B9FE31D2D5E9020100221D4B04F0ECFF24
:108870002AD2D5E91401D5E9182305F01BF8D4E96B
:10888000122304F0E3FED4E9102304F06BFD002270
:10889000144BC4E9100104F0D7FF02D200201149A3
:1088A00008E0D4E9100100220F4B04F093FE03D23C
:1088B0000D490020C4E91001D4E9100100220C4B3D
:1088C00004F050FDC4E9160111B00020BDE8F08F9E
:1088D000F80500200000F03F00005940000049402A
:1088E000000049C000006940000069C000CC92400F
:1088F00000A8924030B5026B4B6800241A449142A4
:1089000011D01378DB070ED1436B93420BD0836BEE
:10891000934200D18163146053684B60036B5268CB
:10892000CD1A1A449560026B8B681A448A420ED0A5
:108930001378DB070BD1836B8B4200D182630C6011
:108940004B685360006B4968121A0844826030BD5E
:108950002DE9FF4F9B46DDE90DE50F9CA846630618
:1089600001D5454B01E0444B113B9946E30601D547
:1089700024F00104E30701D0302300E020239A46CD
:108980000026A3070BD5002A02DA2D26524206E064
:10899000630701D52B2602E0230700D520260023FC
:1089A00022B930228DF8002001230CE0BBF10A0F20
:1089B00014D002F00F0C120919F80CC00DF803C006
:1089C0005B1C002AF2D1AB4200DD1D46AEEB050276
:1089D00014F0110F4FF0200C08D015E00A27B2FB5D
:1089E000F7FC07FB1C2CB2FBF7F2E5E746B1002AC7
:1089F00006DD521E04E0884201D280F800C0401C0F
:108A0000171EA2F10102F6DC26B1884200D20670E0
:108A1000401C521EE40605D508E0884201D280F8C9
:108A200000A0401C141EA2F10102F6DC30242E46E8
:108A30006D1E9E420ADD884200D20470401CF6E79B
:108A4000884201D2E55C0570401C00E06C461D1EAA
:108A5000A3F1010308DDB8F1000FF1D104E0884271
:108A600001D280F800C0401C131EA2F10102F6DC06
:108A700004B0BDE8F08F0000EDE3000870B50D46CE
:108A8000064600F0D8FD040028D000232A46022123
:108A900001F0B9FF00232A460121204601F0B3FF6F
:108AA00000232A460321204601F0ADFF00232A4679
:108AB0000421204601F0A7FF0221204601F086FF95
:108AC0000121204601F082FF0321204601F07EFFB4
:108AD0000421204601F07AFF204670BD314602A0F5
:108AE00001F08AFC002070BD70776D2073616D709D
:108AF0006C652072756E206661696C656421206307
:108B0000616E27742066696E642025732064657623
:108B1000696365210A00000070B50D460446802196
:108B20000C48F7F78EFE802D13D22A4621460948BD
:108B3000F7F710FE074C002004F8805F607004F027
:108B400073F8C4E90201BDE870400249024804F02C
:108B5000F3BA70BD58070020700600207CB54FF4B2
:108B600061240FA004F07EF80F4D10496A46A860FA
:108B70004968CDE9004121F00F01083121F0F001F1
:108B80000191032100F051FD04464FF48071A86863
:108B900004F06CF80444064804F068FA20467CBDF2
:108BA00075617274310000001C00002098E200081A
:108BB00070060020014601A001F01EBC25630000E4
:108BC0002DE9F84F4FF0000A89460546564602291E
:108BD00001D22E701CE0334CA08828B9207818B13F
:108BE00031A0FEF77FFB26700121684600F060F897
:108BF0000004000C02D09DF8000001E04FF0FF30AF
:108C0000411C05D0B4F9021061B15B2808D102E023
:108C10000020BDE8F88F022902D0022060803AE0EF
:108C2000668038E0082825D07F2823D001271B281C
:108C300030D00A2831D00D282FD0A0F120015F2993
:108C400029D2B4F904106854491CA180FFF7B2FF7F
:108C5000B4F9048008F1010048451CDB05F8086000
:108C60006680A68027701FFA88F12846FFF754FF18
:108C70004046CEE7B4F9040000280CDD401EA08079
:108C80000820FFF797FF2020FFF794FF0820FFF749
:108C900091FF00E067805046BBE7B4F9048005F817
:108CA0000860DEE71C0000200D0A53554E3E2000F0
:108CB000024603480B460021806800F093BD000087
:108CC0001C00002010B5012803DD05A0FEF70AFBFB
:108CD00004E00AA0FEF706FB00F0ACFF002010BD88
:108CE0000A5B7265626F745D20746F6F206D616ED8
:108CF0007920617267756D656E74730D0A000000EE
:108D0000826C13680BB1012218476FF005007047A1
:108D100008B5826C53686A469847009808BD000001
:108D20001CB514211E20CDE900014FF40073002270
:108D3000034904A002F090FCBDE81C4002F0F0BD25
:108D4000458200086D61696E000000002DE9F04168
:108D50000446DC304FF0FF31074601F0DDFC94F8AB
:108D60002200012805D9384601F072FC0020BDE838
:108D7000F081D4F89C00002628B104F1A000C4F8CA
:108D80009C6002F031FFC4F8D460C4F8D860208C35
:108D9000C00510D5A06C4FF48072112143682046A5
:108DA0009847D4F8080100F0D3FD208C20F480719E
:108DB0002184C4F80861208C400514D5A06C4FF4C0
:108DC00080621121436820469847D4F80C51281D31
:108DD00001F0D6FF284600F0BBFD208C20F4806116
:108DE0002184C4F80C61A06C4FF4805211214368B7
:108DF00020469847B7E72DE9F047002704460329A6
:108E00001AD004DC012912D0022904D10BE0162962
:108E100018D0182963D0A06C4368002B65D0204679
:108E20009847074663E0C18B41F0200102E0C18B07
:108E300021F02001E1835AE0A06C1146036820462E
:108E40009847EEE7B4F85800C0F3072090424ED0A0
:108E5000A06C436820469847070049D1B4F85800F1
:108E6000D4F80C5110F47F4F3E4618D11BE0F7F7B1
:108E70000FFA2968814606EB460801EBC80001F0AD
:108E8000FEFA18B1281D01F097FF04E0296801EBF4
:108E9000C80001F010FB4846F7F7FEF9761C606D3C
:108EA000B042E4D823E04FF0140905F12C0A12E097
:108EB000F7F7EEF9804606EB4601286809EBC10298
:108EC000825822B900EBC101504601F0C3FA404676
:108ED000F7F7E2F9761C606DB042E9D807E0106858
:108EE00044F8D40F5068606001E06FF00507384621
:108EF000BDE8F0870021C0F80811C0F80C11816CA2
:108F00000A6812B100F14C0110476FF0050070477C
:108F10002DE9F04F85B004460F46DC304FF0FF31AD
:108F2000049001F0F9FBF8B22084D4F80801D8BB12
:108F3000F80539D5206D182100EB4000002501EB24
:108F4000C00001F0DDFA00F1180106460160206D55
:108F50000B4600EB4000C2000021184601F02AFB3E
:108F600006F10800F0608046B06008307061306142
:108F7000206D706008E0306805EB450100EBC10131
:108F8000404601F067FA6D1C206DA842F3D8C4F882
:108F90000861208C4FF4807240F480712184A06CB1
:108FA0001021436820469847D4F80C01E8BB7805A7
:108FB00051D5606D342100EB4000002601EBC0006C
:108FC00001F09EFA00F1340105460160606D0B4628
:108FD00000EB4000C2000021184601F0EBFA05F159
:108FE0002C0028638346B0464FF008094FF0140A5E
:108FF000E86213E0286806EB460700EBC701584615
:1090000001F028FA296809EBC700084400F0B3F81A
:109010002A680AEBC701761C42F80180606DB042F5
:10902000E8D8224618A1684600E014E002F04CFAA5
:1090300000236946281D626D01F0ACFEC4F80C5196
:10904000208C4FF4806240F480612184A06C102158
:10905000436820469847A06C4FF480521021436823
:1090600020469847D4F89C0030B90120C4F89C00F1
:1090700004F1A00002F062FD049801F0E9FA05B0E5
:109080000020BDE8F08F00002573746C0000000024
:109090002DE9F0471746D3B3018CC90538D590F8B0
:1090A0002210A1B3D0F808411D46984604F1100AD9
:1090B000F7F7EEF88146504601F0E1F918B148465D
:1090C000F7F7EAF81FE02669304601F0F4F9484660
:1090D000F7F7E2F8BEB1102206F10801384601F0B8
:1090E00029FAF7F7D5F88146314604F1080001F076
:1090F000B1F96068401C60604846F7F7CDF8103D54
:1091000007F11007D4D1A8EB0500BDE8F087FFE711
:109110000020FAE711467BB1028C52050CD590F87D
:1091200022204AB1B0F8582012F47F4F1A4601D0DD
:10913000FDF78EBAFDF71EBA0020704770B50446E1
:109140000068012816D0F7F7A3F80546012001C4EE
:109150002068A04204D12846BDE87040F7F79CB8CB
:109160001C3802F08FFB2846F7F796F8BDE87040F0
:1091700001F038BD70BD10B50446F7F789F800213D
:1091800002C464602460BDE81040F7F785B82DE99B
:10919000F3410646002402F09BFB0546F7F778F8FA
:1091A000804630680027012824D0019848B328461B
:1091B000AF6302F0C9FBB16805F11C04301D0C60FF
:1091C000B1682962B460E8610198002809DD05F101
:1091D000540001AA0021044602F062FC204602F07D
:1091E000ADFC4046F7F758F801F0FCFCAC6BF7F724
:1091F0004FF8804637604046F7F74EF82046BDE806
:10920000FC816FF00104F6E770B5044C044D02E0F8
:1092100020688047241DAC42FAD370BD90EA000854
:10922000A4EA000870B5044C044D02E020688047B1
:10923000241DAC42FAD370BDA4EA0008C8EA0008B5
:1092400001480068704700003C04002070B50A4ED9
:10925000356800F0F0F90446A84201D1002070BD45
:1092600044B1306808B100F0C6F90321204600F08F
:109270003FFA3460284670BD3C04002010B5044617
:1092800000F079F9F7F704F800212160F7F704F806
:10929000E06800F05DFB002010BD000010B5044642
:1092A00003620F482060A180E2802089C20BD203B4
:1092B000608942F4004222816FF30F00608104F163
:1092C0001000606120610830E061A061C80001F019
:1092D00017F9E06008B1002010BD6FF0040010BD68
:1092E0000E0EADBE10B504460089000401D5002065
:1092F00010BDF6F7CDFF02466089C0F30E0120894C
:10930000C0F30E00814201D8A3881944081A04B2A0
:109310001046F6F7C1FFA0B210BD70B50446008933
:1093200015460E46000402D56FF0030070BDF6F737
:10933000AFFF2289E168C2F30E02042351F8321014
:1093400031602289E168C2F30E0203EBC202895840
:109350002960F6F7A1FF002070BD2DE9FF5F0446EC
:10936000002502F0B5FA0646F6F792FF814600277F
:1093700006F11C0A04F1180B06F1540822E00398C8
:10938000E8B13046B76302F0DFFA5146584601F0C3
:1093900068F80398002807DD03AA0021404602F080
:1093A0007FFB404602F0CAFB4846F6F775FF01F026
:1093B00019FCB56BF6F76CFF81461DB14EE06FF0FE
:1093C00001054BE020890004D9D42189E068C1F36C
:1093D0000E01042250F83110019801602189E068E3
:1093E000C1F30E0102EBC1014158029801602089CE
:1093F000D10301EBF0304FEA70402081A288C0F326
:109400000E01914202D16FF30E002081608920F499
:10941000004060812189C1F30E02904202D141F4E3
:10942000004020812046FFF75DFFE188884215D883
:1094300004F1100001F02AF830B14846F6F72CFF8D
:10944000226AA2B1032110E020691C3802F01AFA46
:109450004846F6F721FF01F0C5FBF1E74846F6F76D
:109460001BFF25B9226A12B101212046904704B0A2
:109470002846BDE8F09F2DE9FF5F0446002502F075
:1094800027FA0646F6F704FF8146002706F11C0A74
:1094900004F1100B06F1540822E00398E8B13046BD
:1094A000B76302F051FA5146584600F0DAFF0398CC
:1094B000002807DD03AA0021404602F0F1FA4046E9
:1094C00002F03CFB4846F6F7E7FE01F08BFBB56B7C
:1094D000F6F7DEFE81461DB135E06FF0010532E0A2
:1094E00060890004D9D46289E168C2F30E02019850
:1094F00041F8320062890423C2F30E02E16803EBF3
:10950000C202029888506089D90301EBF0304FEA1B
:1095100070406081A288C0F30E01914202D16FF3C6
:109520000E006081208920F4004020816189C1F310
:109530000E02824202D141F40040608104F1180021
:1095400000F0A4FF20B14846F6F7A6FE55B10EE0A4
:10955000A0691C3802F096F94846F6F79DFE01F026
:1095600041FB04E0226A12B102212046904704B078
:109570002846BDE8F09F2DE9F0410446F6F788FE45
:109580002189CA0BD203618942F4004222816FF320
:109590000F016181F6F780FE00F0B0F94FF0FF3661
:1095A00004F118070AE0F6F773FE0546A069C661E4
:1095B0001C3802F067F92846F6F76EFE384600F0D0
:1095C00065FF0028EFD004F11007384600F05EFF79
:1095D00028B100F0A1F9BDE8F04101F003BBF6F7B6
:1095E00057FE05462069C6611C3802F04BF9284633
:1095F000F6F752FEE9E710B50446002094F8221071
:1096000031B1491E11F0FF0184F8221003D010BDC2
:109610004FF0FF3010BD616B21B12046884708B183
:10962000811DF7D10021218410BD036C03B11847BF
:109630006FF005007047092101F03EB910B50446EE
:10964000F6F726FE616D491C6165E16D31B1491E79
:10965000E16503D0BDE81040F6F71EBE216EE1655E
:10966000F6F71AFE94F86400012804D1A06C816812
:1096700009B120468847626A002A04D02046BDE826
:1096800010400821104710BD1223037700234362C6
:109690008362084BC362084B0363084B4363084B68
:1096A0008363084BC363084BC0E910320B2200F000
:1096B000ACB8000031A2000871A2000865A1000842
:1096C00091A200083DA300088BA1000810B5044634
:1096D0000020E16A00290AD0A27FD20607D42046E2
:1096E0008847002803D1E18B41F01001E18310BDD0
:1096F00070B504460D46A17F0020C90609D4E26A70
:109700001AB12046904700280CD1E18B41F010019E
:10971000E183A17F090706D594F82010090702D537
:109720006FF0060070BD226B72B12946204690474B
:1097300008B1811DF6D134F8201F41F008012180C5
:10974000A178491CA17070BD40F60F710D402584B1
:10975000F1E7000010B50C460B4919230B770023E5
:109760004B628B62CB620B634B63084B8B63084B82
:10977000CB63084B8C64C1E91032014603220248D6
:1097800000F043F8002010BDE80700204D6A0008F3
:109790006B6A0008336A00082DE9F04116460F464F
:1097A0001D4604464C22002100F004FF0020E06228
:1097B000206360630848A0630848E06308482064A9
:1097C0001D202077C4E9115639462046BDE8F041F6
:1097D000032200F01AB800009B6A0008D56A00084E
:1097E000896A000810B590F822402CB1846B34B11E
:1097F000A446BDE8104060474FF0FF3001E06FF035
:10980000050001F077FD002010BD2DE9F04116465E
:1098100004000F464FF0FF3503D00846FFF70BFF5B
:1098200010B12846BDE8F0813A460921204601F0F2
:1098300079F8E683002084F822002084F2E7416270
:109840000020704710B590F822402CB1C46B34B1A1
:10985000A446BDE8104060474FF0FF3001E06FF0D4
:10986000050001F047FD002010BD416D8B88CA88BE
:10987000934208D1896819B1006DC0F38F207047F9
:109880004FF00000704702D9A3EB02007047006D53
:10989000A2EB0301C0F38F20A0EB0100704770B56D
:1098A000446D0123A288E588114489B29542A180C4
:1098B0000ED8006DC0F38F20814217D3B1FBF0F2B8
:1098C00000FB1210A080E18888420FD3A36010E053
:1098D000E28891420AD3006DC0F38F208142F5D314
:1098E000B1FBF0F200FB1210A080EFE7A0680128A6
:1098F00003D1FDF76FF9A088E08070BD10B5F6F7D1
:10990000C7FC044A5188491C5180BDE81040F6F755
:10991000C3BC00003405002010B5F6F7B9FC0B4CB1
:109920006188491E09B2618000290ADC002161803A
:10993000F6F7B2FC6068002807D0BDE8104001F0DF
:1099400051B9BDE81040F6F7A7BC10BD34050020A2
:1099500070B504460948C16809B120468847002C03
:109960000AD0FCF7FBFF0546204601F02DFD2846F6
:10997000BDE87040FDF702B870BD00003C04002057
:1099800030B41A240477002444628462C462064D11
:109990000463C0E90D45C463044C0464C0E911329A
:1099A00030BC0322FFF731BF09610008A360000843
:1099B00010B5FAF753FDFBF757FF0749074801F0C9
:1099C000B7FD00F039FA00F065FB05A0FFF73EFC9B
:1099D000BDE81040FFF718BC005000202018002000
:1099E000756172743100000010B590B014221849EE
:1099F0000AA8F6F7F4FE322000240E908DF83540C8
:109A000028216846F6F71DFF012001940294CDE954
:109A100006400394089004940E2000940990059445
:109A2000282269460B48F6F7DAFE0A4814220AA9EA
:109A30007430F6F7D4FE0748054A2C38034601680F
:109A4000103A543000F0A2F810B0002010BD000011
:109A50001CE30008A80000202DE9FF410446C8B21D
:109A60000E464FF0010801280CD0022867D00328C9
:109A700065D0062861D1F6F70BFC216F491C2167E0
:109A8000F6F70AFCA06C00273212C368D4F808511C
:109A9000694620469847401C4FD0F6F7F9FB06462A
:109AA000E06EC4F89080401CE06605F1080000F00C
:109AB000E6FC28B105F1100000F0E1FC40B10EE039
:109AC000AF68384600F0F7FC6868401E686006E042
:109AD000206F2F69401C2067384600F0ECFC3046B0
:109AE000F6F7DAFB87B11022694607F1080000F0AB
:109AF00021FDF6F7CDFB0646394605F1100000F0D2
:109B0000A9FC3046F6F7C8FB606A002815D0F6F7C6
:109B1000BFFB024605F1100100200D4600E0401C8D
:109B20002D688D42FBD105011046F6F7B5FB002DDF
:109B300003D0626A294620469047BDE8FF8109129A
:109B4000142201EB4107D4F80C5102EBC70602289E
:109B50000CD0296841F806802868082101EBC7016C
:109B600004B00844BDE8F041FFF7E8BAF6F790FB0F
:109B70002968804600208851A26A12B1002120463F
:109B800090474046F6F788FBE6E700002DE9FC41E8
:109B900004460420207700256562A56217468846A2
:109BA000C4F808511E46012219A104F1DC00C4F8D2
:109BB0000C5100F037FD1748E06217482063174842
:109BC00060631748A0631748E063C4F8D450A764E3
:109BD0001548C4F8D85020643C22002104F16000EC
:109BE00000F0E8FC6664C4F89C500221E06DCDE909
:109BF000000123460D4A414604F1A00001F08AFF0E
:109C000002B041462046BDE8F0410322FFF7FDBD0A
:109C100063616E00F58E0008118F00084D8D0008FD
:109C20009190000815910008F78D00081570000844
:109C30007047000002490148086070470400FA05B7
:109C40000CED00E070B50546041D2B48016819B104
:109C50002846884700284DD028A0E16B00F0CCFBB7
:109C60002AA0216A00F0C8FB2CA0616A00F0C4FBA6
:109C70002EA0A16A00F0C0FB30A0E16A00F0BCFB9E
:109C800032A0216800F0B8FB34A0616800F0B4FB9A
:109C900036A0A16800F0B0FB38A0E16800F0ACFB92
:109CA0003AA0216900F0A8FB3CA0616900F0A4FB88
:109CB0003EA0A16900F0A0FB40A0E16900F09CFB80
:109CC00042A0216B00F098FB44A0616B00F094FB74
:109CD00046A0A16B00F090FB2878400706D501F064
:109CE000F7FD014645A000F087FB02E04BA000F025
:109CF00083FBFEE770BD0000280000207073723AFD
:109D0000203078253038780A000000007230303A70
:109D1000203078253038780A000000007230313A5F
:109D2000203078253038780A000000007230323A4E
:109D3000203078253038780A000000007230333A3D
:109D4000203078253038780A000000007230343A2C
:109D5000203078253038780A000000007230353A1B
:109D6000203078253038780A000000007230363A0A
:109D7000203078253038780A000000007230373AF9
:109D8000203078253038780A000000007230383AE8
:109D9000203078253038780A000000007230393AD7
:109DA000203078253038780A000000007231303ACF
:109DB000203078253038780A000000007231313ABE
:109DC000203078253038780A000000007231323AAD
:109DD000203078253038780A00000000206C723A74
:109DE000203078253038780A000000002070633A6F
:109DF000203078253038780A0000000068617264ED
:109E0000206661756C74206F6E2074687265616481
:109E10003A2025730D0A0D0A000000006861726483
:109E2000206661756C74206F6E2068616E646C656D
:109E3000720D0A0D0A000000174882B0816941F0D6
:109E400004018161816901F004010091816941F09F
:109E500008018161816901F008010091816941F087
:109E600010018161816901F010010091816941F067
:109E700020018161816901F020010091816941F037
:109E8000400181618069002200F040000090034998
:109E900003A002B0FFF75EBC0010024080E30008A0
:109EA00070696E002DE9FE430546C8B200274FF0E9
:109EB000010801281BD002285FD003286CD0042899
:109EC00013D1AC6D00236A4602A9201DFFF745FAA5
:109ED0006A4601A9201DFFF720FAA8B32760AA6AE5
:109EE000002A02D0284602999047BDE8FE836C6D97
:109EF000A86CC168284688470646401C25D0F6F75E
:109F0000C7F98146A18820684654A088401C80B2C9
:109F1000A080296DC1F38F21884200D3A780A1883A
:109F2000E08881420CD1401C80B2E080C4F80880F7
:109F3000296DC1F38F21884200D3E780FCF74AFEE8
:109F40004846F6F7A9F9D3E71CE0686A0028CCD0A8
:109F5000F6F79EF90246A088E188884201D3441AA8
:109F600004E0081A296DC1F38F210C1A1046F6F788
:109F700093F9002CB9D06A6A2BE0A86DBDE8FE43C6
:109F8000FFF7DCB8C4F80080A86CDDE900210469A3
:109F900002232846A047A2E70C121149286D084267
:109FA00006D16A6A214628466E6D904737609CE765
:109FB000F6F76EF9064621462846FFF770FC28465C
:109FC000FFF753FC04463046F6F766F96A6A002A42
:109FD0008BD003B021462846BDE8F043104700006F
:109FE00000FCFF0330B40024047744628462084C10
:109FF000C462084C0463084C4463084C8463084CF6
:10A00000C463084CC0E9104330BC92B2FFF7FDBBFB
:10A01000C1AF0008DDAF0008A9AE00086DB10008AF
:10A020001FB200085DAF000870B50546121D22F092
:10A03000070040380A4C0646002240F82240521CD5
:10A04000102AFAD3016200214162816200F13002DC
:10A05000C16282E82A004FF08071F16370BD000098
:10A06000EFBEADDE084810B500684FF47A71B0FB62
:10A07000F1F0FAF7F3FD0549F02081F8140D0449D9
:10A080000120086010BD0000680500200FE000E01E
:10A09000E00100202DE9F0471448154FDFF84C90FF
:10A0A000D0E900560020DFF84C80A7F8D400044621
:10A0B00009F1080940F2035A4D20604307EB800084
:10A0C00004EB840108EB8101C0F820914164C0E9F0
:10A0D0004956B0F8D420096842EA0A020023D83071
:10A0E000FFF780FF641CE7D0BDE8F087C0E30008FD
:10A0F000400900200004002030B41C240477002410
:10A10000084D4462C0E90A45074D0563074DC0E9A3
:10A110000D54C463064CC0E9104330BC92B2FFF743
:10A1200074BB0000DFBE0008EDBE000895BE00084D
:10A13000D9BE000870B50D4604464822002100F043
:10A1400039FA0020E06220636063A063E06320646A
:10A1500060641720207729462046BDE8704003221E
:10A16000FFF753BB70B5816C044600250A6812B135
:10A170000021904701E06FF00505E08B20F0100012
:10A18000E08300206062284670BD2DE9F04105465D
:10A1900000246FF4905008186FF005076FF0030368
:10A1A0000CD0012804D0022825D0032821D129E091
:10A1B000A86C8168E9B12846884735E05AB1EB6C54
:10A1C000106816461C68A04202D85B68984204D208
:10A1D0006FF0090428E01C4626E0A86C036943B12F
:10A1E0002846984704001FD1F6F752F831682965D0
:10A1F00018E03C4618E0002AEDD0E86C2BC882E855
:10A200002B0011E0002AE6D010781646012804D071
:10A21000022802D04FF0FF3406E0F6F739F8317823
:10A2200085F86410F6F738F82046BDE8F0810000A4
:10A2300010B5C16C0D4A0024D1E90031934203DB13
:10A24000914201DC026500E00165012180F86410A3
:10A250000021C1654165816C0A6812B101219047F6
:10A2600001E06FF00504204610BD000040420F00E1
:10A2700010B5816C00240B692BB100F1500241F242
:10A280000121984701E06FF00504204610BD000051
:10A290002DE9FC470446806C1E469146C0680028A4
:10A2A00047D0F5F7F5FF0746A06CC1682046884700
:10A2B00005463846D4F85480F5F7EEFFE06C007B95
:10A2C000022808D1206D03F04BFDA16D03F0A8FD1D
:10A2D00003F026FD451B206D03F042FD074628468E
:10A2E00003F056FD394603F03DFC0546404603F0B9
:10A2F00037FDA16D03F094FD294603F0C5FB04462C
:10A3000003F0F2FC009003F02BFD214603F085FEE4
:10A31000094903F085FD03F0E7FC0190082E01D9FF
:10A32000082400E0344622466946484600F002F917
:10A330002046BDE8FC870000002474492DE9F04167
:10A340000446806C1D4617464168022619B1816893
:10A3500009B1082D02D00020BDE8F08120468847D1
:10A36000F5F796FF00216165F5F796FF394620461F
:10A3700002F0D0FC0146E06D012804DC94F8640092
:10A38000012800D10126A06C324643682046984738
:10A3900000B100252846DFE710B5F5F779FF06493B
:10A3A00004460878401C0870496801B18847204677
:10A3B000BDE81040F5F770BF3004002010B5F5F788
:10A3C00067FF03490C78F5F767FF204610BD0000D2
:10A3D0003004002070B5F5F75BFF064C0546A16818
:10A3E00001B188472078401E20702846BDE87040A3
:10A3F000F5F752BF300400200FB47F2110B503AB36
:10A400000B48029A01F00EFC04467F2800D97F24F5
:10A410000848006840B12346054A0021FFF712FAB8
:10A42000204610BC5DF814FB0148FFF701FCF7E77C
:10A43000700C00203C0400200268516002680A6031
:10A440000160486070470268516002680A600160FC
:10A45000486070474268116042684A604160086025
:10A4600070474268116042684A6041600860704706
:10A470004268116042684A60416008607047016844
:10A48000814201D10120704700207047016881425C
:10A4900001D101207047002070470168814201D13D
:10A4A00001207047002070470168814201D10120DE
:10A4B000704700207047D0E900124A60D0E90012CE
:10A4C0001160406000607047D0E900124A60D0E936
:10A4D00000121160406000607047D0E900124A60CD
:10A4E000D0E900121160406000607047D0E90012AE
:10A4F0004A60D0E9001211604060006070470000BF
:10A500002DE9F0410446FCF729FA094E0746214699
:10A51000306900F0FFFE05463846FCF72FFAB268B6
:10A5200012B12146284690472846BDE8F081000038
:10A530003C04002010B50346102A1DD341EA030451
:10A54000A40719D110C9103A10C310C9102A10C39A
:10A5500051F8084B43F8084B51F8044C43F8044CAD
:10A56000F0D202E010C9121F10C3042AFAD203E08D
:10A5700011F8014B03F8014B521EF9D210BD000037
:10A5800070B514460D460646FCF7E8F9084916B1C1
:10A590000A69526A326015B10A69926A2A6014B176
:10A5A0000969C96A2160BDE87040FCF7E7B900009D
:10A5B0003C04002010B50346CCB2042A19D381070D
:10A5C00017D1194644EA042343EA034306E008C1CD
:10A5D000103A08C141F8083B41F8043C102AF6D271
:10A5E00001E008C1121F042AFBD20B4601E003F868
:10A5F000014B521EFBD210BD10B50146032000F0E6
:10A60000FBF800280DD000F11C010162C16101229C
:10A6100000218284FF23816280F8263080F8271091
:10A62000427410BD10B50A460446032100F07AF9C1
:10A6300004F11C002062E06101200021A084FF22BF
:10A64000A16284F8262084F827106074084610BDA3
:10A650002DE9F0410446002701F03AF90546F5F7E7
:10A6600017FE06462B48016809B120468847A06AB4
:10A67000A84208D04FF0FF343046AC63F5F70CFE2B
:10A680002046BDE8F08194F82710491E11F0FF0123
:10A6900084F8271030D194F8261090F83D2091428C
:10A6A00004D004F12602022100F099FF04F11C00FD
:10A6B0008046FFF7F2FE6FF0020558B1A08C290C1E
:10A6C000884221D2401CA0840020A062FF2084F890
:10A6D000260011E0E0691C38A06290F83D0084F883
:10A6E000260094F82700FF280ED2401C84F827008B
:10A6F0004046FCF751F901273046F5F7CDFD0FB183
:10A7000000F070FA0020BCE73046F5F7C5FD28469A
:10A71000B7E70000900400202DE9F341044601F062
:10A72000D7F80546F5F7B4FD07463148016809B189
:10A73000204688470020A863A06A6FF00206A8425E
:10A7400007D194F82700FF280DD2401C84F8270079
:10A750003AE0A18C69B1491EA184A56295F83D003B
:10A7600084F82600EDE73846F5F796FD3046BDE85B
:10A77000FC81019991B395F83D1090F83D209142EC
:10A7800004D205F13D02022100F029FF627C294636
:10A7900004F11C00FCF71EF90198002809DD05F101
:10A7A000540001AA0021064601F07AF9304601F072
:10A7B000C5F93846F5F770FD00F014FAA86B0028CB
:10A7C000D5D1F5F765FD07463846F5F765FD09482B
:10A7D000016809B1204688470020C8E7FFE76FF00D
:10A7E00001043846AC63F5F757FD2046BFE700008B
:10A7F000880400208C0400202DE9F0410F46064615
:10A8000000F07EF80546C068FFF77AFE041E1CD0F3
:10A810000021EA68FFF7CEFE267400206074102243
:10A820003946204600F071FE0948016809B120460A
:10A830008847F5F72DFD064604F11401281DFFF7A2
:10A84000FBFD3046F5F728FD2046BDE8F08100000D
:10A850008004002070B504460A48416809B12046CA
:10A86000884700202074F5F713FD054604F1140015
:10A87000FFF72AFE2846F5F70FFD2046BDE8704099
:10A88000FFF766B88004002070B5044609484168A7
:10A8900009B12046884700202074F5F7F9FC0546E9
:10A8A00004F11400FFF710FE2846BDE87040F5F7EC
:10A8B000F3BC0000800400202DE9F0410646084664
:10A8C00000F01EF805462EB125B1FFF717F82F1D31
:10A8D0006C680BE00020BDE8F081A4F114051022A3
:10A8E0003146284600F001FE28B12468BC42F4D16C
:10A8F000FFF712F8EEE7FFF70FF82846EBE7000046
:10A90000074A002102EB01131B78834202D102EBBC
:10A9100001107047491C0A29F4DB00207047000031
:10A92000940400202DE9F041054617460E460846DE
:10A93000FFF7E6FF0446FEF7E1FF211D606800E037
:10A9400000688842FCD1FEF7E7FF46F080002874DB
:10A9500010223946284600F0D8FD0948016809B19F
:10A9600028468847F5F794FC064605F11401201D9A
:10A97000FFF762FD3046BDE8F041F5F78DBC000001
:10A9800080040020007C000601D5012070470020D3
:10A99000704700000A460349896C0B68014601486C
:10A9A00018470000E8070020024A01460148926C5F
:10A9B00092681047E80700200A460349896C4B68F3
:10A9C0000146014818470000E80700201FB5002293
:10A9D000009201920292039240B1002901DCC1F180
:10A9E0000001009106DC4FF0010105E06FF0070067
:10A9F00004B010BD4FF0000103916A464FF4E851D6
:10AA0000FEF713FEF4E71FB50024009401940294AE
:10AA1000039458B1002900DC49428DE80E006A46D3
:10AA200041F60251FEF701FE04B010BD6FF00700C1
:10AA3000FAE71FB50023009301930293039358B1E3
:10AA4000002900DC4942029200916A4641F6075112
:10AA5000FEF7EBFD04B010BD6FF00700FAE770B52C
:10AA600020F003050C20FFF74BFD040008D028461A
:10AA7000FFF746FD010005D02AB2204600F056F847
:10AA8000204670BD2046FEF763FF0024F8E710B5AE
:10AA9000044600F097F8002808D0012807D0E08885
:10AAA0004108A0884008814204D9081A10BDB4F9B1
:10AAB000080010BDB4F90820401A101A10BD70B576
:10AAC00015460E460446FFF7E2FF00282DD0A842A7
:10AAD00000D285B2B4F90810A088A1EB5002216819
:10AAE000AA4201EB500107DD2A463046FFF722FD5E
:10AAF000A08805EB500114E03046FFF71BFDB4F9C8
:10AB00000800A188A0EB51002A1A30442168FFF701
:10AB100011FDA088C14361F300002189A1EB500120
:10AB2000691A61F34F00A080284670BD10B5037903
:10AB3000002403F0010364F300038380837903F0AE
:10AB4000010364F30003C380016022F0030101816B
:10AB500010BD70B515460E460446FFF798FFB4F9D0
:10AB60000810081A0004000C2BD0A84200D2054699
:10AB7000E088A1EB50022168AA4201EB500007DDFA
:10AB80002A463146FFF7D6FCE08805EB500114E079
:10AB90003146FFF7CFFCB4F90800E188A0EB510083
:10ABA0002A1A81192068FFF7C5FCE088C14361F3C8
:10ABB00000002189A1EB5001691A61F34F00E08088
:10ABC000284670BD8188C0884A08B2EB500F07D173
:10ABD000C907B1EBC07F01D1002070470120704749
:10ABE000022070472DE9F843F5F752FB324E8046BC
:10ABF000708800285BD1B068E8B300256846FBF791
:10AC00008FFF0446706890F83C1001F00702032A99
:10AC10000ED190F83D20009B9A4202D303D10A073F
:10AC200001D4044600E0012521F0080180F83C1021
:10AC3000844233D0009931707460F26807460AB1DB
:10AC40002146904715B1384600F03AF8204600F00A
:10AC500071F894F83C0020F00700C01C84F83C0018
:10AC60002046FBF76FFF1548007840B104F124013E
:10AC700007F1240000E01AE0F5F711FB17E0316955
:10AC800009B13846884704F1240107F12400F5F79B
:10AC900006FB4046F5F700FBBDE8F88300F04AF8F4
:10ACA000706810F83C1F21F00701C91C0170404674
:10ACB000BDE8F843F5F7F0BA340500203004002071
:10ACC00070B50446F5F7E4FA184B0246586884421A
:10ACD00006D114F83C0F20F00700C01C207020E0C3
:10ACE00094F83C00124920F00700401C84F83C0016
:10ACF000050794F83D5004F11C0001EBC50106D591
:10AD00004D6828604D6845604860016005E00D6849
:10AD100068600D68056008604160206C99680843B0
:10AD20009860BDE870401046F5F7B6BA34050020CB
:10AD30001C0D002070B50546F5F7AAFA05F11C04B4
:10AD40000146D4E900024260D4E9000210602C629E
:10AD5000EC6195F83D00084A02EBC00002688242AF
:10AD600004D106482B6C82689A438260BDE870402B
:10AD70000846F5F791BA00001C0D002034050020AC
:10AD800010B504461C30FBF70EFE2046FFF77CFD95
:10AD9000002010BD2DE9F04116460A461F46054623
:10ADA0000221FFF7BFFD05F11C042C62EC61AE84AB
:10ADB0006F740020BDE8F0812DE9F041044615488C
:10ADC000016809B1204688470025F5F761FA064673
:10ADD00004F11C000746FFF760FB38B1A08C4FF66A
:10ADE000FF7188420FD2401CA08403E03846FBF775
:10ADF000D3FD01253046F5F74FFA0DB1FFF7F2FE0E
:10AE00000020BDE8F0813046F5F746FA6FF0020009
:10AE1000F7E70000900400202DE9F34104462048A4
:10AE2000016809B120468847F5F732FA0646A08C3A
:10AE300028B1401EA0843046F5F72EFA21E0019893
:10AE400038B300F045FD05460020A863627C294622
:10AE500004F11C00FBF7BEFD0198002809DD05F197
:10AE6000540001AA0021074600F01AFE384600F0FF
:10AE700065FE3046F5F710FAFFF7B4FEA86B002820
:10AE800005D10848016809B1204688470020BDE87F
:10AE9000FC813046F5F700FA6FF00100F7E700009B
:10AEA000880400208C04002070B5044690F822002D
:10AEB000012801D9002070BD208C4FF00006C1058B
:10AEC0000BD5A06C4FF4807211214368204698473F
:10AED000208C20F4807121840CE080050ED5A06CBC
:10AEE0004FF400721121436820469847208C20F4CB
:10AEF00000712184606DFEF72BFD6665208C410595
:10AF00000CD5A06C4FF4806211214368204698470D
:10AF1000208C20F480612184A06D11E0000512D501
:10AF2000A06C4FF400621121436820469847208CA2
:10AF300020F400612184A56D281DFEF79FF92846A5
:10AF4000FEF706FDA665A06C00220421436820469A
:10AF50009847E08B20F01000E083ABE770B5002449
:10AF600001290DD0022907D003290ED0836C5B681C
:10AF700098470446204670BDC18B41F0200102E095
:10AF8000C18B21F02001C183F4E7002AF2D051687F
:10AF9000056DC1F38F23C5F38F25AB4204D090F824
:10AFA00022300BB1072070BD1368C0E9133190F84F
:10AFB00022100029DED0816C0B6811469847D9E732
:10AFC00010B5002141658165826C12681AB100F1EB
:10AFD0004C0190470146084610BD00002DE9F041A4
:10AFE0000D460446002789056FF0070002D5E18B66
:10AFF00089056FD5290502D5E18B09056AD5E905D3
:10B0000002D5E18BC90565D5690502D5E18B4905F6
:10B0100060D5680603D494F82000400600D5402788
:10B02000E8B22084616D4FF0000821B1E90552D5E6
:10B0300040F4807153E0E80521D5206DC0F38F20E6
:10B040000C30FFF75DFA06460C303060216DC1F31D
:10B050008F220021FFF7AEFAA6F80480A6F806803A
:10B06000C6F808806665208C4FF4807240F48071C9
:10B070002184A06C102143682046984730E0A80541
:10B080002ED53949206D084206D10420FFF738FA41
:10B09000C0F8008060651BE0C0F38F200C30FFF724
:10B0A0002FFA06460C303060216DC1F38F2200214B
:10B0B000FFF780FAA6F80480A6F80680C6F8088094
:10B0C0006665A06C4FF400720321436820469847E0
:10B0D000208C02E046E0A90502D540F400712184ED
:10B0E000A06D00284FEA455005D0002830DA208CAA
:10B0F00040F4806031E0002810DA0C20FFF700FAFD
:10B100000546FEF738F8A565208C4FF4806240F4C0
:10B1100080612184A06C1021436816E028051DD5AC
:10B120002820FFF7EDF9054640F8048B00230422A0
:10B130000821FEF7B3F8A565208C4FF4006240F4B7
:10B1400000612184A06C032143682046984705E0F4
:10B15000280503D5208C40F400602084208C3843DF
:10B1600020840020BDE8F08100FCFF032DE9F047BA
:10B1700011461BB30646008CC20532D50D461C464F
:10B180009A464FF00009776DF5F782F80146F88886
:10B19000BA88904201D1BA689AB13A6812F8008030
:10B1A000401C80B2F880326DC2F38F22904201D3EE
:10B1B000A7F80690B868012807D008E00020BDE88D
:10B1C000F0870846F5F768F808E0C7F808900846E1
:10B1D000F5F762F805F8018B641ED5D1AAEB0400DF
:10B1E000EDE7800505D53046BDE8F0471A46FBF788
:10B1F000FBBC0D461C461F46B06CC16830468847F4
:10B20000411C0AD005F8010B96F82010641E49066F
:10B2100001D50A2801D0002CEED1381BCFE72DE94B
:10B22000F04714466BB10646008C4FF0FF394105DC
:10B2300026D5D6F858801D461F4620780A2803D008
:10B240000DE00020BDE8F08796F82000400606D506
:10B25000B06C0D21826830469047401C0BD0B06C1A
:10B260002178826830469047401C04D0641C6D1ED3
:10B27000002DE2D13CE049464046FDF788FFF7E764
:10B2800000051D461FD5B76D4B462A462146381D81
:10B29000FEF7F1F810B100F02DF8D2E7F4F7F8FF5F
:10B2A000396801290BD001213960F4F7F5FFB06C42
:10B2B00002232A46076921463046B84701E0F4F7E1
:10B2C000EBFF2846BEE71F4620780A2808D196F8EB
:10B2D0002000400604D5B06C0D21826830469047AE
:10B2E000B06C2178826830469047641C6D1EEBD1AB
:10B2F0003846A7E770B50446FFF760F8044D20B95B
:10B3000000F0E6FA08B1846370BD6C6070BD0000A7
:10B310003C040020F0B5E9B3C91C21F003030C2B59
:10B3200000D20C23C26B9A424CD3046B816B091B75
:10B33000D61A45E062181578ED073FD155686D1AA9
:10B340000C3D9D423AD3556803F118076E1A0C3E26
:10B35000BE4222D3CD180C352C4420F001062660C5
:10B360005668C4E9016155606168C46B0C34A14240
:10B3700002D0046B21448D60816A0C3319448162D0
:10B38000C36A8B4200D2C16240F001011160816B3F
:10B39000914200E016E008D00DE0111B691A836AA3
:10B3A000ECE7036B4968194481630B78DB0702D033
:10B3B000436B9942F5D102F10C00F0BD091D6158B3
:10B3C0008E42B7D20020F0BD010011D00C390868C0
:10B3D00020F001000860826B8A4200D98163036B10
:10B3E0004A68CB1AD21A836A9A1A8262FDF782BA25
:10B3F000704700002DE9F04106461346C81C20F0B6
:10B40000030404F14002D01C20F003050B4423F098
:10B410000300182830D9A0F1180797422CD3471BF6
:10B42000402200212046183FFFF7C4F832460C2185
:10B430002046FFF777FA04F11C0112A081E8A10071
:10B44000E76325632C60E06B0C3068600020A86027
:10B45000206B6968084444F0010160630160E06B9F
:10B46000616B0C304860E06B616B0C308860206B66
:10B47000A0632046BDE8F0811A4604A0FEF7BCFF99
:10B480000020F7E7736D616C6C0000006D656D2046
:10B49000696E69742C206572726F722062656769CB
:10B4A0006E206164647265737320307825782C2077
:10B4B000616E6420656E64206164647265737320DC
:10B4C000307825780A0000000FB410B504AA03995B
:10B4D00000F0D8FC10BC5DF814FB014600E0491CEC
:10B4E0000A78002AFBD1081A704710B5002408E03A
:10B4F000037811F8014B1C1B64B224B9401C13B132
:10B50000521E002AF4D1204610BD10B5002A07D0E3
:10B51000034611F8014B03F8014B2CB1521EF8D130
:10B5200010BD03F8011B00E00021521EF9D110BD2F
:10B530000B46C11C21F0030223F003018A1A10B547
:10B54000014606A0FFF756FF064901220861BDE843
:10B55000104005A10648FFF765B8000068656170F6
:10B56000000000003C0400206865617000000000DD
:10B57000F00C002010B5074B0022074C5A801046F3
:10B5800004EBC001401C496009602028F8DB9A6088
:10B5900010BD0000340500201C0D002038B56846A1
:10B5A000FBF7BEFA0446064844602046FFF7C2FB9C
:10B5B000032084F83C0004F12400F4F79EFE38BD1B
:10B5C00034050020044A002002EBC001401C496001
:10B5D0000960F9D0704700006005002070472DE930
:10B5E000F0411546044621B3012926D0022911D184
:10B5F000F4F74EFE074694F83C00012600F00700E1
:10B6000001280AD0287884F83D0086402664384610
:10B61000F4F742FE0020BDE8F0812046FFF78AFBE8
:10B62000287884F83D00864020462664FFF748FBD2
:10B63000EDE7BDE8F04100F073B9FFF7A3F9012889
:10B64000204606D000F052F80446FFF7CBFA204619
:10B65000E1E700F06AF8F7E72DE9FF478946DDE901
:10B660000C76824601461D4690460120FFF7C4F83D
:10B67000041E0DD02846FEF743FF60B103968DE807
:10B68000A10043464A4651462046FBF775FB20463B
:10B6900004B0BDE8F0872046FFF7DCF80020F7E7AC
:10B6A00070B50A4900250C688C420DD0A4F11C0528
:10B6B000F4F7EEFDD4E900124A60D4E900121160FB
:10B6C00064602460F4F7E8FD284670BD280400207B
:10B6D00004491C300A6850600A68026008604160D2
:10B6E000704700002804002000F0F8B870B5044648
:10B6F00090F83C0000F00701042914D0400702D064
:10B700002046FFF717FBF4F7C3FD054604F154008C
:10B7100000F0ECF9042084F83C002046FFF7D8FF45
:10B720002846F4F7B9FD002070BD70B5044690F8C6
:10B730003C0000F00701042914D0400702D0204645
:10B74000FFF7F8FAF4F7A4FD054604F1540000F001
:10B75000CDF9042084F83C002046FFF7B9FF2846C5
:10B76000F4F79AFD002070BD0121FFF7A5B8000095
:10B77000114E002456F8240000B18047641C042CAC
:10B78000F8D3FFF78DFF0400F3D0D4F88870FFF7EB
:10B79000F9F80546012802D12046FFF775F80FB1E8
:10B7A0002046B847002DECD1206BFEF7D1F820469B
:10B7B000FFF750F8E5E70000600C00202DE9F047A6
:10B7C000DFF84CA0002488B020264FF01F084FF46B
:10B7D0008079AAF1900522460EA104A8FFF774FE15
:10B7E0000AEB0421CDE9001904EBC400CDE902867F
:10B7F00005EB001007460023084A04A900F02AF8C8
:10B80000384600F08DF8641CE5D008B0BDE8F0873C
:10B81000600B00207469646C6525640071B70008D2
:10B8200070B505466FF00204F4F732FD084A03468E
:10B83000002152F8210038B1491C0429F9D31846D7
:10B84000F4F72AFD204670BD42F821500024F6E7A7
:10B85000600C00202DE9FF5F92460EAA0F4692E889
:10B8600070010A46994683460121FFF75BF88DE88F
:10B8700070014B46524639465846FBF77DFA04B0F4
:10B88000BDE8F09F70B5044690F83C0000F007005A
:10B89000022802D04FF0FF3070BDF4F7F9FC0546E6
:10B8A00004F11C00FEF719FE04F1540000F09CF9AD
:10B8B0002046FFF705FA2846F4F7EEFC03484168F6
:10B8C00009B120468847002070BD000048050020CF
:10B8D000014800687047000038050020F1B50F48A6
:10B8E0000468F4F7D5FC064600252046A56300F061
:10B8F0002BF804F154006A460021074600F0D0F806
:10B90000384600F01BF93046F4F7C6FCFFF76AF939
:10B91000A06B801C00D1A563A06BF8BD380500208A
:10B9200010B590F83D20012191400164022180F87A
:10B930003C10FFF7A7FF0348006808B1FFF752F972
:10B94000002010BD3805002070B5044690F83C007A
:10B9500000F00700012804D0032802D04FF0FF3088
:10B9600070BDF4F795FC05462046FFF7E3F994F81F
:10B970003C0020F00700801C84F83C0004F15400D7
:10B9800000F032F92846F4F787FC0348016809B152
:10B9900020468847002070BD480500200148006807
:10B9A000704700002004002070B5124D686800B197
:10B9B0008047F4F76DFC04462868401C2860FFF7B8
:10B9C00087FF016D491E016506D02046F4F764FC2F
:10B9D000BDE8704000F010B8C16C016510F83C1F64
:10B9E00041F0080101702046F4F756FCFFF7FAF821
:10B9F000EEE70000200400202DE9FC41CDF804D042
:10BA0000CDF800D0FFF7CAFF0546F4F741FC074622
:10BA1000224E38E021486FF000410C300468606924
:10BA20001C3C281A884234D2716809B120468847E4
:10BA30002046FBF70EFA607C810702D420F001005B
:10BA4000607404F11C0188466846FEF7FCFCD4E9EA
:10BA500009108847FFF7A2FFB168054609B12046E3
:10BA600088476846FEF720FD68B94046FEF73EFD70
:10BA7000607C810707D5C10705D020F00100607404
:10BA8000204600F05BF805480C30FEF70DFD00285D
:10BA9000C0D03846F4F700FCBDE8FC815405002016
:10BAA00070B515460E460446F4F7F2FB062E17D283
:10BAB000DFE806F00503080C111AE16A0FE02968B7
:10BAC000E1620DE0617C21F0020102E0617C41F065
:10BAD0000201617404E0617CC90700D00121296082
:10BAE000F4F7DAFB002070BD216BF8E770B504466F
:10BAF000F4F7CEFB05462046FBF7ABF9607C20F05F
:10BB0000010060742846F4F7C7FB2046FEF7BCFE30
:10BB1000002070BD2DE9F8439046DDE908450A464E
:10BB20001F4606460A21FEF7FDFE23463A464146D9
:10BB300030460095FBF77AF9BDE8F8832DE9F84324
:10BB400004464FF00008F4F7A3FB81462046FBF7BC
:10BB500080F9607C20F0010060742148016809B11F
:10BB600020468847FFF71AFFE16A1E4F43182363F8
:10BB700000226D4600970CE00668A6EBC2014969F9
:10BB8000994204D0C91A6FF0004C614508D345F8BA
:10BB9000226007EBC20155F8220049688842EBD1C8
:10BBA0001AB105EB820108304860521CF1D00D49F2
:10BBB0000C390868401C086004F11C010098FEF76D
:10BBC00042FC607C40F0010060744846F4F764FB7E
:10BBD000B8F1000F01D0FFF705F80020BDE8F883A9
:10BBE0008C0400206005002070B50446407CC0072E
:10BBF00013D00B48016809B120468847F4F748FB89
:10BC000005462046FBF725F9607C20F001006074B2
:10BC10002846F4F741FB002070BD4FF0FF3070BDA7
:10BC2000900400202DE9FF4F83B08146044604981C
:10BC30001F4609EB00084FF0FF3B4FF0200AA045DC
:10BC400003D2C9F1FF30D8460490FAE0252803D08A
:10BC500044457CD220707AE000250599491C059165
:10BC600008782D2811D02B2812D0202813D0232873
:10BC700014D0302815D00A785E46303A0A2A13D2FA
:10BC800005A800F078F9064618E045F01005E4E74D
:10BC900045F00405E1E745F00805DEE745F020053D
:10BCA000DBE745F00105D8E72A2807D1491C0591B3
:10BCB00040CF002E02DA764245F0100505985B462B
:10BCC00001782E2913D1401C05900178A1F1300292
:10BCD0000A2A04D205A800F04EF9034604E02A29F6
:10BCE00004D1401C059008CF002B00DA0023059AF0
:10BCF00000201178682901D06C2902D1521C084615
:10BD0000059211784FF00A0C6F297FD00CDC632963
:10BD10001FD004DC252975D058290DD179E064297C
:10BD20007CD0692908D179E0702960D073292AD0A4
:10BD3000752975D078296ED0444501D22520207010
:10BD40000598641C0178D1B3444500D22170641C6D
:10BD500074E0E80608D45146761E002E04DD444502
:10BD600000D22170641CF7E717F8040B444500D299
:10BD70002070514602E0444500D22170641C761EBA
:10BD8000002EF8DC5AE002CF01B93CA1002000E00F
:10BD9000401CB04202D00A5C002AF9D1002B02DD1F
:10BDA000984200DD1846EA060AD452463346761E0B
:10BDB000834205DD444500D22270641CF6E74CE066
:10BDC000002206E0444501D20B782370491C521C26
:10BDD000641C8242F6DB52463146761E81422DDDDE
:10BDE000444500D22270641CF6E70FE00AE0701CA4
:10BDF00002D1082645F001050096CDE9013504CFB2
:10BE0000102316E04445A2D2252023E74FF0080C6A
:10BE100006E045F040054FF0100C01E045F002054A
:10BE20006C2801D068281BD004CF0096CDE90135DD
:10BE3000634641462046FCF78BFD04460598401CAE
:10BE400005900598007800287FF400AF049880B131
:10BE5000002044450BD220700BE0401E0590EDE71A
:10BE600037F8040B82B2A807DFD512B2DDE708F875
:10BE7000010C07B0A4EB0900BDE8F08F284E554C2B
:10BE80004C290000134610B50A464FF0FF31FFF76A
:10BE9000C9FE10BD10B5816C00224B6841F6064109
:10BEA0009847002804D003A0FEF7A6FA4FF0FF3011
:10BEB00010BD000020546869732077617463686462
:10BEC0006F672063616E206E6F74206265207374EB
:10BED0006F7065640A000000836C5B681847816CB2
:10BEE000096801B108476FF00500704700207047EE
:10BEF0000E4810B50C49C1640621016540F6FF717A
:10BF000041650021A0F858100A49094A00230A6037
:10BF1000094A4A6081641A4608A1FEF7EDF8002834
:10BF200001D04FF0FF3010BD00300040740A0020F7
:10BF3000F9D100081404002081D10008776474004E
:10BF40000020704700207047002070470020704795
:10BF500010B5F4F79DF9FDF72BFDFFF733FBFFF765
:10BF600009FBFCF7DDFEFFF739FBFFF727FCFFF7C6
:10BF700015FB002010BD10B5024600206FF02F0405
:10BF800007E04B1C1360097800EB800004EB4000D5
:10BF9000084411680B78303B0A2BF2D310BD000027
:10BFA0002DE9F04714461D4680460022BF4B20462F
:10BFB000294601F049FC02D20024BC4D08E00022D1
:10BFC000BB4B2046294601F005FB01D2B84D0024A9
:10BFD000B84FB94EDFF8E492B8F1010F75D0B8F15F
:10BFE000020F1CD0B8F1030F6DD0B8F1040F6BD164
:10BFF000002213462046294601F026FC4FF000029D
:10C000007ED23B462046294601F020FB01F0A2FAF1
:10C0100004461E20FBF7F9FD002872D004E100223F
:10C0200013462046294601F00FFC4FF000021FD2B4
:10C030003B462046294601F009FB01F08BFA0446F5
:10C040001720FBF7E2FD012803D11620FBF7DDFDE9
:10C0500058B100211620FBF7DAFD22460221F068D4
:10C06000FEF7E7FC012117200CE1224602210FE137
:10C0700000232046294601F0ADFA1DD200224B468E
:10C080002046294601F0E2FA01F064FA044617203E
:10C09000FBF7BBFD20B91620FBF7B7FD0128E4D064
:10C0A00000211720FBF7B3FD22460221F068FEF7BE
:10C0B000C0FC01211620E5E000211720FBF7A7FDB9
:10C0C0000021F7E701E056E0EEE0002213462046AB
:10C0D000294601F0B9FB4FF0000222D23B46204630
:10C0E000294601F0B3FA01F035FA04461820FBF7AF
:10C0F0008CFD012803D11920FBF787FD70B101E009
:10C100009DE08CE000211920FBF781FD22460121F2
:10C11000F068FEF78EFC01211820B3E022460121D1
:10C12000B6E000232046294601F054FA1DD2002231
:10C130004B462046294601F089FA01F00BFA0446E5
:10C140001820FBF762FD20B91920FBF75EFD0128DE
:10C15000E4D000211820FBF75AFD22460121F068A7
:10C16000FEF767FC012119208CE000211820FBF765
:10C170004EFD0021F7E7002213462046294601F034
:10C1800063FB4FF000021ED23B462046294601F0D9
:10C190005DFA01F0DFF904460820FBF736FD20B90F
:10C1A0001F20FBF732FD01280AD000210820FBF7F1
:10C1B0002EFD22460321F068FEF73BFC01212CE016
:10C1C0002246032164E000232046294601F002FABA
:10C1D0001ED200224B462046294601F037FA01F0D4
:10C1E000B9F904460820FBF710FD012804D11F20EF
:10C1F000FBF70BFD0028E3D000211F20FBF707FD14
:10C2000022460321F068FEF714FC0121082039E0E2
:10C2100000210820FBF7FBFC00211F2032E01D203D
:10C22000FBF7F3FC012831D000211E20FBF7EFFCC7
:10C2300022460421F068FEF7FCFB012132E00023D6
:10C240002046294601F0C6F927D200224B46204657
:10C25000294601F0FBF901F07DF904461E20FBF7A9
:10C26000D4FC012803D11D20FBF7CFFC70B10021C5
:10C270001D20FBF7CCFC22460421F068FEF7D9FB19
:10C2800001211E20BDE8F047FBF7C1BC2246042176
:10C29000F068BDE8F047FEF7CCBB00211E20FBF79D
:10C2A000B6FC00211D20EDE7BDE8F0870000E03F6F
:10C2B0000000E0BF006AE84078050020006AE8C09E
:10C2C000406C0068816812B141F0010101E021F089
:10C2D00001018160002070470146002012290BD225
:10C2E000DFE801F00A090B0D0F11131517191B1DBB
:10C2F0001F21232527290120704702207047032092
:10C3000070470420704705207047062070470720BB
:10C31000704708207047092070470A2070470B209B
:10C3200070470C2070470D2070470E2070470F207B
:10C33000704710207047112070470C207047FEB5E1
:10C3400016460C46456C0C2200216846FEF732F971
:10C35000112C18D82046FFF7BFFF00900120019054
:10C360000520029069462846F7F76CF82846F7F74B
:10C3700043FA64212846F7F7A1F92846F7F7E0F8D1
:10C3800030600020FEBD4FF0FF30FEBD40F6E440BF
:10C39000704700002DE9FC5F20A00027D0E90010C5
:10C3A000CDE90010DFF87CB0DFF87C903C464FF020
:10C3B000FF3A302004EB4401C4EB44188DF803002D
:10C3C0000BEB011609EB8805282231462846F4F7C5
:10C3D00006FAB06AA862F06AE86259F828001349C0
:10C3E000884202D131218DF803101149884202D1CF
:10C3F00032208DF803002846F7F7A6F838B92B4607
:10C4000005F130000B4A6946FDF7BAFA00B157460C
:10C41000641CCED03846BDE8FC9F000061646330E8
:10C42000000000004C0000203408002000240140DF
:10C4300000280140B4E2000870B50546D838426CC7
:10C44000526802600A6842600C2242610022C261A6
:10C450004B68C3F380636BB163B14FF44073836186
:10C460004B684FF4805603F00F04082C04D0092CBD
:10C4700008D110E08261F3E7C3F38113012B0AD0E6
:10C48000022B08D082600B79C3F301130BB1012B8F
:10C4900003D0C26004E08660F5E74FF40053C36048
:10C4A0000979C1F3811119B1012903D0022904D0FE
:10C4B000026105E04FF4C06101E04FF48061016169
:10C4C00095F82010090701D4C0F88C20F9F7C8F8B6
:10C4D000002801D04FF0FF3070BD10B5A0F1D80496
:10C4E00003294ED0042950D0102938D011294FD11A
:10C4F000606C90F9080000280DDB00F01F0301219B
:10C5000099404009800000F1E020C0F88011BFF39D
:10C510004F8FBFF36F8F2068C16821F02001C16089
:10C52000B2F5007F03D0B2F5006F0DD030E0606C43
:10C53000C06890F90800F7F7C7FF04F14800044607
:10C54000F7F7B3FC204607E0606C006990F908003B
:10C55000F7F7BAFF04F19000F7F716FD18E0606CEA
:10C560000022012190F90800F7F7CCFF606C90F9E8
:10C570000800F7F7BAFF2068C16841F02001C160E8
:10C5800006E0114600F006F802E02046F8F746FF04
:10C59000002010BD2DE9F0470E46A0F1D805294630
:10C5A00081464A6C4FF40073903890319E4202D11C
:10C5B0000446D76801E017690C462F4AD2F814C028
:10C5C000D7F804804CEA080CC2F814C052694FF442
:10C5D00000629E4202D1ED66A86304E0964202D159
:10C5E000C5F8B45069633868206000208021C4E930
:10C5F0000201206198466061464502D160602020BA
:10C6000003E0964202D110216160A0614FF4805096
:10C61000E0612046F7F7B8FC2046F7F7E3FC464513
:10C6200011D1D9E91410C1F38F2201682846F9F716
:10C6300097F82868416921F0010141612868C168C3
:10C6400041F01001C160002297F908001146F7F788
:10C6500059FF97F90800F7F748FF686C002201219D
:10C6600090F90800F7F74EFF686C90F90800BDE8F4
:10C67000F047F7F73ABF00000010024010B5140071
:10C68000A0F1D80005D0022B03D1A2B2F9F784F8AB
:10C6900008B1002010BD204610BD00B5A0F1D803A0
:10C6A0004FF0FF3019680968C943890606D4196933
:10C6B000986800F0A9FA19684968084000BD0000B0
:10C6C0003EB50020134C0090019002901048A064E9
:10C6D000F7F77AFE0090F7F77DFE01900020C4E99D
:10C6E00014000822694604F15000FDF723FFA465F9
:10C6F00009A12046FDF71EFD10B14FF0FF303EBDF1
:10C700000448012204A16030FDF78CFF00203EBDEB
:10C7100030E30008B00800206877637279746F0016
:10C720002DE9F0418EB0064600241C216846F4F73E
:10C7300088F8A046CDF83080CDF82C80CDF81C804C
:10C74000CDF82080CDF82480CDF82880C6F8508020
:10C75000C6F85480C6F8588006F14C05C6F85C80CF
:10C760002846C6F86480F8F745FB671EF0BB2846EC
:10C77000F8F78EFDD0BB4FF48050079007A92846EC
:10C78000F8F7CAFB90BBCDF82C800BA92846CDF852
:10C790003080F8F779FA48BB6020CDE90008CDF881
:10C7A0000880CDF81080CDF81880CDF8148096F868
:10C7B0009400C00705D0002269462846F8F705FD19
:10C7C000A0B996F89400800705D50422694628464A
:10C7D000F8F7FBFC50B996F89400400705D50822FD
:10C7E00069462846F8F7F1FC00B900E009E096F840
:10C7F0009400000707D50C2269462846F8F7E5FCA7
:10C8000008B13C4607E02846F8F7A6FC286801680E
:10C8100041F0040101600EB02046BDE8F081000047
:10C820002DE9F0470E4F00240E4E254607F1100863
:10C830004FF0FF39C4EBC40000EB041006EBC0005E
:10C8400000F16802C0E91287D0F8B410FCF71CFFB1
:10C8500000B14D46641CEDD02846BDE8F0870000CD
:10C860009CE30008A80200202DE9F047C1F3031063
:10C87000DDF820801E4615460C466FF00509052898
:10C8800009D204F00F010120884080B2FAF709FBB9
:10C890000746102802D34846BDE8F087F3F7F8FCB6
:10C8A000014607EB4700144F37F92030A34212D15D
:10C8B00007EB8002D2F804C0B4450CD1B2F802C034
:10C8C000AC4508D1D2F808C0C44504D10846F3F7F6
:10C8D000E3FC0020E0E75B1C05D00846F3F7DCFC36
:10C8E0006FF00600D8E727F8204007EB800046608D
:10C8F0004580C0F80880E9E7E801002070B54FF0F6
:10C90000FF35C1F303106E1F052809D201F00F0196
:10C910000120884080B2FAF7C4FA0446102801D3F7
:10C92000304670BDF3F7B4FC01460A4B04EB4400FB
:10C9300033F92020521C07D023F8205003EB80004D
:10C9400000224260428082600846F3F7A5FC002086
:10C9500070BD0000E801002070B505460024FEF718
:10C96000BCFD021F6FF00901022A0BD22A78502A5F
:10C9700008D1AA782E2A05D16B78413B192B01D812
:10C98000032108E0084670BD04EB840252006C5C91
:10C99000303A1444491C8142F6DB03F00F01204673
:10C9A00061F31F1070BD00002DE9FF5FC1F303109C
:10C9B000052812D24948C1F3031300EB8326012353
:10C9C00001F00F00DFF810A103FA00F5DFF8108185
:10C9D0004FF00009012A01D0F2B379E09B46A8B2DA
:10C9E000FAF75FFA0446102872D2F3F751FC3C497B
:10C9F000074604EB4400091D31F92020521C0ED0DB
:10CA0000ABB20093032301EB8000039340880AEB51
:10CA1000840440B101280BD0022810D10CE0384624
:10CA2000F3F73AFC54E0022002902E48019006E011
:10CA30002D48CDE9010B02E02C48CDE90109304633
:10CA40006946F7F7C3FB94F9020000220521F7F7C6
:10CA500059FD94F9020000E008E0F7F746FD21884F
:10CA6000D8F800201143C8F800102AE0A8B2FAF75D
:10CA700018FA102801D34C4601E00AEB80043CB3BD
:10CA8000F3F706FC0746A9B23046F7F711FB2088FA
:10CA9000D8F80010A0F120028143C8F80010B2F5C8
:10CAA000F07F02D801F4787006E0A0F58060B0F560
:10CAB000F84F02D801F47C4018B994F90200F7F756
:10CAC00003FD3846F3F7E8FB002004B0BDE8F09F13
:10CAD0006FF00500F9E7000040E30008000801409E
:10CAE000E4010020000011100000211000003110AE
:10CAF0001FB5C1F30310052823D201F00F01012453
:10CB000004FA01F399B2CDE9001400210323CDE921
:10CB1000021382B1012A06D0022A06D0032A07D0C6
:10CB2000042A0FD007E0019105E0CDE9011402E0ED
:10CB3000019102210291044901EB80206946F7F737
:10CB400045FB1FBD1121EEE7000801400020C1F3A5
:10CB50000312052A09D2054800EB822001F00F02DA
:10CB60000121914089B2F7F717BC704700080140D6
:10CB7000C1F3031005280AD2054BD2B203EB802083
:10CB800001F00F030121994089B2F7F70ABC704701
:10CB90000008014050F8D83D6FF040021A6002686A
:10CBA000516000680168C9434906FBD40120704701
:10CBB0002DE9F04113490024264691F89400884657
:10CBC00040F00F0081F89400671EC4EBC40000EB36
:10CBD000441108EB81052846FFF7A2FD08B13E4647
:10CBE0000CE0084A05F14C032846121FD5F89810AE
:10CBF000FCF7D2FD00B13E46641CE6D03046BDE8ED
:10CC0000F081000064030020020004D0B0F5805FD2
:10CC100003D129B102E009B17F207047FF2070479E
:10CC200040F2FF107047000010B5FEF7B7FE024655
:10CC30004FF0E0204FF47A7380690549081A584391
:10CC4000491CB0FBF1F00021E2FB030110BD000024
:10CC50003F190100FDF7D0BCFDF7FABCFDF75CBD44
:10CC6000FCF7E3BCFCF7E7BCFCF730BD02004FF07B
:10CC7000010002D01046FCF73BBD704770B504467A
:10CC80000D46FEF78BFE4FF0E0214FF47A73896971
:10CC9000064A511A5943521CB1FBF2F20021E0FB43
:10CCA0000321101B61EB050170BD00003F1901005D
:10CCB0007CB51C461423C9B2069DCDE9001313466A
:10CCC0002A462146FEF7C8FC18B1FEF729FE0020CF
:10CCD0007CBD4FF0FF307CBDFEF706BDFEF706BD04
:10CCE000FEF742BDFEF7F4BD30B587B00025142134
:10CCF00068460595F3F7A5FD05A96846F7F7A8FD71
:10CD00000398012400B10224F7F7C2FD07B0604385
:10CD1000294630BD2DE9F84F04464FF07E570E46A8
:10CD20004FF00008B946006D01F01AF88246E06C39
:10CD30005546806801F02CF8294600F013FF00905A
:10CD4000706801F00DF8324900F00CFF05463068BC
:10CD500001F006F8294600F097FE83465146384612
:10CD600000F000FF594601F027F906D20025206D9A
:10CD700000F0F6FF014638462CE00125284600F079
:10CD8000EFFF82465146584600F0ECFE07460099F8
:10CD900001F012F82CD8206D00F0E2FF064639466B
:10CDA00001F03EF800F0BCFF00F0F2FF314600F069
:10CDB000D9FE514601F034F8594601F02EF90646E5
:10CDC000494601F0F9F809D24546404600F0C8FF4F
:10CDD0000146584600F0C6FE07460CE016F0FF4F2D
:10CDE00009D04946304600F0E7FF01D2B146A846D7
:10CDF0006D1C002DC2DCE565A7652566206D00F081
:10CE0000AFFF394601F00CF8BDE8F84F00F088BFDD
:10CE100000247449406C0068406A70477CB5446CDB
:10CE20006FF49050C14215D101A968461568FBF70F
:10CE30003EFAF7F72DFD00994843B0FBF5F0216865
:10CE400080B2401E88622068416941F00101416161
:10CE500000207CBD6FF009007CBD7CB50546002933
:10CE600032D001A968466C6CFBF721FAF7F710FD88
:10CE70000099484342F21071B0FBF1F0401E60602F
:10CE8000491E0020C4E90310E96C097B01291CD06C
:10CE90001021A1606061A0612046F7F7ABFF002878
:10CEA00012D115F9B00F00220321F7F72BFB95F9EA
:10CEB0000000F7F71AFB21686FF001000861206895
:10CEC000016841F0040101607CBDA060E2E770B53B
:10CED000406C002405686C620368491ED962C16019
:10CEE0000168012A0A6809D022F008020A60F7F7EF
:10CEF000CFFF08B14FF0FF34204670BD42F008026A
:10CF0000F4E710B5446C2046F7F7EEFF21680020E7
:10CF1000486210BD10B5044606A0FAF7E3F9022CEA
:10CF200003DD05A0FAF7DEF901E0FAF759FF00206A
:10CF300010BD00000D0A00000A5B746F705D207464
:10CF40006F6F206D616E7920617267756D656E74AB
:10CF5000730D0A00F8B5A0F1D804054621680868E9
:10CF6000C043800608D4C868800605D52846BDE8B9
:10CF7000F8400121FCF796BFB4F8D40018B3086854
:10CF8000C043C0061FD4C868C0061CD5F3F780F99B
:10CF9000A26C0146286D5268C0F38F20801AD4F825
:10CFA0008C20C4F88C00861A0846F3F775F92EB168
:10CFB000032000EB06212846FCF774FF2068016877
:10CFC00040680090F8BD08686FF0400640060BD539
:10CFD000C868400608D5288C000502D52046F8F719
:10CFE00039FA20680660F8BD0868C043000702D41B
:10CFF0000868486800900868C043400702D4086881
:10D00000486800900868C043800702D408684868F0
:10D0100000900868C043C00702D1086848680090C3
:10D020000868C043C00502D46FF4807008602068AF
:10D030000168C943890502D46FF40071016020685A
:10D040000168C943090602D46FF0800101602068BD
:10D050000168C943490600D4066020680168C943D5
:10D060008906C0D46FF020010160F8BD4FF0FF3297
:10D0700040B1416931B10021C0E90211016919B122
:10D080000120704710467047014949680847000071
:10D090006006002010B5D0E9024054405840029983
:10D0A000044302D00120087010BD00200870401E0B
:10D0B00010BD00002DE9F04190460D4604004FF0F0
:10D0C000FF3707D0206928B10B4E01212046B268F6
:10D0D000904710B13846BDE8F081D4E90201C5E9B6
:10D0E0000001404662686169F3F734FBF16820464D
:10D0F00088470120EFE700006006002008B50548DA
:10D100000090054B054A0649064800F00DF800203E
:10D1100008BD00005782000881820008958200083F
:10D120005D820008AB82000810B5024C84E80F0055
:10D1300010BD0000600600202DE9F0410E460400FD
:10D140004FF0FF3704D00B4D0121AA68904710B172
:10D150003846BDE8F08128688047C4E902013146BD
:10D1600062686069F3F7F6FAE968204688470120AB
:10D17000EFE7000060060020002001467047000035
:10D1800070B56FF4E0501B4C091820D004F14C002E
:10D190004FF0FF35012907D0032902D0042921D1FE
:10D1A0001DE0F7F749F922E0116849F64042514382
:10D1B000090A6165B1F5805F02D36FF0090070BDA7
:10D1C000B4F8581099B1F7F70BF958B90FE0606D42
:10D1D00049F640410002B0FBF1F0106007E0F7F7BC
:10D1E000FFF808B1284670BD0120A4F858000020BF
:10D1F00070BD0000740A00200020704738B505207B
:10D20000009016A0FFF72EFD154C206070B1FFF7BF
:10D210002BFD6A4641F602412068FFF721FD40B12F
:10D220000EA110A0FDF7E8F8012038BD0BA113A056
:10D23000F8E7002241F605412068FFF711FD0400E0
:10D2400006D006A112A0FDF7D7F84FF0FF3038BD89
:10D250001448FEF7E5FA204638BD000077647400F4
:10D260001C0400207365742025732074696D656F3C
:10D270007574206661696C6564210A0066696E6474
:10D28000202573206661696C6564210A0000000036
:10D290007374617274202573206661696C65642102
:10D2A0000A000000857C000810B500290AD0087823
:10D2B000002807D005487844F3F7EAFA002801D09F
:10D2C000002010BD0248784410BD0000AA180000DC
:10D2D000A218000010B500290AD00878002807D04D
:10D2E00005487844F3F7D4FA002801D0002010BD97
:10D2F0000248784410BD00008E1900008619000015
:10D3000021F00042A2F16052B2F5801F01F000430B
:10D3100028BFD2F17F6C0BD95FEA001C43EAC2023E
:10D3200042EB507018BF704728BF20F001007047D3
:10D33000B2F5801FBCBF184670474FEA410C1CF580
:10D34000001F02D2084600F032BE70B500F028FA85
:10D3500000000089FFF7F6BF4FF00040A0F5800005
:10D360007047000010B591EA030F48BF83F00043F7
:10D3700000F1A882841A71EB030C05D2121943EB59
:10D380000C03001B61EB0C01DFF824E14FEA1154A0
:10D39000A4EB135C1EEA430F18BF9EEA445F73D0F0
:10D3A00023EA0E03DCF1200E21EA045143F480133A
:10D3B00032D322FA0CFE10EB0E0023FA0CFE41EBE6
:10D3C0000E01CCF1200E03FA0EFE10EB0E0051F10F
:10D3D0000001B1F5801FCCF1200E32D201EB0451D7
:10D3E00012FA0EF2BDE8104058BF7047401C38BF1B
:10D3F0005FEA420218BF7047002814BF20F0010006
:10D4000041F100014FEA410313F5001F38BF704797
:10D41000A1F1C04100F012BA012A43EB0302ACF1C2
:10D42000200CDCF11F0E32BF4FF0000E23FA0CF37C
:10D4300010EB030041EB0451B4EB115FD0D0A1EB32
:10D44000045101F5801149085FEA300001EB0451F5
:10D450000ED350F1000038BF12FA0EFE08D1BDE81D
:10D460001040C9E7401C38BF5FEA4202CAD1C3E797
:10D47000BDE810404FEA410313F5001F38BF704765
:10D48000A1F1C04100F0DAB99EEA445F08D011EA88
:10D490005E0FBDE8104004BF01F00041002070475E
:10D4A000BDE8104070B500F07BF900BF64FBBE3EE4
:10D4B0000000E0FF02494FF0000000F032BE00BF64
:10D4C0000000F87F491058BFC1F140415B1058BFC0
:10D4D000C3F140438B42EFF30080704751EA030CE5
:10D4E00017D41CF5801F58BFBCF5801F00F10680C3
:10D4F000994218BF704708BF9042704707D711F58F
:10D50000801F58BF13F5801F19D499427047894274
:10D5100070471CF5801F08D5BCF5801FF7D58B42DE
:10D5200018BF704708BF824270474FF4001C1CEBC5
:10D53000410F38BF1CEB430F01D28B42704770B5CF
:10D5400000F02EF9922449004FF000514FF0805323
:10D55000FFF7B8BF4FEA1153A3F58063D3F11E0361
:10D56000A8BFD3F1200C08DB4FF0004242EAC122F1
:10D5700052EA505232FA03F0704709420BD4102B92
:10D58000C4BF0020704703F5787CBCF1FF3F05D095
:10D590004FF0FF3070474FF00000704770B500F05B
:10D5A000FFF800BF4992248000207047F0E7B0FAEE
:10D5B00080F310FA03F10AD0C3F11D0303F5806371
:10D5C0004FEA41504FEA035202EBD12170474FF02E
:10D5D0000000704751EA030C17D41CF5801F58BF98
:10D5E000BCF5801F00F10680994218BF704708BF44
:10D5F0009042704707D711F5801F58BF13F5801F61
:10D6000019D499427047894270471CF5801F08D58C
:10D61000BCF5801FF7D58B4218BF704708BF824208
:10D6200070474FF4001C1CEB410F38BF1CEB430F3D
:10D6300001D28B42704770B500F0B2F892244900D5
:10D640004FF000514FF08053FFF73CBFDFF848C167
:10D6500070B51CEA111E1EBF1CEA13159EEA0C0FC2
:10D6600095EA0C0F00F06F8081EA030423EA4C1363
:10D670004EEAD47E21EA4C1141F4801143F4801328
:10D68000AE44A1FB024CA0FB0365AEF17F7E3619D0
:10D6900055EB0C05A1FB034C4CF10003A0FB021C55
:10D6A00016EB0C06654153F10003094218BF46F022
:10D6B000010613F4007F0BD14FEA03314FEA053026
:10D6C000340341EA155140EA16506FF003020AE0B4
:10D6D0004FEAC3214FEAC520F40241EA555140EA1E
:10D6E00056506FF0020202EB2E4201EB025585EA22
:10D6F000CE710AD05FEA440C18BF24F0004450F108
:10D70000000041F1000120EAD47040F2FE7C624545
:10D7100000D270BDA84214BF4FF080444FF0404487
:10D72000002E08BF0024BEF1806FA8BFA1F1C04148
:10D73000BDE8704080F282804FF0000001F1C041EE
:10D7400001F0004170479EEA0C0F0CEA131518BF58
:10D7500095EA0C0F06D04FF0000081EA030E0EF0A0
:10D76000004170BD00F01CF88900013E00F007B8D0
:10D7700000F009B84FEA430C5FEA5C5C08D081EA2C
:10D78000030100F05BB84FEA410C5FEA5C5CF6D144
:10D790004FF00000014970470000FF070000F87FCC
:10D7A0000EF1020E2EF0030E5EF8046B364205D425
:10D7B000012A43EB030515F5001F12D8012841EBA0
:10D7C000010C1CF5001F0CD80ED14FEAD17C15F5C9
:10D7D000001F0CEB4C0C0CF1020C08BF4CEBD37C83
:10D7E00004E04FF0080C01E04FEAD37C0CEB4C0551
:10D7F00026FA05F606F00706B6F1040C06D20EEB83
:10D80000860CBDE870404CF0010C6047DFE80CF07E
:10D81000090B02024FF000414FF00000A1F500217A
:10D8200070BD19461046012851EB010418BFD4F50C
:10D83000001484BF002001F0004170BD0808A0F56D
:10D8400000114FEA3101704753EA010C17D41CF55F
:10D85000801F58BFBCF5801F00F106808B4218BFA7
:10D86000704708BF8242704707D713F5801F58BF23
:10D8700011F5801F19D48B4270479B4270471CF5ED
:10D88000801F08D5BCF5801FF7D5994218BF704797
:10D8900008BF904270474FF4001C1CEB430F38BF89
:10D8A0001CEB410F01D2994270470FB40CBC03BC72
:10D8B000FFF7C1BE10B591EA030F48BF83F00043E4
:10D8C0003FF558AD841A71EB030C07D212198CF096
:10D8D000004C43EB0C03001B61EB0C01DFF8A4E1EF
:10D8E0004FEA1154A4EB135C1EEA430F18BF9EEAE3
:10D8F000445F00F0B08023EA6E03524221EA0451F3
:10D90000C3EB6E0338BF5B1EDCF1200E25D322FA79
:10D910000CFE10EB0E0043FA0CFE41EB0E01CCF1B5
:10D92000200E03FA0EFE10EB0E0051F10001CCF1B7
:10D93000200E29D412FA0EF201EB0451BDE810407A
:10D9400058BF7047401C1CBFB2F1004F7047002801
:10D950000CBF491C20F00100704712EB020E43EB94
:10D96000030218BF4FF0010E4EEA4202ACF1200C48
:10D97000DCF11E0E54D943FA0CFE10EB0E0051F1EF
:10D98000FF31CCF11E0ED5D50EF1010E12FA0EFEAE
:10D99000404141EB010101EB445C5FEA5C5C10D962
:10D9A00010EBDE7001EB045138BFBEF1004FBDE853
:10D9B000104018BF704700280CBF491C20F0010020
:10D9C000704730D24FEAD42C11F5001124F40064D2
:10D9D0001BD0B1FA81F20B3AA41AA41ED2F1200393
:10D9E000914030FA03F31943904001EBCC71002CC5
:10D9F00001EB0451BDE81040A8BF704701F1C041E0
:10DA00004FF0000001F000417047B0FA80F310FAC7
:10DA100003F100D110BDE41A173C4805C90AE4E738
:10DA200001EB045110BD491001EB0451BDE8104059
:10DA30004FEA300002E04FF0000170474A0008BF93
:10DA40000042F8D0B2F5001F28BF704701F0004136
:10DA50004FF0000070479EEA445F07D011EA5E0F66
:10DA6000BDE8104004BF002100207047BDE8104011
:10DA700070B5FFF795FE00BF40DFF63E83F0004132
:10DA8000104670470000E0FF90EA010F48BF81F0A8
:10DA9000004100F1D482421A3CBF801A89184FEA33
:10DAA000D0524FF07F4C1CEA410FA2EBD15318BF6C
:10DAB0009CEA026F00F03B804FF0004C4CEA0020E3
:10DAC0004CEA012121FA03FC10EB0C0C1ED202F1EE
:10DAD000FF325FEA1C2040EBC25038BF70471CF099
:10DAE0007F0F4FEA400C18BFBCF17F4F38BF704723
:10DAF000C3F12003994008BF20F00100BCF17F4F23
:10DB000038BF7047A0F1C04000F051BA4FEA3C0066
:10DB1000000A40EBC25028BF1CF0FF0F4FEA400C38
:10DB2000E6D018BFBCF17F4F38BF7047EAE79CEAE8
:10DB3000026F05D010EA5C0F08BF00F0004070478C
:10DB400010B500F0EEF900BF64FBBE3E401058BFB8
:10DB5000C0F14040491058BFC1F140418142EFF34C
:10DB6000008070474FF47F0C1CEAD0121EBF1CEAE5
:10DB7000D11392EA0C0F93EA0C0F00F0858090EA23
:10DB8000010F48BF42F4807240F4000C41F40000E1
:10DB90002CF07F4120F07F4000B58142A2EB0302D0
:10DBA0000FF2081CACEB504EC0F100009EF800E0F4
:10DBB0004FEA4E0E00FB0EFC38BF49004FEA2C1C0A
:10DBC00002F5FA020CFB0EF34FEACE1E4FEA112CBF
:10DBD0004FEAC1210EEB635E42EB22420EFB0CFCCE
:10DBE0004FEA1C5300FB03114FEA112C4FEA01319D
:10DBF0000EFB0CFC4FEADC4C00FB0C11C14228BFB1
:10DC000009184CEB03335DF804EB10EB410143EBD7
:10DC1000C250B2F57C0F38BF704729D512F0F00F13
:10DC20001CBF00F1C04000F00040704700818283BB
:10DC30008485868788898B8C8D8E8F91929395961B
:10DC400097999A9C9D9FA0A2A3A5A7A8AAACAEB0A5
:10DC5000B2B3B5B7B9BCBEC0C2C5C7C9CCCED1D4AA
:10DC6000D7D9DCDFE2E6E9ECF0F3F7FAFE000000DA
:10DC70004FEA400C0CF1807CBCF17E4F28BF70470E
:10DC8000B0F1C04000F093B990EA010F0CEAD11353
:10DC900048BF42F48072624538BF634507D213F42F
:10DCA0007F0F16D080EA010000F00040704710B5E9
:10DCB00000F037F9097EFC3E00F005B880EA01006B
:10DCC00000F00040704780EA010000F0004000F0E2
:10DCD0006EB912F47F0F04BF0248704780EA01005A
:10DCE00000F065B90000C07F41000B0ED3F19E0229
:10DCF00008D950F400034FEA032323FA02F048BF87
:10DD00004042704710B500F00CF900BF49922480E2
:10DD1000002070476FF0004282EA20007047000048
:10DD2000C10DD1F19E0206DB4FEA002343F0004310
:10DD300023FA02F07047004207D54FEA4001B1F1E3
:10DD4000FE4F02D24FF00000704710B500F0E9F826
:10DD500049922480002070476FEA2000704700003D
:10DD600010F0004148BF4042B0FA80F310FA03F2CD
:10DD7000C3F19D030BD051EAC35101EB12205306AE
:10DD800038BF704700F1010008BF20F00100704764
:10DD9000B0FA80F310FA03F2C3F19D030AD0D9055B
:10DDA00001EB1220530638BF704700F1010008BF95
:10DDB00020F001007047000050EA010C00F11380D0
:10DDC0001CF5000F58BFBCF5000F01D48842704706
:10DDD00007D710F5000F58BF11F5000F15D4884272
:10DDE0007047894270471CF5000F04D5BCF5000F41
:10DDF000F7D5814270474FF0807C1CEB400F38BF55
:10DE00001CEB410F01D28142704710B500F089F838
:10DE1000922449004FF000504FF08051FFF796BE1A
:10DE20004FF47F0C1CEAD0121EBF1CEAD11392EAF9
:10DE30000C0F93EA0C0F00F0478090EA010F48BFE7
:10DE400042F480724FF0004C4CEA00204CEA012171
:10DE500002EB0302A0FB0113A2F50002002918BF88
:10DE600043F001035B0028BF4FEA330342EB224239
:10DE70005FEA132C4CEBC2502EBFBCEB436FB2F5E4
:10DE80007C0F70474FEA036CBCF1004F08BF20F0D5
:10DE90000100B2F57C0F38BF70470BD582F0FF024E
:10DEA00012F5803FC8BF704700F1C040D8BF00F0F6
:10DEB0000040704700F5000C5FEA4C0C48BF70470B
:10DEC000B0F1C04000F073B890EA010F0CEAD11332
:10DED00048BF42F48072624538BF634504D280EA8D
:10DEE000010000F00040704710B500F01AF800BFC4
:10DEF0008900013E00F007B800F009B85FEA410C64
:10DF00005FEA1C6C08D080EA010000F050B85FEABC
:10DF1000400C5FEA1C6CF6D14FF00040A0F5800089
:10DF200070470EF1020E2EF0030E5EF8044B2442F1
:10DF300004D44FEA4102B2F17F4F11D84FEA4003B7
:10DF4000B3F17F4F0CD80ED14FEAD07CB2F17F4FA6
:10DF50000CEB4C0C0CF1020C08BF4CEBD17C04E038
:10DF60004FF0080C01E04FEAD17C0CEB4C0324FA93
:10DF700003F404F00704B4F1040C06D20EEB840C95
:10DF8000BDE810404CF0010C6047DFE80CF00708DA
:10DF900002024FF00040A0F5800010BD084642008C
:10DFA00018BFD2F1807288BF00F0004010BDFF2181
:10DFB00041EAD050C005704751EA000C00F11380CF
:10DFC0001CF5000F58BFBCF5000F01D4814270470B
:10DFD00007D711F5000F58BF10F5000F15D4814277
:10DFE0007047894270471CF5000F04D5BCF5000F3F
:10DFF000F7D5884270474FF0807C1CEB410F38BF4B
:10E000001CEB400F01D28842704780EA010081EA90
:10E01000000180EA0100FFF7F8BE80F0004090EABE
:10E02000010F7FF538AD81F0004100F008B8000025
:10E0300090EA010F48BF81F000413FF52CAD421A34
:10E0400004D882F00042A0EB020011444FEAD05203
:10E050004FF07F4C1CEA410FA2EBD15318BF9CEA52
:10E06000026F4AD04FF0004C4CEA00204CEA0121EC
:10E0700021FA03FCB0EB0C0C0FD412F0FE0F36D0DB
:10E080005FEA4C001DD5001240EBC25038BF70470C
:10E090001CF03F0F18BF70470BE0A2F101025FEACE
:10E0A0001C2040EBC25038BF70471CF07F0F18BFD8
:10E0B0007047C3F12003994014BF401E20F00100B7
:10E0C000704780084FEA122308BF7047B0FA80FCFF
:10E0D000A2EB0C02CCF1280C60FA0CF093EA122FA0
:10E0E00004BF00EBC25070474FEAC3707047130A79
:10E0F0005FEADC1008BF7047F6E79CEA026F04D0C5
:10E1000010EA5C0F08BF0020704710B5FFF709FF49
:10E1100040DFF63E81F000407047F2F79ABDF3F71A
:10E120001FB90CF00F03092B08BF082000F05F8017
:10E130000A2B0BD0082B18BF704708BF1CF0400FEC
:10E140000AD04FF000004FF0000170471CF0400F64
:10E1500018BF4FF0004070471CF0100F08D020F09F
:10E16000704300F07F4242EAD3014FEA43707047A8
:10E1700000F0604021F07F4242EA000201F07F405F
:10E1800040EA727070474FF0FF0C4CF4E06C1CEAF0
:10E1900011531CBF9CEA030C9445C2BFDA4201EB49
:10E1A00002517047002B0DD0BCF1000F0FD0002A98
:10E1B00001F00041A4BF41F0E04141F07F614FF028
:10E1C0000000704701F000414FF00000704750EA36
:10E1D00001334FF09B0C18BF4CF0806C7FF46AA9A0
:10E1E0007047F3F71DBDF4F73DB9F4F7CBBA1CF453
:10E1F000801F11D01CF4E02F03D06FEACC3149000E
:10E2000070474FF04050EFF3008222F0704242EA34
:10E21000000282F3008870474FF000007047000052
:10E2200050E6000800E6000848E5000874E500082C
:10E2300098E5000844E50008CCE50008BCE50008C6
:10E24000B0E60008DCE50008D8E60008B8E60008FB
:10E25000C4E6000880E50008CCE600082CE60008CB
:10E26000A8E6000810E6000840E6000874E600088A
:10E2700064E60008F0E500088CE6000898E600086F
:10E28000A4E5000820E6000868E500085CE5000851
:10E29000B0E500088CE5000800C20100080001009C
:10E2A000535444494E005354444F5554005354441E
:10E2B00045525200C1C200083FC300083BC30008DA
:10E2C0008DC3000840420F000300270100350C00F9
:10E2D0000500240120A107000600270190D00300BB
:10E2E0000C00270148E8010018002701A086010062
:10E2F0001E00270150C300003C002701204E0000F3
:10E3000096002701102700002C0127013D6100081D
:10E31000E56100083D6800081567000840420F00ED
:10E3200010000000010000000000000000000000DC
:10E330004F69000855690008496900085B690008D1
:10E3400001000600020007000400080008000900A0
:10E3500010000A002000170040001700800017007E
:10E360000001170000021700000428000008280020
:10E37000001028000020280000402800008028000D
:10E38000F1CA000871CB00084DCB000869C800082D
:10E39000FDC80008A9C9000859C9000840420F007B
:10E3A000D0070000FFFF0000010000005BCE000866
:10E3B000CFCE000803CF000815CE00081DCE000800
:10E3C00000C201000800010039C40008DBC40008D5
:10E3D00095CB00089BC600087DC60008303132335B
:10E3E00034353637383961626364656600303132FE
:10E3F000333435363738394142434445460000000E
:10E4000000000000000001020304060708090000E4
:10E4100000000102030400000000000000000000F2
:10E4200000000000000000000000000000000000EC
:10E4300000000000000000000000000000000000DC
:10E440000000807F040000080000000000000002BF
:10E4500000010000100000000000000000000000AB
:10E46000303132333435363738394142434445460A
:10E470004030580030313233343536373839616204
:10E480006364656640307800303132333435363776
:10E4900038396162636465667870003031323334D4
:10E4A000353637383941424344454658500000001C
:10E4B00002400000000000A0000000000540000035
:10E4C000000000C8000000000C4000000000409C5C
:10E4D00000000000194000000020BCBE0000000049
:10E4E00034400000BFC91B8E00000004B54000008E
:10E4F000504BCFD06607E2CF010000006C41000016
:10E500003E8251AADFEEA73401000000D94200008C
:10E51000DCB5A0E23A301F97FFFFFFFFB4450000D3
:10E52000FD25A0C8E9A3C14FFFFFFFFFFF3F00008B
:10E530000000008000000000FF3F0000000000809D
:10E5400000000000525443004E6574776F726B20D8
:10E55000496E746572666163650000004441432042
:10E5600044657669636500004144432044657669EB
:10E57000636500004D54442044657669636500007E
:10E5800053504920446576696365000050574D201B
:10E59000446576696365000043414E2044657669B1
:10E5A00063650000574C414E204465766963650001
:10E5B0005744542044657669636500004772617072
:10E5C000686963204465766963650000536F756E02
:10E5D000642044657669636500000000555342205D
:10E5E000536C6176652044657669636500000000C0
:10E5F000546F7563682044657669636500000000A8
:10E60000426C6F636B2044657669636500000000AF
:10E61000506F7274616C2044657669636500000018
:10E6200050696E204465766963650000504D205046
:10E63000736575646F20446576696365000000004A
:10E6400054696D6572204465766963650000000059
:10E6500043686172616374657220446576696365BD
:10E660000000000053656E736F7220446576696325
:10E67000650000004D697363656C6C616E656F7554
:10E680007320446576696365000000005068792056
:10E6900044657669636500005365637572697479D2
:10E6A000204465766963650050697065000000006C
:10E6B0004932432042757300555342204F5447203E
:10E6C0004275730053504920427573005344494FBB
:10E6D000204275730000000055534220486F737448
:10E6E0002042757300000000252D2A2E73207072C1
:10E6F000692020737461747573202020202020739A
:10E70000702020202020737461636B2073697A6508
:10E71000206D61782075736564206C656674207463
:10E7200069636B20206572726F720D0A0000000031
:10E730000A20546F74616C2E2E73656E642E2E2E1B
:10E740007061636B616765733A20253031306C64AA
:10E750002E2044726F7065642E2E2E73656E642EAB
:10E760002E7061636B616765733A20253031306CC0
:10E77000642E0A0020506C65617365207573696EA4
:10E78000672025732063616E6E616D6578202E4869
:10E790006572652063616E6E616D652069732064CA
:10E7A0007269766572206E616D6520616E64207895
:10E7B0002069732063616E6472697665206E756D81
:10E7C0006265722E0A0000005061737369766520DD
:10E7D00021000000427573204F6666202100000072
:10E7E0005761726E696E6720210000004E6F2045F0
:10E7F00072726F72210000000A20546F74616C2ED7
:10E80000726563656976652E7061636B61676573B8
:10E810003A20253031306C642E2044726F7065646C
:10E820002E726563656976652E7061636B616765DD
:10E83000733A20253031306C642E00000A20416389
:10E840006B2E2E2E2E2E2E2E6572726F722E2E6332
:10E850006F756E743A20253031306C642E20426919
:10E86000742E2E2E2E2E2E6572726F722E2E2E2E3E
:10E87000636F756E743A20253031306C642E000061
:10E880000A20526563656976652E2E2E6572726F59
:10E89000722E2E636F756E743A20253031306C64A1
:10E8A0002E2053656E642E2E2E2E2E6572726F7280
:10E8B0002E2E2E2E636F756E743A20253031306CFB
:10E8C000642E00000A204269742E2E7061642E2E80
:10E8D0006572726F722E2E636F756E743A202530DA
:10E8E00031306C642E20466F726D61742E2E2E6551
:10E8F00072726F722E2E2E2E636F756E743A2025F3
:10E900003031306C6400000063616E310000000043
:10E9100074696D657234000070776D33000000001B
:10E9200075617274310000004F4B000045494E562E
:10E93000414C000045525346554C4C00454E4F4DFE
:10E94000454D000045494F004552524F52000000CE
:10E95000454E4F535953000045494E5452505400B0
:10E960004554494D4F55540045554E4B4E4F570059
:10E9700045425553590000004552534550545900E3
:10E98000636C695F636F6D6D616E6400636C695F7A
:10E99000726573706F6E736500000000637075754B
:10E9A000736167650000000073686F77206370759E
:10E9B0002075736167652070657263656E74616749
:10E9C0006500000064657669636500006C697374B6
:10E9D0002064657669636520696E20737973746558
:10E9E0006D00000066726565000000006C6973745C
:10E9F000206D656D706F6F6C000000007265626F56
:10EA00006F7400007265737461727420737973742B
:10EA1000656D0000746F70006C69737420746872A7
:10EA200065616420696E666F0000000068656C7047
:10EA300000000000636D64732068656C7000000066
:10EA4000636C6900636C6920636D6473000000008F
:10EA500063616E7374617400737461742063616EBA
:10EA60002064657669636520737461747573000052
:10EA70007069640070696420636F6D6D616E6420FD
:10EA8000696E746572666163650000004DBF0008C1
:10EA900045BF000895C30008E999000821C800088F
:10EAA000F1BE000841BF0008C1C60008B1CB000894
:10EAB000C9740008FDD000088D750008FDD100085C
:10EAC000A97400085D81000849BF00088CEC0008AB
:10EAD00000000020AC06000028010008B8ED000886
:10EAE000AC06002074110000840100080000000042
:10EAF0000000F07F9CE90008A8E90008997500086B
:10EB0000C4E90008CCE9000801760008E4E900083F
:10EB1000ECE90008857A0008FCE9000804EA00082E
:10EB2000C58C000814EA000818EA000815CF000890
:10EB30002CEA000834EA0008157C000840EA0008C6
:10EB400044EA00084170000850EA000858EA00084A
:10EB5000BD6E000870EA000874EA0008E58200084B
:10EB60001001000043000000F8FFFFFF004040409C
:10EB70004040404040404141414141404040404090
:10EB8000404040404040404040404040400502023C
:10EB900002020202020202020202020202202020FB
:10EBA0002020202020202002020202020202909057
:10EBB0009090909010101010101010101010101055
:10EBC00010101010101010100202020202028888A9
:10EBD00088888888080808080808080808080808B5
:10EBE000080808080808080802020202400000009D
:10EBF0000000000000000000000000000000000015
:10EC00000000000000000000000000000000000004
:10EC100000000000000000000000000000000000F4
:10EC200000000000000000000000000000000000E4
:10EC300000000000000000000000000000000000D4
:10EC400000000000000000000000000000000000C4
:10EC500000000000000000000000000000000000B4
:10EC600000000000000000000000000000000000A4
:10EC70001C00000043000000F8FFFFFF0C00000034
:10EC80000E0000000F0000002E000000011C021BFF
:10EC90000113ECE71B08E0041AC8041AD404510C51
:10ECA0001224014040490802110E1B08E938126481
:10ECB000B93401FF01517201A3FFFF09B20C0169D0
:10ECC0001208024440321E1310E91C0893775201C7
:10ECD0004C0A4404A0411A18A01A200411051F3838
:10ECE0000140251328042A200401201A28501A481C
:10ECF000041A60041A34041A78041A3C041A5004E2
:10ED00001A70041A44041A58041A2C042A687C0144
:10ED10001332011A986C2904329032021AA80C2975
:10ED200004322832031AB80C2904322C32041AC8CF
:10ED30000C2904292032051AD80C2904323832064D
:10ED40001AE80C2904324429751AF80C2904323CBB
:10ED50002A091412052A20043248320A1A180C29EA
:10ED60000432342A0CD8190C29040238303B24F41C
:10ED7000D8021F102B9A99014813E93F7B14AE4724
:10ED8000E17AEC3FFA7E6ABC7493783F180310C9AD
:10ED90003F49284A841854CC92405AA8084B6093A3
:10EDA00008018B1380E9F3089013200E1B208C18A8
:08EDB000E310041AB018C100C1
:04000005080000ED02
:00000001FF
